2022-10-21 22:28:09,小提琴
2022-10-21 22:29:07,小提琴
2022-10-21 22:31:07,架子鼓
2022-10-21 22:32:05,吉他
2022-10-21 22:34:01,贝斯
2022-10-21 22:32:05,吉他
2022-10-21 22:33:03,贝斯
2022-10-21 22:34:01,吉他
2022-10-21 22:34:59,钢琴
2022-10-21 22:35:57,贝斯
2022-10-21 22:36:55,钢琴
2022-10-21 22:37:53,小提琴
2022-10-21 22:38:51,钢琴
2022-10-21 22:39:49,小提琴
2022-10-21 22:40:47,吉他
2022-10-21 22:41:45,贝斯
2022-10-21 22:42:43,吉他
2022-10-21 22:43:41,吉他
2022-10-21 22:44:39,圆号
2022-10-21 22:45:37,钢琴
2022-10-21 22:46:35,小提琴
2022-10-21 22:47:33,贝斯
2022-10-21 22:48:31,钢琴
2022-10-21 22:49:29,贝斯
2022-10-21 22:50:27,萨克斯风
2022-10-21 22:51:25,小提琴
2022-10-21 22:52:23,钢琴
2022-10-21 22:53:21,吉他
2022-10-21 22:54:19,小提琴
2022-10-21 22:55:17,吉他
2022-10-21 22:56:15,钢琴
2022-10-21 22:57:13,钢琴
2022-10-21 22:58:11,架子鼓
2022-10-21 22:59:09,萨克斯风
2022-10-21 23:00:07,架子鼓
2022-10-21 23:01:05,竖琴
2022-10-21 23:02:03,贝斯
2022-10-21 23:03:01,吉他
2022-10-21 23:03:59,钢琴
2022-10-21 23:04:57,钢琴
2022-10-21 23:05:55,架子鼓
2022-10-21 23:06:53,贝斯
2022-10-21 23:07:51,钢琴
2022-10-21 23:08:49,竖琴
2022-10-21 23:09:47,小提琴
2022-10-21 23:10:45,贝斯
2022-10-21 23:11:43,贝斯
2022-10-21 23:12:41,钢琴
2022-10-21 23:13:39,钢琴
2022-10-21 23:14:37,钢琴
2022-10-21 23:15:35,圆号
2022-10-21 23:16:33,萨克斯风
2022-10-21 23:17:31,钢琴
2022-10-21 23:18:29,小提琴
2022-10-21 23:19:27,小提琴
2022-10-21 23:20:25,贝斯
2022-10-21 23:21:23,贝斯
2022-10-21 23:22:21,小提琴
2022-10-21 23:23:19,吉他
2022-10-21 23:24:17,贝斯
2022-10-21 23:25:15,小提琴
2022-10-21 23:26:13,贝斯
2022-10-21 23:27:11,贝斯
2022-10-21 23:28:09,吉他
2022-10-21 23:29:07,小提琴
2022-10-21 23:30:05,小提琴
2022-10-21 23:31:03,吉他
2022-10-21 23:32:01,贝斯
2022-10-21 23:32:59,小提琴
2022-10-21 23:33:57,吉他
2022-10-21 23:34:55,小提琴
2022-10-21 23:35:53,钢琴
2022-10-21 23:36:51,钢琴
2022-10-21 23:37:49,贝斯
2022-10-21 23:38:47,小提琴
2022-10-21 23:39:45,架子鼓
2022-10-21 23:40:43,圆号
2022-10-21 23:41:41,钢琴
2022-10-21 23:42:39,吉他
2022-10-21 23:43:37,吉他
2022-10-21 23:44:35,萨克斯风
2022-10-21 23:45:33,架子鼓
2022-10-21 23:46:31,吉他
2022-10-21 23:47:29,钢琴
2022-10-21 23:48:27,钢琴
2022-10-21 23:49:25,吉他
2022-10-21 23:50:23,小提琴
2022-10-21 23:51:21,架子鼓
2022-10-21 23:52:19,钢琴
2022-10-21 23:53:17,钢琴
2022-10-21 23:54:15,吉他
2022-10-21 23:55:13,小提琴
2022-10-21 23:56:11,贝斯
2022-10-21 23:57:09,小提琴
2022-10-21 23:58:07,贝斯
2022-10-21 23:59:05,吉他
2022-10-22 00:00:03,小提琴
2022-10-22 00:01:01,萨克斯风
2022-10-22 00:01:59,贝斯
2022-10-22 00:02:57,贝斯
2022-10-22 00:03:55,吉他
2022-10-22 00:04:53,贝斯
2022-10-22 00:05:51,萨克斯风
2022-10-22 00:06:49,架子鼓
2022-10-22 00:07:47,小提琴
2022-10-22 00:08:45,圆号
2022-10-22 00:09:43,吉他
2022-10-22 00:10:41,吉他
2022-10-22 00:11:39,小提琴
2022-10-22 00:12:37,小提琴
2022-10-22 00:13:35,小提琴
2022-10-22 00:14:33,吉他
2022-10-22 00:15:31,贝斯
2022-10-22 00:16:29,吉他
2022-10-22 00:17:27,钢琴
2022-10-22 00:18:25,钢琴
2022-10-22 00:19:23,架子鼓
2022-10-22 00:20:21,小提琴
2022-10-22 00:21:19,小提琴
2022-10-22 00:22:17,吉他
2022-10-22 00:23:15,吉他
2022-10-22 00:24:13,架子鼓
2022-10-22 00:25:11,吉他
2022-10-22 00:26:09,贝斯
2022-10-22 00:27:07,架子鼓
2022-10-22 00:28:05,架子鼓
2022-10-22 00:29:03,小提琴
2022-10-22 00:30:01,竖琴
2022-10-22 00:30:59,贝斯
2022-10-22 00:31:57,钢琴
2022-10-22 00:32:55,贝斯
2022-10-22 00:33:53,贝斯
2022-10-22 00:34:51,小提琴
2022-10-22 00:35:49,萨克斯风
2022-10-22 00:36:47,贝斯
2022-10-22 00:37:45,吉他
2022-10-22 00:38:43,小提琴
2022-10-22 00:39:41,小提琴
2022-10-22 00:40:39,贝斯
2022-10-22 00:41:37,钢琴
2022-10-22 00:42:35,小提琴
2022-10-22 00:43:33,吉他
2022-10-22 00:44:31,小提琴
2022-10-22 00:45:29,架子鼓
2022-10-22 00:46:27,吉他
2022-10-22 00:47:25,架子鼓
2022-10-22 00:48:23,小提琴
2022-10-22 00:49:21,萨克斯风
2022-10-22 00:50:19,吉他
2022-10-22 00:51:17,钢琴
2022-10-22 00:52:15,小提琴
2022-10-22 00:53:13,贝斯
2022-10-22 00:54:11,贝斯
2022-10-22 00:55:09,萨克斯风
2022-10-22 00:56:07,贝斯
2022-10-22 00:57:05,萨克斯风
2022-10-22 00:58:03,贝斯
2022-10-22 00:59:01,钢琴
2022-10-22 00:59:59,贝斯
2022-10-22 01:00:57,小提琴
2022-10-22 01:01:55,吉他
2022-10-22 01:02:53,萨克斯风
2022-10-22 01:03:51,架子鼓
2022-10-22 01:04:49,小提琴
2022-10-22 01:05:47,钢琴
2022-10-22 01:06:45,钢琴
2022-10-22 01:07:43,吉他
2022-10-22 01:08:41,贝斯
2022-10-22 01:09:39,架子鼓
2022-10-22 01:10:37,竖琴
2022-10-22 01:11:35,竖琴
2022-10-22 01:12:33,贝斯
2022-10-22 01:13:31,吉他
2022-10-22 01:14:29,钢琴
2022-10-22 01:15:27,钢琴
2022-10-22 01:16:25,贝斯
2022-10-22 01:17:23,萨克斯风
2022-10-22 01:18:21,小提琴
2022-10-22 01:19:19,小提琴
2022-10-22 01:20:17,钢琴
2022-10-22 01:21:15,吉他
2022-10-22 01:22:13,钢琴
2022-10-22 01:23:11,吉他
2022-10-22 01:24:09,小提琴
2022-10-22 01:25:07,钢琴
2022-10-22 01:26:05,贝斯
2022-10-22 01:27:03,小提琴
2022-10-22 01:28:01,吉他
2022-10-22 01:28:59,小提琴
2022-10-22 01:29:57,贝斯
2022-10-22 01:30:55,钢琴
2022-10-22 01:31:53,贝斯
2022-10-22 01:32:51,贝斯
2022-10-22 01:33:49,贝斯
2022-10-22 01:34:47,贝斯
2022-10-22 01:35:45,贝斯
2022-10-22 01:36:43,钢琴
2022-10-22 01:37:41,小提琴
2022-10-22 01:38:39,贝斯
2022-10-22 01:39:37,吉他
2022-10-22 01:40:35,贝斯
2022-10-22 01:41:33,贝斯
2022-10-22 01:42:31,竖琴
2022-10-22 01:43:29,架子鼓
2022-10-22 01:44:27,贝斯
2022-10-22 01:45:25,钢琴
2022-10-22 01:46:23,小提琴
2022-10-22 01:47:21,吉他
2022-10-22 01:48:19,贝斯
2022-10-22 01:49:17,钢琴
2022-10-22 01:50:15,吉他
2022-10-22 01:51:13,竖琴
2022-10-22 01:52:11,钢琴
2022-10-22 01:53:09,钢琴
2022-10-22 01:54:07,架子鼓
2022-10-22 01:55:05,架子鼓
2022-10-22 01:56:03,贝斯
2022-10-22 01:57:01,小提琴
2022-10-22 01:57:59,钢琴
2022-10-22 01:58:57,吉他
2022-10-22 01:59:55,钢琴
2022-10-22 02:00:53,贝斯
2022-10-22 02:01:51,贝斯
2022-10-22 02:02:49,小提琴
2022-10-22 02:03:47,吉他
2022-10-22 02:04:45,贝斯
2022-10-22 02:05:43,吉他
2022-10-22 02:06:41,架子鼓
2022-10-22 02:07:39,吉他
2022-10-22 02:08:37,小提琴
2022-10-22 02:09:35,小提琴
2022-10-22 02:10:33,吉他
2022-10-22 02:11:31,钢琴
2022-10-22 02:12:29,吉他
2022-10-22 02:13:27,吉他
2022-10-22 02:14:25,贝斯
2022-10-22 02:15:23,小提琴
2022-10-22 02:16:21,吉他
2022-10-22 02:17:19,竖琴
2022-10-22 02:18:17,吉他
2022-10-22 02:19:15,萨克斯风
2022-10-22 02:20:13,小提琴
2022-10-22 02:21:11,贝斯
2022-10-22 02:22:09,吉他
2022-10-22 02:23:07,吉他
2022-10-22 02:24:05,钢琴
2022-10-22 02:25:03,架子鼓
2022-10-22 02:26:01,吉他
2022-10-22 02:26:59,贝斯
2022-10-22 02:27:57,吉他
2022-10-22 02:28:55,小提琴
2022-10-22 02:29:53,贝斯
2022-10-22 02:30:51,钢琴
2022-10-22 02:31:49,吉他
2022-10-22 02:32:47,钢琴
2022-10-22 02:33:45,吉他
2022-10-22 02:34:43,小提琴
2022-10-22 02:35:41,贝斯
2022-10-22 02:36:39,贝斯
2022-10-22 02:37:37,钢琴
2022-10-22 02:38:35,小提琴
2022-10-22 02:39:33,吉他
2022-10-22 02:40:31,圆号
2022-10-22 02:41:29,小提琴
2022-10-22 02:42:27,钢琴
2022-10-22 02:43:25,竖琴
2022-10-22 02:44:23,小提琴
2022-10-22 02:45:21,贝斯
2022-10-22 02:46:19,小提琴
2022-10-22 02:47:17,小提琴
2022-10-22 02:48:15,架子鼓
2022-10-22 02:49:13,钢琴
2022-10-22 02:50:11,小提琴
2022-10-22 02:51:09,竖琴
2022-10-22 02:52:07,架子鼓
2022-10-22 02:53:05,贝斯
2022-10-22 02:54:03,竖琴
2022-10-22 02:55:01,架子鼓
2022-10-22 02:55:59,吉他
2022-10-22 02:56:57,贝斯
2022-10-22 02:57:55,小提琴
2022-10-22 02:58:53,贝斯
2022-10-22 02:59:51,贝斯
2022-10-22 03:00:49,架子鼓
2022-10-22 03:01:47,小提琴
2022-10-22 03:02:45,钢琴
2022-10-22 03:03:43,小提琴
2022-10-22 03:04:41,吉他
2022-10-22 03:05:39,贝斯
2022-10-22 03:06:37,吉他
2022-10-22 03:07:35,小提琴
2022-10-22 03:08:33,吉他
2022-10-22 03:09:31,贝斯
2022-10-22 03:10:29,架子鼓
2022-10-22 03:11:27,小提琴
2022-10-22 03:12:25,钢琴
2022-10-22 03:13:23,吉他
2022-10-22 03:14:21,贝斯
2022-10-22 03:15:19,小提琴
2022-10-22 03:16:17,架子鼓
2022-10-22 03:17:15,小提琴
2022-10-22 03:18:13,钢琴
2022-10-22 03:19:11,小提琴
2022-10-22 03:20:09,小提琴
2022-10-22 03:21:07,钢琴
2022-10-22 03:22:05,小提琴
2022-10-22 03:23:03,吉他
2022-10-22 03:24:01,小提琴
2022-10-22 03:24:59,架子鼓
2022-10-22 03:25:57,圆号
2022-10-22 03:26:55,钢琴
2022-10-22 03:27:53,贝斯
2022-10-22 03:28:51,钢琴
2022-10-22 03:29:49,吉他
2022-10-22 03:30:47,萨克斯风
2022-10-22 03:31:45,小提琴
2022-10-22 03:32:43,吉他
2022-10-22 03:33:41,小提琴
2022-10-22 03:34:39,吉他
2022-10-22 03:35:37,竖琴
2022-10-22 03:36:35,吉他
2022-10-22 03:37:33,钢琴
2022-10-22 03:38:31,架子鼓
2022-10-22 03:39:29,小提琴
2022-10-22 03:40:27,吉他
2022-10-22 03:41:25,竖琴
2022-10-22 03:42:23,吉他
2022-10-22 03:43:21,贝斯
2022-10-22 03:44:19,贝斯
2022-10-22 03:45:17,吉他
2022-10-22 03:46:15,架子鼓
2022-10-22 03:47:13,吉他
2022-10-22 03:48:11,架子鼓
2022-10-22 03:49:09,吉他
2022-10-22 03:50:07,架子鼓
2022-10-22 03:51:05,架子鼓
2022-10-22 03:52:03,吉他
2022-10-22 03:53:01,钢琴
2022-10-22 03:53:59,贝斯
2022-10-22 03:54:57,吉他
2022-10-22 03:55:55,贝斯
2022-10-22 03:56:53,贝斯
2022-10-22 03:57:51,吉他
2022-10-22 03:58:49,贝斯
2022-10-22 03:59:47,竖琴
2022-10-22 04:00:45,小提琴
2022-10-22 04:01:43,小提琴
2022-10-22 04:02:41,吉他
2022-10-22 04:03:39,竖琴
2022-10-22 04:04:37,贝斯
2022-10-22 04:05:35,吉他
2022-10-22 04:06:33,贝斯
2022-10-22 04:07:31,贝斯
2022-10-22 04:08:29,贝斯
2022-10-22 04:09:27,吉他
2022-10-22 04:10:25,贝斯
2022-10-22 04:11:23,贝斯
2022-10-22 04:12:21,钢琴
2022-10-22 04:13:19,吉他
2022-10-22 04:14:17,小提琴
2022-10-22 04:15:15,架子鼓
2022-10-22 04:16:13,架子鼓
2022-10-22 04:17:11,贝斯
2022-10-22 04:18:09,圆号
2022-10-22 04:19:07,贝斯
2022-10-22 04:20:05,吉他
2022-10-22 04:21:03,架子鼓
2022-10-22 04:22:01,贝斯
2022-10-22 04:22:59,贝斯
2022-10-22 04:23:57,吉他
2022-10-22 04:24:55,吉他
2022-10-22 04:25:53,贝斯
2022-10-22 04:26:51,贝斯
2022-10-22 04:27:49,贝斯
2022-10-22 04:28:47,小提琴
2022-10-22 04:29:45,小提琴
2022-10-22 04:30:43,吉他
2022-10-22 04:31:41,钢琴
2022-10-22 04:32:39,小提琴
2022-10-22 04:33:37,钢琴
2022-10-22 04:34:35,圆号
2022-10-22 04:35:33,钢琴
2022-10-22 04:36:31,小提琴
2022-10-22 04:37:29,小提琴
2022-10-22 04:38:27,贝斯
2022-10-22 04:39:25,吉他
2022-10-22 04:40:23,小提琴
2022-10-22 04:41:21,钢琴
2022-10-22 04:42:19,钢琴
2022-10-22 04:43:17,架子鼓
2022-10-22 04:44:15,贝斯
2022-10-22 04:45:13,贝斯
2022-10-22 04:46:11,贝斯
2022-10-22 04:47:09,贝斯
2022-10-22 04:48:07,吉他
2022-10-22 04:49:05,钢琴
2022-10-22 04:50:03,贝斯
2022-10-22 04:51:01,吉他
2022-10-22 04:51:59,贝斯
2022-10-22 04:52:57,吉他
2022-10-22 04:53:55,小提琴
2022-10-22 04:54:53,萨克斯风
2022-10-22 04:55:51,小提琴
2022-10-22 04:56:49,小提琴
2022-10-22 04:57:47,小提琴
2022-10-22 04:58:45,贝斯
2022-10-22 04:59:43,架子鼓
2022-10-22 05:00:41,钢琴
2022-10-22 05:01:39,贝斯
2022-10-22 05:02:37,吉他
2022-10-22 05:03:35,架子鼓
2022-10-22 05:04:33,小提琴
2022-10-22 05:05:31,吉他
2022-10-22 05:06:29,吉他
2022-10-22 05:07:27,吉他
2022-10-22 08:46:53,钢琴
2022-10-22 08:47:51,小提琴
2022-10-22 08:48:49,萨克斯风
2022-10-22 08:49:47,架子鼓
2022-10-22 08:50:45,贝斯
2022-10-22 08:51:43,贝斯
2022-10-22 08:52:41,贝斯
2022-10-22 08:53:39,竖琴
2022-10-22 08:54:37,钢琴
2022-10-22 08:55:35,吉他
2022-10-22 08:56:33,贝斯
2022-10-22 08:57:31,钢琴
2022-10-22 08:58:29,贝斯
2022-10-22 08:59:27,小提琴
2022-10-22 09:00:25,贝斯
2022-10-22 09:01:23,吉他
2022-10-22 09:02:21,竖琴
2022-10-22 09:03:19,竖琴
2022-10-22 09:04:17,贝斯
2022-10-22 09:05:15,贝斯
2022-10-22 09:06:13,小提琴
2022-10-22 09:07:11,贝斯
2022-10-22 09:08:09,钢琴
2022-10-22 09:09:07,圆号
2022-10-22 09:10:05,吉他
2022-10-22 09:11:03,贝斯
2022-10-22 09:12:01,钢琴
2022-10-22 09:12:59,架子鼓
2022-10-22 09:13:57,贝斯
2022-10-22 09:14:55,钢琴
2022-10-22 09:15:53,钢琴
2022-10-22 09:16:51,贝斯
2022-10-22 09:17:49,竖琴
2022-10-22 09:18:47,小提琴
2022-10-22 09:19:45,钢琴
2022-10-22 09:20:43,小提琴
2022-10-22 09:21:41,贝斯
2022-10-22 09:22:39,吉他
2022-10-22 09:23:37,架子鼓
2022-10-22 09:24:35,小提琴
2022-10-22 09:25:33,钢琴
2022-10-22 09:26:31,贝斯
2022-10-22 09:27:29,钢琴
2022-10-22 09:28:27,小提琴
2022-10-22 09:29:25,贝斯
2022-10-22 09:30:23,吉他
2022-10-22 09:31:21,小提琴
2022-10-22 09:32:19,贝斯
2022-10-22 09:33:17,架子鼓
2022-10-22 09:34:15,贝斯
2022-10-22 09:35:13,钢琴
2022-10-22 09:36:11,吉他
2022-10-22 09:37:09,钢琴
2022-10-22 09:38:07,钢琴
2022-10-22 09:39:05,吉他
2022-10-22 09:40:03,贝斯
2022-10-22 09:41:01,吉他
2022-10-22 09:41:59,贝斯
2022-10-22 09:42:57,钢琴
2022-10-22 09:43:55,贝斯
2022-10-22 09:44:53,贝斯
2022-10-22 09:45:51,小提琴
2022-10-22 09:46:49,贝斯
2022-10-22 09:47:47,小提琴
2022-10-22 09:48:45,吉他
2022-10-22 09:49:43,吉他
2022-10-22 09:50:41,小提琴
2022-10-22 09:51:39,小提琴
2022-10-22 09:52:37,钢琴
2022-10-22 09:53:35,吉他
2022-10-22 09:54:33,架子鼓
2022-10-22 09:55:31,钢琴
2022-10-22 09:56:29,小提琴
2022-10-22 09:57:27,吉他
2022-10-22 09:58:25,吉他
2022-10-22 09:59:23,贝斯
2022-10-22 10:00:21,吉他
2022-10-22 10:01:19,小提琴
2022-10-22 10:02:17,钢琴
2022-10-22 10:03:15,小提琴
2022-10-22 10:04:13,钢琴
2022-10-22 10:05:11,竖琴
2022-10-22 10:06:09,吉他
2022-10-22 10:07:07,吉他
2022-10-22 10:08:05,小提琴
2022-10-22 10:09:03,钢琴
2022-10-22 10:10:01,钢琴
2022-10-22 10:10:59,钢琴
2022-10-22 10:11:57,钢琴
2022-10-22 10:12:55,架子鼓
2022-10-22 10:13:53,钢琴
2022-10-22 10:14:51,吉他
2022-10-22 10:15:49,贝斯
2022-10-22 10:16:47,钢琴
2022-10-22 10:17:45,架子鼓
2022-10-22 10:18:43,钢琴
2022-10-22 10:19:41,竖琴
2022-10-22 10:20:39,贝斯
2022-10-22 10:21:37,钢琴
2022-10-22 10:22:35,贝斯
2022-10-22 10:23:33,小提琴
2022-10-22 10:24:31,架子鼓
2022-10-22 10:25:29,吉他
2022-10-22 10:26:27,贝斯
2022-10-22 10:27:25,竖琴
2022-10-22 10:28:23,小提琴
2022-10-22 10:29:21,贝斯
2022-10-22 10:30:19,小提琴
2022-10-22 10:31:17,钢琴
2022-10-22 10:32:15,贝斯
2022-10-22 10:33:13,小提琴
2022-10-22 10:34:11,小提琴
2022-10-22 10:35:09,小提琴
2022-10-22 10:36:07,小提琴
2022-10-22 10:37:05,吉他
2022-10-22 10:38:03,贝斯
2022-10-22 10:39:01,钢琴
2022-10-22 10:39:59,钢琴
2022-10-22 10:40:57,吉他
2022-10-22 10:41:55,钢琴
2022-10-22 10:42:53,小提琴
2022-10-22 10:43:51,贝斯
2022-10-22 10:44:49,吉他
2022-10-22 10:45:47,钢琴
2022-10-22 10:46:45,竖琴
2022-10-22 10:47:43,小提琴
2022-10-22 10:48:41,吉他
2022-10-22 10:49:39,吉他
2022-10-22 10:50:37,吉他
2022-10-22 10:51:35,贝斯
2022-10-22 10:52:33,吉他
2022-10-22 10:53:31,小提琴
2022-10-22 10:54:29,贝斯
2022-10-22 10:55:27,小提琴
2022-10-22 10:56:25,贝斯
2022-10-22 10:57:23,贝斯
2022-10-22 10:58:21,架子鼓
2022-10-22 10:59:19,钢琴
2022-10-22 11:00:17,架子鼓
2022-10-22 11:01:15,贝斯
2022-10-22 11:02:13,架子鼓
2022-10-22 11:03:11,吉他
2022-10-22 11:04:09,吉他
2022-10-22 11:05:07,钢琴
2022-10-22 11:06:05,小提琴
2022-10-22 11:07:03,贝斯
2022-10-22 11:08:01,小提琴
2022-10-22 11:08:59,圆号
2022-10-22 11:09:57,钢琴
2022-10-22 11:10:55,竖琴
2022-10-22 11:11:53,吉他
2022-10-22 11:12:51,吉他
2022-10-22 11:13:49,贝斯
2022-10-22 11:14:47,小提琴
2022-10-22 11:15:45,吉他
2022-10-22 11:16:43,竖琴
2022-10-22 11:17:41,钢琴
2022-10-22 11:18:39,钢琴
2022-10-22 11:19:37,架子鼓
2022-10-22 11:20:35,贝斯
2022-10-22 11:21:33,贝斯
2022-10-22 11:22:31,圆号
2022-10-22 11:23:29,钢琴
2022-10-22 11:24:27,钢琴
2022-10-22 11:25:25,吉他
2022-10-22 11:26:23,萨克斯风
2022-10-22 11:27:21,钢琴
2022-10-22 11:28:19,小提琴
2022-10-22 11:29:17,小提琴
2022-10-22 11:30:15,小提琴
2022-10-22 11:31:13,钢琴
2022-10-22 11:32:11,小提琴
2022-10-22 11:33:09,吉他
2022-10-22 11:34:07,贝斯
2022-10-22 11:35:05,钢琴
2022-10-22 11:36:03,小提琴
2022-10-22 11:37:01,钢琴
2022-10-22 11:37:59,吉他
2022-10-22 11:38:57,萨克斯风
2022-10-22 11:39:55,竖琴
2022-10-22 11:40:53,圆号
2022-10-22 11:41:51,小提琴
2022-10-22 11:42:49,小提琴
2022-10-22 11:43:47,小提琴
2022-10-22 11:44:45,贝斯
2022-10-22 11:45:43,钢琴
2022-10-22 11:46:41,小提琴
2022-10-22 11:47:39,架子鼓
2022-10-22 11:48:37,竖琴
2022-10-22 11:49:35,吉他
2022-10-22 11:50:33,贝斯
2022-10-22 11:51:31,竖琴
2022-10-22 11:52:29,小提琴
2022-10-22 11:53:27,吉他
2022-10-22 11:54:25,小提琴
2022-10-22 11:55:23,小提琴
2022-10-22 11:56:21,钢琴
2022-10-22 11:57:19,竖琴
2022-10-22 11:58:17,小提琴
2022-10-22 11:59:15,贝斯
2022-10-22 12:00:13,萨克斯风
2022-10-22 12:01:11,圆号
2022-10-22 12:02:09,吉他
2022-10-22 12:03:07,钢琴
2022-10-22 12:04:05,竖琴
2022-10-22 12:05:03,小提琴
2022-10-22 12:06:01,小提琴
2022-10-22 12:06:59,吉他
2022-10-22 12:07:57,贝斯
2022-10-22 12:08:55,吉他
2022-10-22 12:09:53,贝斯
2022-10-22 12:10:51,架子鼓
2022-10-22 12:11:49,贝斯
2022-10-22 12:12:47,竖琴
2022-10-22 12:13:45,竖琴
2022-10-22 12:14:43,贝斯
2022-10-22 12:15:41,萨克斯风
2022-10-22 12:16:39,贝斯
2022-10-22 12:17:37,钢琴
2022-10-22 12:18:35,钢琴
2022-10-22 12:19:33,贝斯
2022-10-22 12:20:31,竖琴
2022-10-22 12:21:29,钢琴
2022-10-22 12:22:27,圆号
2022-10-22 12:23:25,吉他
2022-10-22 12:24:23,吉他
2022-10-22 12:25:21,小提琴
2022-10-22 12:26:19,钢琴
2022-10-22 12:27:17,钢琴
2022-10-22 12:28:15,吉他
2022-10-22 12:29:13,钢琴
2022-10-22 12:30:11,萨克斯风
2022-10-22 12:31:09,钢琴
2022-10-22 12:32:07,架子鼓
2022-10-22 12:33:05,钢琴
2022-10-22 12:34:03,架子鼓
2022-10-22 12:35:01,钢琴
2022-10-22 12:35:59,钢琴
2022-10-22 12:36:57,贝斯
2022-10-22 12:37:55,架子鼓
2022-10-22 12:38:53,竖琴
2022-10-22 12:39:51,钢琴
2022-10-22 12:40:49,钢琴
2022-10-22 12:41:47,贝斯
2022-10-22 12:42:45,贝斯
2022-10-22 12:43:43,贝斯
2022-10-22 12:44:41,架子鼓
2022-10-22 12:45:39,钢琴
2022-10-22 12:46:37,钢琴
2022-10-22 12:47:35,吉他
2022-10-22 12:48:33,钢琴
2022-10-22 12:49:31,钢琴
2022-10-22 12:50:29,圆号
2022-10-22 12:51:27,小提琴
2022-10-22 12:52:25,吉他
2022-10-22 12:53:23,贝斯
2022-10-22 12:54:21,贝斯
2022-10-22 12:55:19,贝斯
2022-10-22 12:56:17,钢琴
2022-10-22 12:57:15,贝斯
2022-10-22 12:58:13,吉他
2022-10-22 12:59:11,小提琴
2022-10-22 13:00:09,钢琴
2022-10-22 13:01:07,钢琴
2022-10-22 13:02:05,吉他
2022-10-22 13:03:03,吉他
2022-10-22 13:04:01,贝斯
2022-10-22 13:04:59,小提琴
2022-10-22 13:05:57,钢琴
2022-10-22 13:06:55,吉他
2022-10-22 13:07:53,架子鼓
2022-10-22 13:08:51,钢琴
2022-10-22 13:09:49,小提琴
2022-10-22 13:10:47,小提琴
2022-10-22 13:11:45,竖琴
2022-10-22 13:12:43,小提琴
2022-10-22 13:13:41,小提琴
2022-10-22 13:14:39,架子鼓
2022-10-22 13:15:37,架子鼓
2022-10-22 13:16:35,小提琴
2022-10-22 13:17:33,贝斯
2022-10-22 13:18:31,钢琴
2022-10-22 13:19:29,贝斯
2022-10-22 13:20:27,吉他
2022-10-22 13:21:25,吉他
2022-10-22 13:22:23,吉他
2022-10-22 13:23:21,钢琴
2022-10-22 13:24:19,小提琴
2022-10-22 13:25:17,钢琴
2022-10-22 13:26:15,架子鼓
2022-10-22 13:27:13,吉他
2022-10-22 13:28:11,小提琴
2022-10-22 13:29:09,吉他
2022-10-22 13:30:07,贝斯
2022-10-22 13:31:05,小提琴
2022-10-22 13:32:03,贝斯
2022-10-22 13:33:01,小提琴
2022-10-22 13:33:59,吉他
2022-10-22 13:34:57,钢琴
2022-10-22 13:35:55,钢琴
2022-10-22 13:36:53,小提琴
2022-10-22 13:37:51,钢琴
2022-10-22 13:38:49,小提琴
2022-10-22 13:39:47,钢琴
2022-10-22 13:40:45,吉他
2022-10-22 13:41:43,小提琴
2022-10-22 13:42:41,架子鼓
2022-10-22 13:43:39,小提琴
2022-10-22 13:44:37,小提琴
2022-10-22 13:45:35,小提琴
2022-10-22 13:46:33,小提琴
2022-10-22 13:47:31,小提琴
2022-10-22 13:48:29,钢琴
2022-10-22 13:49:27,小提琴
2022-10-22 13:50:25,小提琴
2022-10-22 13:51:23,架子鼓
2022-10-22 13:52:21,小提琴
2022-10-22 13:53:19,吉他
2022-10-22 13:54:17,小提琴
2022-10-22 13:55:15,钢琴
2022-10-22 13:56:13,架子鼓
2022-10-22 13:57:11,吉他
2022-10-22 13:58:09,萨克斯风
2022-10-22 13:59:07,小提琴
2022-10-22 14:00:05,吉他
2022-10-22 14:01:03,贝斯
2022-10-22 14:02:01,钢琴
2022-10-22 14:02:59,竖琴
2022-10-22 14:03:57,圆号
2022-10-22 14:04:55,贝斯
2022-10-22 14:05:53,吉他
2022-10-22 14:06:51,吉他
2022-10-22 14:07:49,吉他
2022-10-22 14:08:47,钢琴
2022-10-22 14:09:45,钢琴
2022-10-22 14:10:43,贝斯
2022-10-22 14:11:41,贝斯
2022-10-22 14:12:39,贝斯
2022-10-22 14:13:37,贝斯
2022-10-22 14:14:35,钢琴
2022-10-22 14:15:33,贝斯
2022-10-22 14:16:31,架子鼓
2022-10-22 14:17:29,架子鼓
2022-10-22 14:18:27,贝斯
2022-10-22 14:19:25,吉他
2022-10-22 14:20:23,竖琴
2022-10-22 14:21:21,钢琴
2022-10-22 14:22:19,贝斯
2022-10-22 14:23:17,贝斯
2022-10-22 14:24:15,钢琴
2022-10-22 14:25:13,架子鼓
2022-10-22 14:26:11,钢琴
2022-10-22 14:27:09,吉他
2022-10-22 14:28:07,吉他
2022-10-22 14:29:05,架子鼓
2022-10-22 14:30:03,萨克斯风
2022-10-22 14:31:01,小提琴
2022-10-22 14:31:59,架子鼓
2022-10-22 14:32:57,钢琴
2022-10-22 14:33:55,架子鼓
2022-10-22 14:34:53,小提琴
2022-10-22 14:35:51,吉他
2022-10-22 14:36:49,架子鼓
2022-10-22 14:37:47,小提琴
2022-10-22 14:38:45,钢琴
2022-10-22 14:39:43,钢琴
2022-10-22 14:40:41,钢琴
2022-10-22 14:41:39,钢琴
2022-10-22 14:42:37,吉他
2022-10-22 14:43:35,吉他
2022-10-22 14:44:33,贝斯
2022-10-22 14:45:31,萨克斯风
2022-10-22 14:46:29,吉他
2022-10-22 14:47:27,吉他
2022-10-22 14:48:25,架子鼓
2022-10-22 14:49:23,钢琴
2022-10-22 14:50:21,钢琴
2022-10-22 14:51:19,贝斯
2022-10-22 14:52:17,贝斯
2022-10-22 14:53:15,小提琴
2022-10-22 14:54:13,吉他
2022-10-22 14:55:11,贝斯
2022-10-22 14:56:09,吉他
2022-10-22 14:57:07,吉他
2022-10-22 14:58:05,贝斯
2022-10-22 14:59:03,架子鼓
2022-10-22 15:00:01,小提琴
2022-10-22 15:00:59,贝斯
2022-10-22 15:01:57,小提琴
2022-10-22 15:02:55,吉他
2022-10-22 15:03:53,贝斯
2022-10-22 15:04:51,贝斯
2022-10-22 15:05:49,贝斯
2022-10-22 15:06:47,吉他
2022-10-22 15:07:45,小提琴
2022-10-22 15:08:43,圆号
2022-10-22 15:09:41,小提琴
2022-10-22 15:10:39,小提琴
2022-10-22 15:11:37,小提琴
2022-10-22 15:12:35,贝斯
2022-10-22 15:13:33,吉他
2022-10-22 15:14:31,吉他
2022-10-22 15:15:29,吉他
2022-10-22 15:16:27,架子鼓
2022-10-22 15:17:25,吉他
2022-10-22 15:18:23,小提琴
2022-10-22 15:19:21,钢琴
2022-10-22 15:20:19,竖琴
2022-10-22 15:21:17,贝斯
2022-10-22 15:22:15,贝斯
2022-10-22 15:23:13,贝斯
2022-10-22 15:24:11,钢琴
2022-10-22 15:25:09,圆号
2022-10-22 15:26:07,吉他
2022-10-22 15:27:05,小提琴
2022-10-22 15:28:03,架子鼓
2022-10-22 15:29:01,钢琴
2022-10-22 15:29:59,钢琴
2022-10-22 15:30:57,贝斯
2022-10-22 15:31:55,贝斯
2022-10-22 15:32:53,贝斯
2022-10-22 15:33:51,吉他
2022-10-22 15:34:49,钢琴
2022-10-22 15:35:47,贝斯
2022-10-22 15:36:45,小提琴
2022-10-22 15:37:43,架子鼓
2022-10-22 15:38:41,贝斯
2022-10-22 15:39:39,吉他
2022-10-22 15:40:37,架子鼓
2022-10-22 15:41:35,架子鼓
2022-10-22 15:42:33,贝斯
2022-10-22 15:43:31,小提琴
2022-10-22 15:44:29,架子鼓
2022-10-22 15:45:27,萨克斯风
2022-10-22 15:46:25,吉他
2022-10-22 15:47:23,钢琴
2022-10-22 15:48:21,架子鼓
2022-10-22 15:49:19,小提琴
2022-10-22 15:50:17,小提琴
2022-10-22 15:51:15,贝斯
2022-10-22 15:52:13,钢琴
2022-10-22 15:53:11,吉他
2022-10-22 15:54:09,贝斯
2022-10-22 15:55:07,吉他
2022-10-22 15:56:05,钢琴
2022-10-22 15:57:03,小提琴
2022-10-22 15:58:01,小提琴
2022-10-22 15:58:59,架子鼓
2022-10-22 15:59:57,架子鼓
2022-10-22 16:00:55,贝斯
2022-10-22 16:01:53,钢琴
2022-10-22 16:02:51,架子鼓
2022-10-22 16:03:49,钢琴
2022-10-22 16:04:47,钢琴
2022-10-22 16:05:45,贝斯
2022-10-22 16:06:43,吉他
2022-10-22 16:07:41,竖琴
2022-10-22 16:08:39,贝斯
2022-10-22 16:09:37,小提琴
2022-10-22 16:10:35,小提琴
2022-10-22 16:11:33,竖琴
2022-10-22 16:12:31,贝斯
2022-10-22 16:13:29,钢琴
2022-10-22 16:14:27,钢琴
2022-10-22 16:15:25,小提琴
2022-10-22 16:16:23,钢琴
2022-10-22 16:17:21,小提琴
2022-10-22 16:18:19,架子鼓
2022-10-22 16:19:17,架子鼓
2022-10-22 16:20:15,贝斯
2022-10-22 16:21:13,钢琴
2022-10-22 16:22:11,贝斯
2022-10-22 16:23:09,钢琴
2022-10-22 16:24:07,吉他
2022-10-22 16:25:05,小提琴
2022-10-22 16:26:03,钢琴
2022-10-22 16:27:01,钢琴
2022-10-22 16:27:59,架子鼓
2022-10-22 16:28:57,小提琴
2022-10-22 16:29:55,小提琴
2022-10-22 16:30:53,贝斯
2022-10-22 16:31:51,贝斯
2022-10-22 16:32:49,吉他
2022-10-22 16:33:47,钢琴
2022-10-22 16:34:45,钢琴
2022-10-22 16:35:43,圆号
2022-10-22 16:36:41,吉他
2022-10-22 16:37:39,架子鼓
2022-10-22 16:38:37,钢琴
2022-10-22 16:39:35,贝斯
2022-10-22 16:40:33,钢琴
2022-10-22 16:41:31,架子鼓
2022-10-22 16:42:29,钢琴
2022-10-22 16:43:27,小提琴
2022-10-22 16:44:25,贝斯
2022-10-22 16:45:23,贝斯
2022-10-22 16:46:21,小提琴
2022-10-22 16:47:19,钢琴
2022-10-22 16:48:17,钢琴
2022-10-22 16:49:15,贝斯
2022-10-22 16:50:13,小提琴
2022-10-22 16:51:11,贝斯
2022-10-22 16:52:09,吉他
2022-10-22 16:53:07,钢琴
2022-10-22 16:54:05,吉他
2022-10-22 16:55:03,小提琴
2022-10-22 16:56:01,架子鼓
2022-10-22 16:56:59,贝斯
2022-10-22 16:57:57,小提琴
2022-10-22 16:58:55,贝斯
2022-10-22 16:59:53,架子鼓
2022-10-22 17:00:51,贝斯
2022-10-22 17:01:49,小提琴
2022-10-22 17:02:47,贝斯
2022-10-22 17:03:45,吉他
2022-10-22 17:04:43,吉他
2022-10-22 17:05:41,小提琴
2022-10-22 17:06:39,贝斯
2022-10-22 17:07:37,钢琴
2022-10-22 17:08:35,贝斯
2022-10-22 17:09:33,吉他
2022-10-22 17:10:31,小提琴
2022-10-22 17:11:29,小提琴
2022-10-22 17:12:27,吉他
2022-10-22 17:13:25,钢琴
2022-10-22 17:14:23,钢琴
2022-10-22 17:15:21,贝斯
2022-10-22 17:16:19,架子鼓
2022-10-22 17:17:17,吉他
2022-10-22 17:18:15,钢琴
2022-10-22 17:19:13,钢琴
2022-10-22 17:20:11,贝斯
2022-10-22 17:21:09,吉他
2022-10-22 17:22:07,贝斯
2022-10-22 17:23:05,架子鼓
2022-10-22 17:24:03,小提琴
2022-10-22 17:25:01,小提琴
2022-10-22 17:25:59,钢琴
2022-10-22 17:26:57,萨克斯风
2022-10-22 17:27:55,钢琴
2022-10-22 17:28:53,钢琴
2022-10-22 17:29:51,吉他
2022-10-22 17:30:49,钢琴
2022-10-22 17:31:47,架子鼓
2022-10-22 17:32:45,钢琴
2022-10-22 17:33:43,小提琴
2022-10-22 17:34:41,钢琴
2022-10-22 17:35:39,小提琴
2022-10-22 17:36:37,小提琴
2022-10-22 17:37:35,钢琴
2022-10-22 17:38:33,钢琴
2022-10-22 17:39:31,钢琴
2022-10-22 17:40:29,小提琴
2022-10-22 17:41:27,吉他
2022-10-22 17:42:25,吉他
2022-10-22 17:43:23,吉他
2022-10-22 17:44:21,钢琴
2022-10-22 17:45:19,吉他
2022-10-22 17:46:17,小提琴
2022-10-22 17:47:15,贝斯
2022-10-22 17:48:13,钢琴
2022-10-22 17:49:11,架子鼓
2022-10-22 17:50:09,钢琴
2022-10-22 17:51:07,贝斯
2022-10-22 17:52:05,小提琴
2022-10-22 17:53:03,小提琴
2022-10-22 17:54:01,钢琴
2022-10-22 17:54:59,吉他
2022-10-22 17:55:57,小提琴
2022-10-22 17:56:55,吉他
2022-10-22 17:57:53,小提琴
2022-10-22 17:58:51,小提琴
2022-10-22 17:59:49,小提琴
2022-10-22 18:00:47,吉他
2022-10-22 18:01:45,吉他
2022-10-22 18:02:43,小提琴
2022-10-22 18:03:41,吉他
2022-10-22 18:04:39,小提琴
2022-10-22 18:05:37,小提琴
2022-10-22 18:06:35,小提琴
2022-10-22 18:07:33,贝斯
2022-10-22 18:08:31,贝斯
2022-10-22 18:09:29,小提琴
2022-10-22 18:10:27,小提琴
2022-10-22 18:11:25,钢琴
2022-10-22 18:12:23,钢琴
2022-10-22 18:13:21,竖琴
2022-10-22 18:14:19,竖琴
2022-10-22 18:15:17,吉他
2022-10-22 18:16:15,小提琴
2022-10-22 18:17:13,贝斯
2022-10-22 18:18:11,架子鼓
2022-10-22 18:19:09,钢琴
2022-10-22 18:20:07,钢琴
2022-10-22 18:21:05,竖琴
2022-10-22 18:22:03,贝斯
2022-10-22 18:23:01,贝斯
2022-10-22 18:23:59,贝斯
2022-10-22 18:24:57,吉他
2022-10-22 18:25:55,小提琴
2022-10-22 18:26:53,圆号
2022-10-22 18:27:51,小提琴
2022-10-22 18:28:49,贝斯
2022-10-22 18:29:47,架子鼓
2022-10-22 18:30:45,竖琴
2022-10-22 18:31:43,贝斯
2022-10-22 18:32:41,圆号
2022-10-22 18:33:39,吉他
2022-10-22 18:34:37,架子鼓
2022-10-22 18:35:35,小提琴
2022-10-22 18:36:33,小提琴
2022-10-22 18:37:31,贝斯
2022-10-22 18:38:29,钢琴
2022-10-22 18:39:27,吉他
2022-10-22 18:40:25,竖琴
2022-10-22 18:41:23,钢琴
2022-10-22 18:42:21,贝斯
2022-10-22 18:43:19,吉他
2022-10-22 18:44:17,小提琴
2022-10-22 18:45:15,吉他
2022-10-22 18:46:13,钢琴
2022-10-22 18:47:11,圆号
2022-10-22 18:48:09,钢琴
2022-10-22 18:49:07,吉他
2022-10-22 18:50:05,小提琴
2022-10-22 18:51:03,架子鼓
2022-10-22 18:52:01,钢琴
2022-10-22 18:52:59,钢琴
2022-10-22 18:53:57,贝斯
2022-10-22 18:54:55,小提琴
2022-10-22 18:55:53,钢琴
2022-10-22 18:56:51,贝斯
2022-10-22 18:57:49,贝斯
2022-10-22 18:58:47,贝斯
2022-10-22 18:59:45,架子鼓
2022-10-22 19:00:43,贝斯
2022-10-22 19:01:41,竖琴
2022-10-22 19:02:39,吉他
2022-10-22 19:03:37,贝斯
2022-10-22 19:04:35,钢琴
2022-10-22 19:05:33,小提琴
2022-10-22 19:06:31,钢琴
2022-10-22 19:07:29,吉他
2022-10-22 19:08:27,贝斯
2022-10-22 19:09:25,架子鼓
2022-10-22 19:10:23,架子鼓
2022-10-22 19:11:21,钢琴
2022-10-22 19:12:19,小提琴
2022-10-22 19:13:17,钢琴
2022-10-22 19:14:15,架子鼓
2022-10-22 19:15:13,小提琴
2022-10-22 19:16:11,钢琴
2022-10-22 19:17:09,贝斯
2022-10-22 19:18:07,小提琴
2022-10-22 19:19:05,贝斯
2022-10-22 19:20:03,贝斯
2022-10-22 19:21:01,贝斯
2022-10-22 19:21:59,小提琴
2022-10-22 19:22:57,贝斯
2022-10-22 19:23:55,贝斯
2022-10-22 19:24:53,小提琴
2022-10-22 19:25:51,吉他
2022-10-22 19:26:49,贝斯
2022-10-22 19:27:47,小提琴
2022-10-22 19:28:45,钢琴
2022-10-22 19:29:43,吉他
2022-10-22 19:30:41,小提琴
2022-10-22 19:31:39,钢琴
2022-10-22 19:32:37,贝斯
2022-10-22 19:33:35,钢琴
2022-10-22 19:34:33,小提琴
2022-10-22 19:35:31,贝斯
2022-10-22 19:36:29,小提琴
2022-10-22 19:37:27,吉他
2022-10-22 19:38:25,贝斯
2022-10-22 19:39:23,架子鼓
2022-10-22 19:40:21,钢琴
2022-10-22 19:41:19,吉他
2022-10-22 19:42:17,吉他
2022-10-22 19:43:15,圆号
2022-10-22 19:44:13,贝斯
2022-10-22 19:45:11,竖琴
2022-10-22 19:46:09,小提琴
2022-10-22 19:47:07,吉他
2022-10-22 19:48:05,贝斯
2022-10-22 19:49:03,小提琴
2022-10-22 19:50:01,圆号
2022-10-22 19:50:59,贝斯
2022-10-22 19:51:57,吉他
2022-10-22 19:52:55,架子鼓
2022-10-22 19:53:53,架子鼓
2022-10-22 19:54:51,架子鼓
2022-10-22 19:55:49,竖琴
2022-10-22 19:56:47,吉他
2022-10-22 19:57:45,吉他
2022-10-22 19:58:43,竖琴
2022-10-22 19:59:41,小提琴
2022-10-22 20:00:39,圆号
2022-10-22 20:01:37,架子鼓
2022-10-22 20:02:35,贝斯
2022-10-22 20:03:33,吉他
2022-10-22 20:04:31,贝斯
2022-10-22 20:05:29,圆号
2022-10-22 20:06:27,贝斯
2022-10-22 20:07:25,钢琴
2022-10-22 20:08:23,钢琴
2022-10-22 20:09:21,萨克斯风
2022-10-22 20:10:19,架子鼓
2022-10-22 20:11:17,钢琴
2022-10-22 20:12:15,小提琴
2022-10-22 20:13:13,小提琴
2022-10-22 20:14:11,架子鼓
2022-10-22 20:15:09,贝斯
2022-10-22 20:16:07,竖琴
2022-10-22 20:17:05,竖琴
2022-10-22 20:18:03,吉他
2022-10-22 20:19:01,钢琴
2022-10-22 20:19:59,小提琴
2022-10-22 20:20:57,小提琴
2022-10-22 20:21:55,小提琴
2022-10-22 20:22:53,吉他
2022-10-22 20:23:51,架子鼓
2022-10-22 20:24:49,小提琴
2022-10-22 20:25:47,钢琴
2022-10-22 20:26:45,吉他
2022-10-22 20:27:43,吉他
2022-10-22 20:28:41,吉他
2022-10-22 20:29:39,贝斯
2022-10-22 20:30:37,小提琴
2022-10-22 20:31:35,钢琴
2022-10-22 20:32:33,圆号
2022-10-22 20:33:31,吉他
2022-10-22 20:34:29,架子鼓
2022-10-22 20:35:27,小提琴
2022-10-22 20:36:25,钢琴
2022-10-22 20:37:23,钢琴
2022-10-22 20:38:21,钢琴
2022-10-22 20:39:19,贝斯
2022-10-22 20:40:17,小提琴
2022-10-22 20:41:15,小提琴
2022-10-22 20:42:13,吉他
2022-10-22 20:43:11,吉他
2022-10-22 20:44:09,小提琴
2022-10-22 20:45:07,钢琴
2022-10-22 20:46:05,架子鼓
2022-10-22 20:47:03,贝斯
2022-10-22 20:48:01,萨克斯风
2022-10-22 20:48:59,架子鼓
2022-10-22 20:49:57,贝斯
2022-10-22 20:50:55,架子鼓
2022-10-22 20:51:53,吉他
2022-10-22 20:52:51,钢琴
2022-10-22 20:53:49,贝斯
2022-10-22 20:54:47,钢琴
2022-10-22 20:55:45,钢琴
2022-10-22 20:56:43,小提琴
2022-10-22 20:57:41,贝斯
2022-10-22 20:58:39,钢琴
2022-10-22 20:59:37,小提琴
2022-10-22 21:00:35,贝斯
2022-10-22 21:01:33,架子鼓
2022-10-22 21:02:31,架子鼓
2022-10-22 21:03:29,贝斯
2022-10-22 21:04:27,小提琴
2022-10-22 21:05:25,竖琴
2022-10-22 21:06:23,吉他
2022-10-22 21:07:21,小提琴
2022-10-22 21:08:19,钢琴
2022-10-22 21:09:17,萨克斯风
2022-10-22 21:10:15,钢琴
2022-10-22 21:11:13,架子鼓
2022-10-22 21:12:11,贝斯
2022-10-22 21:13:09,小提琴
2022-10-22 21:14:07,贝斯
2022-10-22 21:15:05,吉他
2022-10-22 21:16:03,架子鼓
2022-10-22 21:17:01,钢琴
2022-10-22 21:17:59,架子鼓
2022-10-22 21:18:57,钢琴
2022-10-22 21:19:55,钢琴
2022-10-22 21:20:53,吉他
2022-10-22 21:21:51,贝斯
2022-10-22 21:22:49,钢琴
2022-10-22 21:23:47,吉他
2022-10-22 21:24:45,吉他
2022-10-22 21:25:43,吉他
2022-10-22 21:26:41,萨克斯风
2022-10-22 21:27:39,架子鼓
2022-10-22 21:28:37,钢琴
2022-10-22 21:29:35,吉他
2022-10-22 21:30:33,竖琴
2022-10-22 21:31:31,贝斯
2022-10-22 21:32:29,钢琴
2022-10-22 21:33:27,贝斯
2022-10-22 21:34:25,钢琴
2022-10-22 21:35:23,竖琴
2022-10-22 21:36:21,小提琴
2022-10-22 21:37:19,钢琴
2022-10-22 21:38:17,小提琴
2022-10-22 21:39:15,架子鼓
2022-10-22 21:40:13,小提琴
2022-10-22 21:41:11,竖琴
2022-10-22 21:42:09,吉他
2022-10-22 21:43:07,吉他
2022-10-22 21:44:05,钢琴
2022-10-22 21:45:03,架子鼓
2022-10-22 21:46:01,贝斯
2022-10-22 21:46:59,钢琴
2022-10-22 21:47:57,小提琴
2022-10-22 21:48:55,贝斯
2022-10-22 21:49:53,架子鼓
2022-10-22 21:50:51,钢琴
2022-10-22 21:51:49,小提琴
2022-10-22 21:52:47,贝斯
2022-10-22 21:53:45,钢琴
2022-10-22 21:54:43,小提琴
2022-10-22 21:55:41,吉他
2022-10-22 21:56:39,吉他
2022-10-22 21:57:37,小提琴
2022-10-22 21:58:35,小提琴
2022-10-22 21:59:33,吉他
2022-10-22 22:00:31,竖琴
2022-10-22 22:01:29,小提琴
2022-10-22 22:02:27,萨克斯风
2022-10-22 22:03:25,小提琴
2022-10-22 22:04:23,架子鼓
2022-10-22 22:05:21,吉他
2022-10-22 22:06:19,圆号
2022-10-22 22:07:17,贝斯
2022-10-22 22:08:15,竖琴
2022-10-22 22:09:13,贝斯
2022-10-22 22:10:11,小提琴
2022-10-22 22:11:09,钢琴
2022-10-22 22:12:07,小提琴
2022-10-22 22:13:05,贝斯
2022-10-22 22:14:03,钢琴
2022-10-22 22:15:01,吉他
2022-10-22 22:15:59,吉他
2022-10-22 22:16:57,吉他
2022-10-22 22:17:55,钢琴
2022-10-22 22:18:53,竖琴
2022-10-22 22:19:51,圆号
2022-10-22 22:20:49,吉他
2022-10-22 22:21:47,贝斯
2022-10-22 22:22:45,架子鼓
2022-10-22 22:23:43,吉他
2022-10-22 22:24:41,小提琴
2022-10-22 22:25:39,钢琴
2022-10-22 22:26:37,圆号
2022-10-22 22:27:35,小提琴
2022-10-22 22:28:33,小提琴
2022-10-22 22:29:31,贝斯
2022-10-22 22:30:29,萨克斯风
2022-10-22 22:31:27,贝斯
2022-10-22 22:32:25,圆号
2022-10-22 22:33:23,吉他
2022-10-22 22:34:21,萨克斯风
2022-10-22 22:35:19,贝斯
2022-10-22 22:36:17,贝斯
2022-10-22 22:37:15,架子鼓
2022-10-22 22:38:13,小提琴
2022-10-22 22:39:11,竖琴
2022-10-22 22:40:09,贝斯
2022-10-22 22:41:07,小提琴
2022-10-22 22:42:05,吉他
2022-10-22 22:43:03,小提琴
2022-10-22 22:44:01,钢琴
2022-10-22 22:44:59,钢琴
2022-10-22 22:45:57,小提琴
2022-10-22 22:46:55,吉他
2022-10-22 22:47:53,贝斯
2022-10-22 22:48:51,吉他
2022-10-22 22:49:49,贝斯
2022-10-22 22:50:47,架子鼓
2022-10-22 22:51:45,小提琴
2022-10-22 22:52:43,吉他
2022-10-22 22:53:41,架子鼓
2022-10-22 22:54:39,钢琴
2022-10-22 22:55:37,架子鼓
2022-10-22 22:56:35,贝斯
2022-10-22 22:57:33,钢琴
2022-10-22 22:58:31,贝斯
2022-10-22 22:59:29,钢琴
2022-10-22 23:00:27,贝斯
2022-10-22 23:01:25,贝斯
2022-10-22 23:02:23,吉他
2022-10-22 23:03:21,贝斯
2022-10-22 23:04:19,小提琴
2022-10-22 23:05:17,钢琴
2022-10-22 23:06:15,吉他
2022-10-22 23:07:13,贝斯
2022-10-22 23:08:11,小提琴
2022-10-22 23:09:09,吉他
2022-10-22 23:10:07,贝斯
2022-10-22 23:11:05,吉他
2022-10-22 23:12:03,小提琴
2022-10-22 23:13:01,萨克斯风
2022-10-22 23:13:59,吉他
2022-10-22 23:14:57,圆号
2022-10-22 23:15:55,贝斯
2022-10-22 23:16:53,吉他
2022-10-22 23:17:51,钢琴
2022-10-22 23:18:49,小提琴
2022-10-22 23:19:47,贝斯
2022-10-22 23:20:45,贝斯
2022-10-22 23:21:43,小提琴
2022-10-22 23:22:41,吉他
2022-10-22 23:23:39,竖琴
2022-10-22 23:24:37,小提琴
2022-10-22 23:25:35,架子鼓
2022-10-22 23:26:33,小提琴
2022-10-22 23:27:31,钢琴
2022-10-22 23:28:29,钢琴
2022-10-22 23:29:27,吉他
2022-10-22 23:30:25,架子鼓
2022-10-22 23:31:23,钢琴
2022-10-22 23:32:21,贝斯
2022-10-22 23:33:19,小提琴
2022-10-22 23:34:17,吉他
2022-10-22 23:35:15,架子鼓
2022-10-22 23:36:13,架子鼓
2022-10-22 23:37:11,小提琴
2022-10-22 23:38:09,小提琴
2022-10-22 23:39:07,架子鼓
2022-10-22 23:40:05,吉他
2022-10-22 23:41:03,贝斯
2022-10-22 23:42:01,圆号
2022-10-22 23:42:59,贝斯
2022-10-22 23:43:57,小提琴
2022-10-22 23:44:55,吉他
2022-10-22 23:45:53,吉他
2022-10-22 23:46:51,架子鼓
2022-10-22 23:47:49,吉他
2022-10-22 23:48:47,贝斯
2022-10-22 23:49:45,钢琴
2022-10-22 23:50:43,钢琴
2022-10-22 23:51:41,小提琴
2022-10-22 23:52:39,钢琴
2022-10-22 23:53:37,小提琴
2022-10-22 23:54:35,小提琴
2022-10-22 23:55:33,贝斯
2022-10-22 23:56:31,钢琴
2022-10-22 23:57:29,贝斯
2022-10-22 23:58:27,吉他
2022-10-22 23:59:25,吉他
2022-10-23 00:00:23,小提琴
2022-10-23 00:01:21,贝斯
2022-10-23 00:02:19,萨克斯风
2022-10-23 00:03:17,竖琴
2022-10-23 00:04:15,吉他
2022-10-23 00:05:13,贝斯
2022-10-23 00:06:11,贝斯
2022-10-23 00:07:09,贝斯
2022-10-23 00:08:07,小提琴
2022-10-23 00:09:05,吉他
2022-10-23 00:10:03,小提琴
2022-10-23 00:11:01,吉他
2022-10-23 00:11:59,钢琴
2022-10-23 00:12:57,吉他
2022-10-23 00:13:55,贝斯
2022-10-23 00:14:53,钢琴
2022-10-23 00:15:51,吉他
2022-10-23 00:16:49,吉他
2022-10-23 00:17:47,贝斯
2022-10-23 00:18:45,吉他
2022-10-23 00:19:43,架子鼓
2022-10-23 00:20:41,钢琴
2022-10-23 00:21:39,钢琴
2022-10-23 00:22:37,钢琴
2022-10-23 00:23:35,钢琴
2022-10-23 00:24:33,小提琴
2022-10-23 00:25:31,小提琴
2022-10-23 00:26:29,钢琴
2022-10-23 00:27:27,架子鼓
2022-10-23 00:28:25,贝斯
2022-10-23 00:29:23,贝斯
2022-10-23 00:30:21,钢琴
2022-10-23 00:31:19,架子鼓
2022-10-23 00:32:17,贝斯
2022-10-23 00:33:15,钢琴
2022-10-23 00:34:13,吉他
2022-10-23 00:35:11,钢琴
2022-10-23 00:36:09,竖琴
2022-10-23 00:37:07,贝斯
2022-10-23 00:38:05,小提琴
2022-10-23 00:39:03,小提琴
2022-10-23 00:40:01,架子鼓
2022-10-23 00:40:59,钢琴
2022-10-23 00:41:57,吉他
2022-10-23 00:42:55,贝斯
2022-10-23 00:43:53,小提琴
2022-10-23 00:44:51,钢琴
2022-10-23 00:45:49,萨克斯风
2022-10-23 00:46:47,钢琴
2022-10-23 00:47:45,钢琴
2022-10-23 00:48:43,钢琴
2022-10-23 00:49:41,小提琴
2022-10-23 00:50:39,钢琴
2022-10-23 00:51:37,小提琴
2022-10-23 00:52:35,吉他
2022-10-23 00:53:33,竖琴
2022-10-23 00:54:31,吉他
2022-10-23 00:55:29,萨克斯风
2022-10-23 00:56:27,贝斯
2022-10-23 00:57:25,小提琴
2022-10-23 00:58:23,贝斯
2022-10-23 00:59:21,萨克斯风
2022-10-23 01:00:19,萨克斯风
2022-10-23 01:01:17,钢琴
2022-10-23 01:02:15,吉他
2022-10-23 01:03:13,钢琴
2022-10-23 01:04:11,小提琴
2022-10-23 01:05:09,小提琴
2022-10-23 01:06:07,钢琴
2022-10-23 01:07:05,吉他
2022-10-23 01:08:03,圆号
2022-10-23 01:09:01,贝斯
2022-10-23 01:09:59,钢琴
2022-10-23 01:10:57,小提琴
2022-10-23 01:11:55,吉他
2022-10-23 01:12:53,钢琴
2022-10-23 01:13:51,贝斯
2022-10-23 01:14:49,架子鼓
2022-10-23 01:15:47,小提琴
2022-10-23 01:16:45,钢琴
2022-10-23 01:17:43,钢琴
2022-10-23 01:18:41,架子鼓
2022-10-23 01:19:39,架子鼓
2022-10-23 01:20:37,小提琴
2022-10-23 01:21:35,架子鼓
2022-10-23 01:22:33,架子鼓
2022-10-23 01:23:31,萨克斯风
2022-10-23 01:24:29,小提琴
2022-10-23 01:25:27,小提琴
2022-10-23 01:26:25,小提琴
2022-10-23 01:27:23,贝斯
2022-10-23 01:28:21,小提琴
2022-10-23 01:29:19,架子鼓
2022-10-23 01:30:17,钢琴
2022-10-23 01:31:15,贝斯
2022-10-23 01:32:13,吉他
2022-10-23 01:33:11,吉他
2022-10-23 01:34:09,钢琴
2022-10-23 01:35:07,吉他
2022-10-23 01:36:05,钢琴
2022-10-23 01:37:03,小提琴
2022-10-23 01:38:01,小提琴
2022-10-23 01:38:59,钢琴
2022-10-23 01:39:57,吉他
2022-10-23 01:40:55,圆号
2022-10-23 01:41:53,吉他
2022-10-23 01:42:51,贝斯
2022-10-23 01:43:49,架子鼓
2022-10-23 01:44:47,萨克斯风
2022-10-23 01:45:45,小提琴
2022-10-23 01:46:43,吉他
2022-10-23 01:47:41,钢琴
2022-10-23 01:48:39,竖琴
2022-10-23 01:49:37,架子鼓
2022-10-23 01:50:35,小提琴
2022-10-23 01:51:33,钢琴
2022-10-23 01:52:31,贝斯
2022-10-23 01:53:29,萨克斯风
2022-10-23 01:54:27,钢琴
2022-10-23 01:55:25,贝斯
2022-10-23 01:56:23,架子鼓
2022-10-23 01:57:21,钢琴
2022-10-23 01:58:19,吉他
2022-10-23 01:59:17,吉他
2022-10-23 02:00:15,钢琴
2022-10-23 02:01:13,竖琴
2022-10-23 02:02:11,贝斯
2022-10-23 02:03:09,贝斯
2022-10-23 02:04:07,钢琴
2022-10-23 02:05:05,吉他
2022-10-23 02:06:03,贝斯
2022-10-23 02:07:01,吉他
2022-10-23 02:07:59,圆号
2022-10-23 02:08:57,吉他
2022-10-23 02:09:55,钢琴
2022-10-23 02:10:53,吉他
2022-10-23 02:11:51,架子鼓
2022-10-23 02:12:49,贝斯
2022-10-23 02:13:47,钢琴
2022-10-23 02:14:45,贝斯
2022-10-23 02:15:43,吉他
2022-10-23 02:16:41,小提琴
2022-10-23 02:17:39,钢琴
2022-10-23 02:18:37,圆号
2022-10-23 02:19:35,钢琴
2022-10-23 02:20:33,贝斯
2022-10-23 02:21:31,圆号
2022-10-23 02:22:29,贝斯
2022-10-23 02:23:27,架子鼓
2022-10-23 02:24:25,贝斯
2022-10-23 02:25:23,钢琴
2022-10-23 02:26:21,架子鼓
2022-10-23 02:27:19,钢琴
2022-10-23 02:28:17,小提琴
2022-10-23 02:29:15,架子鼓
2022-10-23 02:30:13,吉他
2022-10-23 02:31:11,小提琴
2022-10-23 02:32:09,吉他
2022-10-23 02:33:07,架子鼓
2022-10-23 02:34:05,贝斯
2022-10-23 02:35:03,小提琴
2022-10-23 02:36:01,贝斯
2022-10-23 02:36:59,小提琴
2022-10-23 02:37:57,贝斯
2022-10-23 02:38:55,钢琴
2022-10-23 02:39:53,钢琴
2022-10-23 02:40:51,吉他
2022-10-23 02:41:49,架子鼓
2022-10-23 02:42:47,架子鼓
2022-10-23 02:43:45,架子鼓
2022-10-23 02:44:43,吉他
2022-10-23 02:45:41,小提琴
2022-10-23 02:46:39,贝斯
2022-10-23 02:47:37,小提琴
2022-10-23 02:48:35,贝斯
2022-10-23 02:49:33,萨克斯风
2022-10-23 02:50:31,小提琴
2022-10-23 02:51:29,小提琴
2022-10-23 02:52:27,竖琴
2022-10-23 02:53:25,吉他
2022-10-23 02:54:23,钢琴
2022-10-23 02:55:21,贝斯
2022-10-23 02:56:19,贝斯
2022-10-23 02:57:17,吉他
2022-10-23 02:58:15,贝斯
2022-10-23 02:59:13,吉他
2022-10-23 03:00:11,小提琴
2022-10-23 03:01:09,钢琴
2022-10-23 03:02:07,钢琴
2022-10-23 03:03:05,架子鼓
2022-10-23 03:04:03,吉他
2022-10-23 03:05:01,钢琴
2022-10-23 03:05:59,架子鼓
2022-10-23 03:06:57,钢琴
2022-10-23 03:07:55,钢琴
2022-10-23 03:08:53,贝斯
2022-10-23 03:09:51,架子鼓
2022-10-23 03:10:49,吉他
2022-10-23 03:11:47,小提琴
2022-10-23 03:12:45,吉他
2022-10-23 03:13:43,小提琴
2022-10-23 03:14:41,贝斯
2022-10-23 03:15:39,钢琴
2022-10-23 03:16:37,小提琴
2022-10-23 03:17:35,钢琴
2022-10-23 03:18:33,贝斯
2022-10-23 03:19:31,圆号
2022-10-23 03:20:29,贝斯
2022-10-23 03:21:27,钢琴
2022-10-23 03:22:25,小提琴
2022-10-23 03:23:23,吉他
2022-10-23 03:24:21,吉他
2022-10-23 03:25:19,贝斯
2022-10-23 03:26:17,小提琴
2022-10-23 03:27:15,小提琴
2022-10-23 03:28:13,钢琴
2022-10-23 03:29:11,架子鼓
2022-10-23 03:30:09,钢琴
2022-10-23 03:31:07,钢琴
2022-10-23 03:32:05,吉他
2022-10-23 03:33:03,钢琴
2022-10-23 03:34:01,架子鼓
2022-10-23 03:34:59,萨克斯风
2022-10-23 03:35:57,圆号
2022-10-23 03:36:55,钢琴
2022-10-23 03:37:53,贝斯
2022-10-23 03:38:51,贝斯
2022-10-23 03:39:49,钢琴
2022-10-23 03:40:47,吉他
2022-10-23 03:41:45,贝斯
2022-10-23 03:42:43,萨克斯风
2022-10-23 03:43:41,小提琴
2022-10-23 03:44:39,吉他
2022-10-23 03:45:37,架子鼓
2022-10-23 03:46:35,架子鼓
2022-10-23 03:47:33,贝斯
2022-10-23 03:48:31,吉他
2022-10-23 03:49:29,吉他
2022-10-23 03:50:27,钢琴
2022-10-23 03:51:25,钢琴
2022-10-23 03:52:23,吉他
2022-10-23 03:53:21,架子鼓
2022-10-23 03:54:19,钢琴
2022-10-23 03:55:17,吉他
2022-10-23 03:56:15,架子鼓
2022-10-23 03:57:13,钢琴
2022-10-23 03:58:11,钢琴
2022-10-23 03:59:09,吉他
2022-10-23 04:00:07,钢琴
2022-10-23 04:01:05,钢琴
2022-10-23 04:02:03,小提琴
2022-10-23 04:03:01,贝斯
2022-10-23 04:03:59,吉他
2022-10-23 04:04:57,吉他
2022-10-23 04:05:55,钢琴
2022-10-23 04:06:53,架子鼓
2022-10-23 04:07:51,架子鼓
2022-10-23 04:08:49,钢琴
2022-10-23 04:09:47,竖琴
2022-10-23 04:10:45,钢琴
2022-10-23 04:11:43,小提琴
2022-10-23 04:12:41,吉他
2022-10-23 04:13:39,钢琴
2022-10-23 04:14:37,竖琴
2022-10-23 04:15:35,贝斯
2022-10-23 04:16:33,圆号
2022-10-23 04:17:31,圆号
2022-10-23 04:18:29,小提琴
2022-10-23 04:19:27,架子鼓
2022-10-23 04:20:25,小提琴
2022-10-23 04:21:23,吉他
2022-10-23 04:22:21,钢琴
2022-10-23 04:23:19,小提琴
2022-10-23 04:24:17,吉他
2022-10-23 04:25:15,吉他
2022-10-23 04:26:13,小提琴
2022-10-23 04:27:11,竖琴
2022-10-23 04:28:09,小提琴
2022-10-23 04:29:07,吉他
2022-10-23 04:30:05,圆号
2022-10-23 04:31:03,架子鼓
2022-10-23 04:32:01,贝斯
2022-10-23 04:32:59,吉他
2022-10-23 04:33:57,吉他
2022-10-23 04:34:55,吉他
2022-10-23 04:35:53,贝斯
2022-10-23 04:36:51,吉他
2022-10-23 04:37:49,竖琴
2022-10-23 04:38:47,小提琴
2022-10-23 04:39:45,吉他
2022-10-23 04:40:43,小提琴
2022-10-23 04:41:41,贝斯
2022-10-23 04:42:39,小提琴
2022-10-23 04:43:37,吉他
2022-10-23 04:44:35,贝斯
2022-10-23 04:45:33,竖琴
2022-10-23 04:46:31,小提琴
2022-10-23 04:47:29,小提琴
2022-10-23 04:48:27,吉他
2022-10-23 09:14:17,贝斯
2022-10-23 09:15:15,钢琴
2022-10-23 09:17:11,架子鼓
2022-10-23 09:14:17,贝斯
2022-10-23 09:15:15,钢琴
2022-10-23 09:17:11,架子鼓
2022-10-23 09:14:17,贝斯
2022-10-23 09:15:15,钢琴
2022-10-23 09:17:11,架子鼓
2022-10-23 09:15:15,钢琴
2022-10-23 09:16:13,架子鼓
2022-10-23 09:17:11,吉他
2022-10-23 09:18:09,架子鼓
2022-10-23 09:19:07,小提琴
2022-10-23 09:20:05,小提琴
2022-10-23 09:21:03,小提琴
2022-10-23 09:22:01,钢琴
2022-10-23 09:22:59,吉他
2022-10-23 09:23:57,贝斯
2022-10-23 09:24:55,小提琴
2022-10-23 09:25:53,小提琴
2022-10-23 09:26:51,吉他
2022-10-23 09:27:49,贝斯
2022-10-23 09:28:47,钢琴
2022-10-23 09:29:45,小提琴
2022-10-23 09:30:43,吉他
2022-10-23 09:31:41,架子鼓
2022-10-23 09:32:39,贝斯
2022-10-23 09:33:37,贝斯
2022-10-23 09:34:35,钢琴
2022-10-23 09:35:33,吉他
2022-10-23 09:36:31,小提琴
2022-10-23 09:37:29,钢琴
2022-10-23 09:38:27,钢琴
2022-10-23 09:39:25,吉他
2022-10-23 09:40:23,吉他
2022-10-23 09:41:21,小提琴
2022-10-23 09:42:19,吉他
2022-10-23 09:43:17,吉他
2022-10-23 09:44:15,吉他
2022-10-23 09:45:13,竖琴
2022-10-23 09:46:11,小提琴
2022-10-23 09:47:09,贝斯
2022-10-23 09:48:07,贝斯
2022-10-23 09:49:05,圆号
2022-10-23 09:50:03,吉他
2022-10-23 09:51:01,钢琴
2022-10-23 09:51:59,小提琴
2022-10-23 09:52:57,贝斯
2022-10-23 09:53:55,贝斯
2022-10-23 09:54:53,架子鼓
2022-10-23 09:55:51,架子鼓
2022-10-23 09:56:49,吉他
2022-10-23 09:57:47,钢琴
2022-10-23 09:58:45,钢琴
2022-10-23 09:59:43,小提琴
2022-10-23 10:00:41,竖琴
2022-10-23 10:01:39,萨克斯风
2022-10-23 10:02:37,吉他
2022-10-23 10:03:35,贝斯
2022-10-23 10:04:33,钢琴
2022-10-23 10:05:31,贝斯
2022-10-23 10:06:29,钢琴
2022-10-23 10:07:27,小提琴
2022-10-23 10:08:25,贝斯
2022-10-23 10:09:23,吉他
2022-10-23 10:10:21,钢琴
2022-10-23 10:11:19,钢琴
2022-10-23 10:12:17,架子鼓
2022-10-23 10:13:15,小提琴
2022-10-23 10:14:13,吉他
2022-10-23 10:15:11,贝斯
2022-10-23 10:16:09,吉他
2022-10-23 10:17:07,贝斯
2022-10-23 10:18:05,钢琴
2022-10-23 10:19:03,贝斯
2022-10-23 10:20:01,贝斯
2022-10-23 10:20:59,贝斯
2022-10-23 10:21:57,钢琴
2022-10-23 10:22:55,钢琴
2022-10-23 10:23:53,贝斯
2022-10-23 10:24:51,小提琴
2022-10-23 10:25:49,小提琴
2022-10-23 10:26:47,贝斯
2022-10-23 10:27:45,吉他
2022-10-23 10:28:43,架子鼓
2022-10-23 10:29:41,竖琴
2022-10-23 10:30:39,钢琴
2022-10-23 10:31:37,贝斯
2022-10-23 10:32:35,小提琴
2022-10-23 10:33:33,贝斯
2022-10-23 10:34:31,小提琴
2022-10-23 10:35:29,吉他
2022-10-23 10:36:27,竖琴
2022-10-23 10:37:25,贝斯
2022-10-23 10:38:23,钢琴
2022-10-23 10:39:21,钢琴
2022-10-23 10:40:19,贝斯
2022-10-23 10:41:17,小提琴
2022-10-23 10:42:15,贝斯
2022-10-23 10:43:13,小提琴
2022-10-23 10:44:11,吉他
2022-10-23 10:45:09,贝斯
2022-10-23 10:46:07,吉他
2022-10-23 10:47:05,小提琴
2022-10-23 10:48:03,圆号
2022-10-23 10:49:01,吉他
2022-10-23 10:49:59,小提琴
2022-10-23 10:50:57,吉他
2022-10-23 10:51:55,钢琴
2022-10-23 10:52:53,架子鼓
2022-10-23 10:53:51,贝斯
2022-10-23 10:54:49,钢琴
2022-10-23 10:55:47,钢琴
2022-10-23 10:56:45,吉他
2022-10-23 10:57:43,钢琴
2022-10-23 10:58:41,萨克斯风
2022-10-23 10:59:39,圆号
2022-10-23 11:00:37,吉他
2022-10-23 11:01:35,贝斯
2022-10-23 11:02:33,小提琴
2022-10-23 11:03:31,贝斯
2022-10-23 11:04:29,小提琴
2022-10-23 11:05:27,竖琴
2022-10-23 11:06:25,圆号
2022-10-23 11:07:23,贝斯
2022-10-23 11:08:21,钢琴
2022-10-23 11:09:19,架子鼓
2022-10-23 11:10:17,贝斯
2022-10-23 11:11:15,贝斯
2022-10-23 11:12:13,吉他
2022-10-23 11:13:11,贝斯
2022-10-23 11:14:09,吉他
2022-10-23 11:15:07,吉他
2022-10-23 11:16:05,钢琴
2022-10-23 11:17:03,小提琴
2022-10-23 11:18:01,吉他
2022-10-23 11:18:59,竖琴
2022-10-23 11:19:57,萨克斯风
2022-10-23 11:20:55,小提琴
2022-10-23 11:21:53,贝斯
2022-10-23 11:22:51,萨克斯风
2022-10-23 11:23:49,小提琴
2022-10-23 11:24:47,架子鼓
2022-10-23 11:25:45,贝斯
2022-10-23 11:26:43,小提琴
2022-10-23 11:27:41,钢琴
2022-10-23 11:28:39,吉他
2022-10-23 11:29:37,吉他
2022-10-23 11:30:35,钢琴
2022-10-23 11:31:33,吉他
2022-10-23 11:32:31,吉他
2022-10-23 11:33:29,小提琴
2022-10-23 11:34:27,吉他
2022-10-23 11:35:25,小提琴
2022-10-23 11:36:23,萨克斯风
2022-10-23 11:37:21,架子鼓
2022-10-23 11:38:19,钢琴
2022-10-23 11:39:17,萨克斯风
2022-10-23 11:40:15,贝斯
2022-10-23 11:41:13,吉他
2022-10-23 11:42:11,钢琴
2022-10-23 11:43:09,小提琴
2022-10-23 11:44:07,钢琴
2022-10-23 11:45:05,钢琴
2022-10-23 11:46:03,钢琴
2022-10-23 11:47:01,架子鼓
2022-10-23 11:47:59,贝斯
2022-10-23 11:48:57,架子鼓
2022-10-23 11:49:55,小提琴
2022-10-23 11:50:53,钢琴
2022-10-23 11:51:51,贝斯
2022-10-23 11:52:49,贝斯
2022-10-23 11:53:47,吉他
2022-10-23 11:54:45,吉他
2022-10-23 11:55:43,吉他
2022-10-23 11:56:41,小提琴
2022-10-23 11:57:39,贝斯
2022-10-23 11:58:37,架子鼓
2022-10-23 11:59:35,小提琴
2022-10-23 12:00:33,钢琴
2022-10-23 12:01:31,吉他
2022-10-23 12:02:29,圆号
2022-10-23 12:03:27,贝斯
2022-10-23 12:04:25,竖琴
2022-10-23 12:05:23,小提琴
2022-10-23 12:06:21,钢琴
2022-10-23 12:07:19,竖琴
2022-10-23 12:08:17,钢琴
2022-10-23 12:09:15,架子鼓
2022-10-23 12:10:13,小提琴
2022-10-23 12:11:11,钢琴
2022-10-23 12:12:09,小提琴
2022-10-23 12:13:07,竖琴
2022-10-23 12:14:05,架子鼓
2022-10-23 12:15:03,吉他
2022-10-23 12:16:01,吉他
2022-10-23 12:16:59,圆号
2022-10-23 12:17:57,贝斯
2022-10-23 12:18:55,钢琴
2022-10-23 12:19:53,贝斯
2022-10-23 12:20:51,钢琴
2022-10-23 12:21:49,钢琴
2022-10-23 12:22:47,架子鼓
2022-10-23 12:23:45,吉他
2022-10-23 12:24:43,萨克斯风
2022-10-23 12:25:41,吉他
2022-10-23 12:26:39,贝斯
2022-10-23 12:27:37,圆号
2022-10-23 12:28:35,钢琴
2022-10-23 12:29:33,圆号
2022-10-23 12:30:31,吉他
2022-10-23 12:31:29,架子鼓
2022-10-23 12:32:27,吉他
2022-10-23 12:33:25,竖琴
2022-10-23 12:34:23,小提琴
2022-10-23 12:35:21,钢琴
2022-10-23 12:36:19,贝斯
2022-10-23 12:37:17,小提琴
2022-10-23 12:38:15,小提琴
2022-10-23 12:39:13,钢琴
2022-10-23 12:40:11,贝斯
2022-10-23 12:41:09,小提琴
2022-10-23 12:42:07,吉他
2022-10-23 12:43:05,小提琴
2022-10-23 12:44:03,贝斯
2022-10-23 12:45:01,钢琴
2022-10-23 12:45:59,萨克斯风
2022-10-23 12:46:57,吉他
2022-10-23 12:47:55,钢琴
2022-10-23 12:48:53,吉他
2022-10-23 12:49:51,小提琴
2022-10-23 12:50:49,贝斯
2022-10-23 12:51:47,贝斯
2022-10-23 12:52:45,钢琴
2022-10-23 12:53:43,贝斯
2022-10-23 12:54:41,吉他
2022-10-23 12:55:39,架子鼓
2022-10-23 12:56:37,竖琴
2022-10-23 12:57:35,贝斯
2022-10-23 12:58:33,钢琴
2022-10-23 12:59:31,架子鼓
2022-10-23 13:00:29,小提琴
2022-10-23 13:01:27,架子鼓
2022-10-23 13:02:25,小提琴
2022-10-23 13:03:23,吉他
2022-10-23 13:04:21,贝斯
2022-10-23 13:05:19,架子鼓
2022-10-23 13:06:17,贝斯
2022-10-23 13:07:15,钢琴
2022-10-23 13:08:13,小提琴
2022-10-23 13:09:11,架子鼓
2022-10-23 13:10:09,吉他
2022-10-23 13:11:07,吉他
2022-10-23 13:12:05,吉他
2022-10-23 13:13:03,吉他
2022-10-23 13:14:01,贝斯
2022-10-23 13:14:59,钢琴
2022-10-23 13:15:57,小提琴
2022-10-23 13:16:55,吉他
2022-10-23 13:17:53,萨克斯风
2022-10-23 13:18:51,吉他
2022-10-23 13:19:49,架子鼓
2022-10-23 13:20:47,吉他
2022-10-23 13:21:45,吉他
2022-10-23 13:22:43,圆号
2022-10-23 13:23:41,钢琴
2022-10-23 13:24:39,架子鼓
2022-10-23 13:25:37,小提琴
2022-10-23 13:26:35,架子鼓
2022-10-23 13:27:33,架子鼓
2022-10-23 13:28:31,吉他
2022-10-23 13:29:29,圆号
2022-10-23 13:30:27,贝斯
2022-10-23 13:31:25,竖琴
2022-10-23 13:32:23,钢琴
2022-10-23 13:33:21,吉他
2022-10-23 13:34:19,钢琴
2022-10-23 13:35:17,小提琴
2022-10-23 13:36:15,小提琴
2022-10-23 13:37:13,吉他
2022-10-23 13:38:11,小提琴
2022-10-23 13:39:09,吉他
2022-10-23 13:40:07,贝斯
2022-10-23 13:41:05,萨克斯风
2022-10-23 13:42:03,钢琴
2022-10-23 13:43:01,吉他
2022-10-23 13:43:59,吉他
2022-10-23 13:44:57,钢琴
2022-10-23 13:45:55,贝斯
2022-10-23 13:46:53,吉他
2022-10-23 13:47:51,小提琴
2022-10-23 13:48:49,钢琴
2022-10-23 13:49:47,吉他
2022-10-23 13:50:45,萨克斯风
2022-10-23 13:51:43,萨克斯风
2022-10-23 13:52:41,小提琴
2022-10-23 13:53:39,吉他
2022-10-23 13:54:37,吉他
2022-10-23 13:55:35,钢琴
2022-10-23 13:56:33,架子鼓
2022-10-23 13:57:31,钢琴
2022-10-23 13:58:29,钢琴
2022-10-23 13:59:27,小提琴
2022-10-23 14:00:25,贝斯
2022-10-23 14:01:23,贝斯
2022-10-23 14:02:21,小提琴
2022-10-23 14:03:19,贝斯
2022-10-23 14:04:17,钢琴
2022-10-23 14:05:15,贝斯
2022-10-23 14:06:13,钢琴
2022-10-23 14:07:11,钢琴
2022-10-23 14:08:09,小提琴
2022-10-23 14:09:07,竖琴
2022-10-23 14:10:05,竖琴
2022-10-23 14:11:03,架子鼓
2022-10-23 14:12:01,贝斯
2022-10-23 14:12:59,钢琴
2022-10-23 14:13:57,钢琴
2022-10-23 14:14:55,贝斯
2022-10-23 14:15:53,竖琴
2022-10-23 14:16:51,钢琴
2022-10-23 14:17:49,小提琴
2022-10-23 14:18:47,竖琴
2022-10-23 14:19:45,钢琴
2022-10-23 14:20:43,贝斯
2022-10-23 14:21:41,吉他
2022-10-23 14:22:39,小提琴
2022-10-23 14:23:37,小提琴
2022-10-23 14:24:35,竖琴
2022-10-23 14:25:33,小提琴
2022-10-23 14:26:31,小提琴
2022-10-23 14:27:29,吉他
2022-10-23 14:28:27,贝斯
2022-10-23 14:29:25,贝斯
2022-10-23 14:30:23,钢琴
2022-10-23 14:31:21,小提琴
2022-10-23 14:32:19,小提琴
2022-10-23 14:33:17,吉他
2022-10-23 14:34:15,贝斯
2022-10-23 14:35:13,吉他
2022-10-23 14:36:11,圆号
2022-10-23 14:37:09,钢琴
2022-10-23 14:38:07,贝斯
2022-10-23 14:39:05,钢琴
2022-10-23 14:40:03,钢琴
2022-10-23 14:41:01,贝斯
2022-10-23 14:41:59,贝斯
2022-10-23 14:42:57,小提琴
2022-10-23 14:43:55,小提琴
2022-10-23 14:44:53,贝斯
2022-10-23 14:45:51,贝斯
2022-10-23 14:46:49,贝斯
2022-10-23 14:47:47,架子鼓
2022-10-23 14:48:45,贝斯
2022-10-23 14:45:51,贝斯
2022-10-23 14:46:49,贝斯
2022-10-23 14:47:47,架子鼓
2022-10-23 14:48:45,贝斯
2022-10-23 14:49:43,吉他
2022-10-23 14:50:41,贝斯
2022-10-23 14:51:39,钢琴
2022-10-23 14:52:37,钢琴
2022-10-23 14:53:35,架子鼓
2022-10-23 14:54:33,钢琴
2022-10-23 14:55:31,竖琴
2022-10-23 14:56:29,钢琴
2022-10-23 14:57:27,小提琴
2022-10-23 14:58:25,吉他
2022-10-23 14:59:23,贝斯
2022-10-23 15:00:21,贝斯
2022-10-23 15:01:19,小提琴
2022-10-23 15:02:17,小提琴
2022-10-23 15:03:15,小提琴
2022-10-23 15:04:13,吉他
2022-10-23 15:05:11,钢琴
2022-10-23 15:06:09,钢琴
2022-10-23 15:07:07,吉他
2022-10-23 15:08:05,小提琴
2022-10-23 15:09:03,贝斯
2022-10-23 15:10:59,小提琴
2022-10-23 15:11:57,架子鼓
2022-10-23 15:12:55,吉他
2022-10-23 15:13:53,钢琴
2022-10-23 15:14:51,钢琴
2022-10-23 15:15:49,钢琴
2022-10-23 15:16:47,贝斯
2022-10-23 15:17:45,小提琴
2022-10-23 15:18:43,贝斯
2022-10-23 15:19:41,架子鼓
2022-10-23 15:20:39,贝斯
2022-10-23 15:21:37,小提琴
2022-10-23 15:22:35,贝斯
2022-10-23 15:23:33,钢琴
2022-10-23 15:24:31,小提琴
2022-10-23 15:25:29,钢琴
2022-10-23 15:26:27,吉他
2022-10-23 15:27:25,圆号
2022-10-23 15:28:23,钢琴
2022-10-23 15:29:21,贝斯
2022-10-23 15:30:19,贝斯
2022-10-23 15:31:17,吉他
2022-10-23 15:32:15,吉他
2022-10-23 15:33:13,萨克斯风
2022-10-23 15:34:11,小提琴
2022-10-23 15:35:09,吉他
2022-10-23 15:36:07,吉他
2022-10-23 15:37:05,钢琴
2022-10-23 15:38:03,吉他
2022-10-23 15:39:01,架子鼓
2022-10-23 15:39:59,贝斯
2022-10-23 15:40:57,吉他
2022-10-23 15:41:55,萨克斯风
2022-10-23 15:42:53,贝斯
2022-10-23 15:43:51,钢琴
2022-10-23 15:44:49,钢琴
2022-10-23 15:45:47,钢琴
2022-10-23 15:46:45,竖琴
2022-10-23 15:47:43,钢琴
2022-10-23 15:48:41,架子鼓
2022-10-23 15:49:39,钢琴
2022-10-23 15:50:37,小提琴
2022-10-23 15:51:35,小提琴
2022-10-23 15:52:33,吉他
2022-10-23 15:53:31,小提琴
2022-10-23 15:54:29,贝斯
2022-10-23 15:55:27,吉他
2022-10-23 15:56:25,贝斯
2022-10-23 15:57:23,架子鼓
2022-10-23 15:58:21,架子鼓
2022-10-23 15:59:19,贝斯
2022-10-23 16:00:17,小提琴
2022-10-23 16:01:15,吉他
2022-10-23 16:02:13,小提琴
2022-10-23 16:03:11,钢琴
2022-10-23 16:04:09,小提琴
2022-10-23 16:05:07,圆号
2022-10-23 16:06:05,贝斯
2022-10-23 16:07:03,贝斯
2022-10-23 16:08:01,贝斯
2022-10-23 16:08:59,贝斯
2022-10-23 16:09:57,萨克斯风
2022-10-23 16:10:55,吉他
2022-10-23 16:11:53,贝斯
2022-10-23 16:12:51,贝斯
2022-10-23 16:13:49,吉他
2022-10-23 16:14:47,吉他
2022-10-23 16:15:45,钢琴
2022-10-23 16:16:43,贝斯
2022-10-23 16:17:41,架子鼓
2022-10-23 16:18:39,吉他
2022-10-23 16:19:37,贝斯
2022-10-23 16:20:35,钢琴
2022-10-23 16:21:33,贝斯
2022-10-23 16:22:31,小提琴
2022-10-23 16:23:29,架子鼓
2022-10-23 16:24:27,吉他
2022-10-23 16:25:25,贝斯
2022-10-23 16:26:23,钢琴
2022-10-23 16:27:21,贝斯
2022-10-23 16:28:19,萨克斯风
2022-10-23 16:29:17,竖琴
2022-10-23 16:30:15,架子鼓
2022-10-23 16:31:13,钢琴
2022-10-23 16:32:11,架子鼓
2022-10-23 16:33:09,圆号
2022-10-23 16:34:07,钢琴
2022-10-23 16:35:05,钢琴
2022-10-23 16:36:03,小提琴
2022-10-23 16:37:01,吉他
2022-10-23 16:37:59,竖琴
2022-10-23 16:38:57,吉他
2022-10-23 16:39:55,吉他
2022-10-23 16:40:53,吉他
2022-10-23 16:41:51,小提琴
2022-10-23 16:42:49,小提琴
2022-10-23 16:43:47,吉他
2022-10-23 16:44:45,吉他
2022-10-23 16:45:43,架子鼓
2022-10-23 16:46:41,架子鼓
2022-10-23 16:47:39,贝斯
2022-10-23 16:48:37,小提琴
2022-10-23 16:49:35,吉他
2022-10-23 16:50:33,小提琴
2022-10-23 16:51:31,吉他
2022-10-23 16:52:29,吉他
2022-10-23 16:53:27,吉他
2022-10-23 16:54:25,钢琴
2022-10-23 16:55:23,吉他
2022-10-23 16:56:21,贝斯
2022-10-23 16:57:19,贝斯
2022-10-23 16:58:17,贝斯
2022-10-23 16:59:15,吉他
2022-10-23 17:00:13,架子鼓
2022-10-23 17:01:11,钢琴
2022-10-23 17:02:09,吉他
2022-10-23 17:03:07,吉他
2022-10-23 17:04:05,贝斯
2022-10-23 17:05:03,吉他
2022-10-23 17:06:01,架子鼓
2022-10-23 17:06:59,架子鼓
2022-10-23 17:07:57,架子鼓
2022-10-23 17:08:55,吉他
2022-10-23 17:09:53,贝斯
2022-10-23 17:10:51,钢琴
2022-10-23 17:11:49,小提琴
2022-10-23 17:12:47,钢琴
2022-10-23 17:13:45,小提琴
2022-10-23 17:14:43,钢琴
2022-10-23 17:15:41,小提琴
2022-10-23 17:16:39,萨克斯风
2022-10-23 17:17:37,钢琴
2022-10-23 17:18:35,钢琴
2022-10-23 17:19:33,架子鼓
2022-10-23 17:20:31,架子鼓
2022-10-23 17:21:29,贝斯
2022-10-23 17:22:27,架子鼓
2022-10-23 17:23:25,吉他
2022-10-23 17:24:23,吉他
2022-10-23 17:25:21,小提琴
2022-10-23 17:26:19,萨克斯风
2022-10-23 17:27:17,钢琴
2022-10-23 17:28:15,吉他
2022-10-23 17:29:13,贝斯
2022-10-23 17:30:11,钢琴
2022-10-23 17:31:09,贝斯
2022-10-23 17:32:07,吉他
2022-10-23 17:33:05,吉他
2022-10-23 17:34:03,钢琴
2022-10-23 17:35:01,贝斯
2022-10-23 17:35:59,贝斯
2022-10-23 17:36:57,小提琴
2022-10-23 17:37:55,贝斯
2022-10-23 17:38:53,吉他
2022-10-23 17:39:51,贝斯
2022-10-23 17:40:49,钢琴
2022-10-23 17:41:47,吉他
2022-10-23 17:42:45,吉他
2022-10-23 17:43:43,吉他
2022-10-23 17:44:41,小提琴
2022-10-23 17:45:39,小提琴
2022-10-23 17:46:37,贝斯
2022-10-23 17:47:35,贝斯
2022-10-23 17:48:33,钢琴
2022-10-23 17:49:31,小提琴
2022-10-23 17:50:29,贝斯
2022-10-23 17:51:27,小提琴
2022-10-23 17:52:25,钢琴
2022-10-23 17:53:23,吉他
2022-10-23 17:54:21,吉他
2022-10-23 17:55:19,钢琴
2022-10-23 17:56:17,吉他
2022-10-23 17:57:15,钢琴
2022-10-23 17:58:13,吉他
2022-10-23 17:59:11,小提琴
2022-10-23 18:00:09,小提琴
2022-10-23 18:01:07,贝斯
2022-10-23 18:02:05,小提琴
2022-10-23 18:03:03,小提琴
2022-10-23 18:04:01,小提琴
2022-10-23 18:04:59,架子鼓
2022-10-23 18:05:57,小提琴
2022-10-23 18:06:55,吉他
2022-10-23 18:07:53,钢琴
2022-10-23 18:08:51,萨克斯风
2022-10-23 18:09:49,钢琴
2022-10-23 18:10:47,钢琴
2022-10-23 18:11:45,贝斯
2022-10-23 18:12:43,吉他
2022-10-23 18:13:41,吉他
2022-10-23 18:14:39,吉他
2022-10-23 18:15:37,钢琴
2022-10-23 18:16:35,钢琴
2022-10-23 18:17:33,贝斯
2022-10-23 18:18:31,架子鼓
2022-10-23 18:19:29,架子鼓
2022-10-23 18:20:27,钢琴
2022-10-23 18:21:25,贝斯
2022-10-23 18:22:23,贝斯
2022-10-23 18:23:21,吉他
2022-10-23 18:24:19,贝斯
2022-10-23 18:25:17,贝斯
2022-10-23 18:26:15,架子鼓
2022-10-23 18:27:13,贝斯
2022-10-23 18:28:11,贝斯
2022-10-23 18:29:09,小提琴
2022-10-23 18:30:07,架子鼓
2022-10-23 18:31:05,小提琴
2022-10-23 18:32:03,贝斯
2022-10-23 18:33:01,吉他
2022-10-23 18:33:59,架子鼓
2022-10-23 18:34:57,小提琴
2022-10-23 18:35:55,钢琴
2022-10-23 18:36:53,贝斯
2022-10-23 18:37:51,吉他
2022-10-23 18:38:49,架子鼓
2022-10-23 18:39:47,竖琴
2022-10-23 18:40:45,萨克斯风
2022-10-23 18:41:43,钢琴
2022-10-23 18:42:41,吉他
2022-10-23 18:43:39,贝斯
2022-10-23 18:44:37,钢琴
2022-10-23 18:45:35,圆号
2022-10-23 18:46:33,小提琴
2022-10-23 18:47:31,钢琴
2022-10-23 18:48:29,贝斯
2022-10-23 18:49:27,贝斯
2022-10-23 18:50:25,吉他
2022-10-23 18:51:23,小提琴
2022-10-23 18:52:21,吉他
2022-10-23 18:53:19,架子鼓
2022-10-23 18:54:17,小提琴
2022-10-23 18:55:15,吉他
2022-10-23 18:56:13,架子鼓
2022-10-23 18:57:11,小提琴
2022-10-23 18:58:09,贝斯
2022-10-23 18:59:07,钢琴
2022-10-23 19:00:05,吉他
2022-10-23 19:01:03,吉他
2022-10-23 19:02:01,吉他
2022-10-23 19:02:59,小提琴
2022-10-23 19:03:57,贝斯
2022-10-23 19:04:55,小提琴
2022-10-23 19:05:53,贝斯
2022-10-23 19:06:51,钢琴
2022-10-23 19:07:49,架子鼓
2022-10-23 19:08:47,钢琴
2022-10-23 19:09:45,钢琴
2022-10-23 19:10:43,贝斯
2022-10-23 19:11:41,圆号
2022-10-23 19:12:39,架子鼓
2022-10-23 19:13:37,贝斯
2022-10-23 19:14:35,萨克斯风
2022-10-23 19:15:33,架子鼓
2022-10-23 19:16:31,贝斯
2022-10-23 19:17:29,架子鼓
2022-10-23 19:18:27,钢琴
2022-10-23 19:19:25,小提琴
2022-10-23 19:20:23,圆号
2022-10-23 19:21:21,吉他
2022-10-23 19:22:19,小提琴
2022-10-23 19:23:17,钢琴
2022-10-23 19:24:15,贝斯
2022-10-23 19:25:13,小提琴
2022-10-23 19:26:11,钢琴
2022-10-23 19:27:09,架子鼓
2022-10-23 19:28:07,小提琴
2022-10-23 19:29:05,架子鼓
2022-10-23 19:30:03,吉他
2022-10-23 19:31:01,贝斯
2022-10-23 19:31:59,钢琴
2022-10-23 19:32:57,架子鼓
2022-10-23 19:33:55,贝斯
2022-10-23 19:34:53,圆号
2022-10-23 19:35:51,钢琴
2022-10-23 19:36:49,吉他
2022-10-23 19:37:47,钢琴
2022-10-23 19:38:45,吉他
2022-10-23 19:39:43,贝斯
2022-10-23 19:40:41,架子鼓
2022-10-23 19:41:39,吉他
2022-10-23 19:42:37,架子鼓
2022-10-23 19:43:35,小提琴
2022-10-23 19:44:33,萨克斯风
2022-10-23 19:45:31,贝斯
2022-10-23 19:46:29,小提琴
2022-10-23 19:47:27,贝斯
2022-10-23 19:48:25,架子鼓
2022-10-23 19:49:23,小提琴
2022-10-23 19:50:21,贝斯
2022-10-23 19:51:19,钢琴
2022-10-23 19:52:17,小提琴
2022-10-23 19:53:15,圆号
2022-10-23 19:54:13,架子鼓
2022-10-23 19:55:11,贝斯
2022-10-23 19:56:09,贝斯
2022-10-23 19:57:07,吉他
2022-10-23 19:58:05,架子鼓
2022-10-23 19:59:03,钢琴
2022-10-23 20:00:01,小提琴
2022-10-23 20:00:59,小提琴
2022-10-23 20:01:57,小提琴
2022-10-23 20:02:55,贝斯
2022-10-23 20:03:53,贝斯
2022-10-23 20:04:51,小提琴
2022-10-23 20:05:49,吉他
2022-10-23 20:06:47,架子鼓
2022-10-23 20:07:45,吉他
2022-10-23 20:08:43,钢琴
2022-10-23 20:09:41,架子鼓
2022-10-23 20:10:39,贝斯
2022-10-23 20:11:37,钢琴
2022-10-23 20:12:35,钢琴
2022-10-23 20:13:33,贝斯
2022-10-23 20:14:31,钢琴
2022-10-23 20:15:29,萨克斯风
2022-10-23 20:16:27,钢琴
2022-10-23 20:17:25,贝斯
2022-10-23 20:18:23,贝斯
2022-10-23 20:19:21,圆号
2022-10-23 20:20:19,小提琴
2022-10-23 20:21:17,贝斯
2022-10-23 20:22:15,吉他
2022-10-23 20:23:13,吉他
2022-10-23 20:24:11,架子鼓
2022-10-23 20:25:09,竖琴
2022-10-23 20:26:07,钢琴
2022-10-23 20:27:05,钢琴
2022-10-23 20:28:03,架子鼓
2022-10-23 20:29:01,萨克斯风
2022-10-23 20:29:59,小提琴
2022-10-23 20:30:57,钢琴
2022-10-23 20:31:55,吉他
2022-10-23 20:32:53,圆号
2022-10-23 20:33:51,架子鼓
2022-10-23 20:34:49,架子鼓
2022-10-23 20:35:47,钢琴
2022-10-23 20:36:45,吉他
2022-10-23 20:37:43,贝斯
2022-10-23 20:38:41,小提琴
2022-10-23 20:39:39,小提琴
2022-10-23 20:40:37,圆号
2022-10-23 20:41:35,竖琴
2022-10-23 20:42:33,圆号
2022-10-23 20:43:31,贝斯
2022-10-23 20:44:29,萨克斯风
2022-10-23 20:45:27,小提琴
2022-10-23 20:46:25,贝斯
2022-10-23 20:47:23,钢琴
2022-10-23 20:48:21,竖琴
2022-10-23 20:49:19,钢琴
2022-10-23 20:50:17,架子鼓
2022-10-23 20:51:15,贝斯
2022-10-23 20:52:13,吉他
2022-10-23 20:53:11,钢琴
2022-10-23 20:54:09,小提琴
2022-10-23 20:55:07,钢琴
2022-10-23 20:56:05,吉他
2022-10-23 20:57:03,钢琴
2022-10-23 20:58:01,架子鼓
2022-10-23 20:58:59,圆号
2022-10-23 20:59:57,小提琴
2022-10-23 21:00:55,钢琴
2022-10-23 21:01:53,吉他
2022-10-23 21:02:51,吉他
2022-10-23 21:03:49,贝斯
2022-10-23 21:04:47,竖琴
2022-10-23 21:05:45,钢琴
2022-10-23 21:06:43,小提琴
2022-10-23 21:07:41,架子鼓
2022-10-23 21:08:39,贝斯
2022-10-23 21:09:37,架子鼓
2022-10-23 21:10:35,钢琴
2022-10-23 21:11:33,吉他
2022-10-23 21:12:31,竖琴
2022-10-23 21:13:29,钢琴
2022-10-23 21:14:27,贝斯
2022-10-23 21:15:25,吉他
2022-10-23 21:16:23,架子鼓
2022-10-23 21:17:21,钢琴
2022-10-23 21:18:19,吉他
2022-10-23 21:19:17,小提琴
2022-10-23 21:20:15,贝斯
2022-10-23 21:21:13,小提琴
2022-10-23 21:22:11,吉他
2022-10-23 21:22:11,吉他
2022-10-23 21:23:09,小提琴
2022-10-23 21:24:07,贝斯
2022-10-23 21:25:05,钢琴
2022-10-23 21:26:03,小提琴
2022-10-23 21:27:01,吉他
2022-10-23 21:27:59,贝斯
2022-10-23 21:28:57,贝斯
2022-10-23 21:29:55,吉他
2022-10-23 21:30:53,钢琴
2022-10-23 21:31:51,吉他
2022-10-23 21:32:49,贝斯
2022-10-23 21:33:47,小提琴
2022-10-23 21:34:45,吉他
2022-10-23 21:35:43,吉他
2022-10-23 21:36:41,架子鼓
2022-10-23 21:37:39,吉他
2022-10-23 21:38:37,钢琴
2022-10-23 21:39:35,吉他
2022-10-23 21:40:33,小提琴
2022-10-23 21:41:31,吉他
2022-10-23 21:42:29,小提琴
2022-10-23 21:43:27,吉他
2022-10-23 21:44:25,小提琴
2022-10-23 21:45:23,竖琴
2022-10-23 21:46:21,圆号
2022-10-23 21:47:19,吉他
2022-10-23 21:48:17,贝斯
2022-10-23 21:49:15,小提琴
2022-10-23 21:50:13,萨克斯风
2022-10-23 21:51:11,钢琴
2022-10-23 21:52:09,贝斯
2022-10-23 21:53:07,钢琴
2022-10-23 21:54:05,贝斯
2022-10-23 21:55:03,贝斯
2022-10-23 21:56:01,架子鼓
2022-10-23 21:56:59,吉他
2022-10-23 21:57:57,架子鼓
2022-10-23 21:58:55,贝斯
2022-10-23 21:59:53,架子鼓
2022-10-23 22:00:51,钢琴
2022-10-23 22:01:49,贝斯
2022-10-23 22:02:47,小提琴
2022-10-23 22:03:45,圆号
2022-10-23 22:04:43,钢琴
2022-10-23 22:05:41,架子鼓
2022-10-23 22:06:39,小提琴
2022-10-23 22:07:37,钢琴
2022-10-23 22:08:35,贝斯
2022-10-23 22:09:33,架子鼓
2022-10-23 22:10:31,贝斯
2022-10-23 22:11:29,贝斯
2022-10-23 22:12:27,架子鼓
2022-10-23 22:13:25,钢琴
2022-10-23 22:14:23,贝斯
2022-10-23 22:15:21,竖琴
2022-10-23 22:16:19,小提琴
2022-10-23 22:17:17,萨克斯风
2022-10-23 22:18:15,小提琴
2022-10-23 22:19:13,贝斯
2022-10-23 22:20:11,竖琴
2022-10-23 22:21:09,钢琴
2022-10-23 22:22:07,架子鼓
2022-10-23 22:23:05,吉他
2022-10-23 22:24:03,萨克斯风
2022-10-23 22:25:01,圆号
2022-10-23 22:25:59,贝斯
2022-10-23 22:26:57,钢琴
2022-10-23 22:27:55,贝斯
2022-10-23 22:28:53,钢琴
2022-10-23 22:29:51,钢琴
2022-10-23 22:30:49,钢琴
2022-10-23 22:31:47,小提琴
2022-10-23 22:32:45,钢琴
2022-10-23 22:33:43,小提琴
2022-10-23 22:34:41,贝斯
2022-10-23 22:35:39,钢琴
2022-10-23 22:36:37,贝斯
2022-10-23 22:37:35,贝斯
2022-10-23 22:38:33,架子鼓
2022-10-23 22:39:31,贝斯
2022-10-23 22:40:29,钢琴
2022-10-23 22:41:27,贝斯
2022-10-23 22:42:25,吉他
2022-10-23 22:43:23,吉他
2022-10-23 22:44:21,钢琴
2022-10-23 22:45:19,小提琴
2022-10-23 22:46:17,钢琴
2022-10-23 22:47:15,钢琴
2022-10-23 22:48:13,钢琴
2022-10-23 22:49:11,架子鼓
2022-10-23 22:50:09,钢琴
2022-10-23 22:51:07,萨克斯风
2022-10-23 22:52:05,小提琴
2022-10-23 22:53:03,钢琴
2022-10-23 22:54:01,吉他
2022-10-23 22:54:59,钢琴
2022-10-23 22:55:57,吉他
2022-10-23 22:56:55,小提琴
2022-10-23 22:57:53,钢琴
2022-10-23 22:58:51,钢琴
2022-10-23 22:59:49,钢琴
2022-10-23 23:00:47,贝斯
2022-10-23 23:01:45,钢琴
2022-10-23 23:02:43,小提琴
2022-10-23 23:03:41,吉他
2022-10-23 23:04:39,吉他
2022-10-23 23:05:37,吉他
2022-10-23 23:06:35,钢琴
2022-10-23 23:07:33,贝斯
2022-10-23 23:08:31,贝斯
2022-10-23 23:09:29,钢琴
2022-10-23 23:10:27,小提琴
2022-10-23 23:11:25,钢琴
2022-10-23 23:12:23,贝斯
2022-10-23 23:13:21,钢琴
2022-10-23 23:14:19,钢琴
2022-10-23 23:15:17,吉他
2022-10-23 23:16:15,小提琴
2022-10-23 23:17:13,架子鼓
2022-10-23 23:18:11,小提琴
2022-10-23 23:19:09,吉他
2022-10-23 23:20:07,钢琴
2022-10-23 23:21:05,小提琴
2022-10-23 23:22:03,钢琴
2022-10-23 23:23:01,小提琴
2022-10-23 23:23:59,萨克斯风
2022-10-23 23:24:57,贝斯
2022-10-23 23:25:55,吉他
2022-10-23 23:26:53,钢琴
2022-10-23 23:27:51,贝斯
2022-10-23 23:28:49,贝斯
2022-10-23 23:29:47,贝斯
2022-10-23 23:30:45,小提琴
2022-10-23 23:31:43,吉他
2022-10-23 23:32:41,贝斯
2022-10-23 23:33:39,吉他
2022-10-23 23:34:37,小提琴
2022-10-23 23:35:35,竖琴
2022-10-23 23:36:33,贝斯
2022-10-23 23:37:31,贝斯
2022-10-23 23:38:29,小提琴
2022-10-23 23:39:27,吉他
2022-10-23 23:40:25,吉他
2022-10-23 23:41:23,圆号
2022-10-23 23:42:21,萨克斯风
2022-10-23 23:43:19,架子鼓
2022-10-23 23:44:17,贝斯
2022-10-23 23:45:15,小提琴
2022-10-23 23:46:13,小提琴
2022-10-23 23:47:11,吉他
2022-10-23 23:48:09,架子鼓
2022-10-23 23:49:07,架子鼓
2022-10-23 23:50:05,钢琴
2022-10-23 23:51:03,小提琴
2022-10-23 23:52:01,钢琴
2022-10-23 23:52:59,吉他
2022-10-23 23:53:57,小提琴
2022-10-23 23:54:55,贝斯
2022-10-23 23:55:53,吉他
2022-10-23 23:56:51,小提琴
2022-10-23 23:57:49,吉他
2022-10-23 23:58:47,贝斯
2022-10-23 23:59:45,小提琴
2022-10-24 00:00:43,钢琴
2022-10-24 00:01:41,钢琴
2022-10-24 00:02:39,吉他
2022-10-24 00:03:37,钢琴
2022-10-24 00:04:35,贝斯
2022-10-24 00:05:33,竖琴
2022-10-24 00:06:31,小提琴
2022-10-24 00:07:29,贝斯
2022-10-24 00:08:27,钢琴
2022-10-24 00:09:25,钢琴
2022-10-24 00:10:23,吉他
2022-10-24 00:11:21,圆号
2022-10-24 00:12:19,钢琴
2022-10-24 00:13:17,钢琴
2022-10-24 00:14:15,架子鼓
2022-10-24 00:15:13,架子鼓
2022-10-24 00:16:11,小提琴
2022-10-24 07:44:43,小提琴
2022-10-24 07:45:41,架子鼓
2022-10-24 07:46:39,小提琴
2022-10-24 07:47:37,架子鼓
2022-10-24 07:48:35,吉他
2022-10-24 07:49:33,贝斯
2022-10-24 07:50:31,钢琴
2022-10-24 07:51:29,贝斯
2022-10-24 07:52:27,贝斯
2022-10-24 07:53:25,贝斯
2022-10-24 07:54:23,小提琴
2022-10-24 07:55:21,钢琴
2022-10-24 07:56:19,吉他
2022-10-24 07:57:17,贝斯
2022-10-24 07:58:15,贝斯
2022-10-24 07:59:13,钢琴
2022-10-24 08:00:11,小提琴
2022-10-24 08:01:09,萨克斯风
2022-10-24 08:02:07,吉他
2022-10-24 08:03:05,小提琴
2022-10-24 08:04:03,吉他
2022-10-24 08:05:01,钢琴
2022-10-24 08:05:59,吉他
2022-10-24 08:06:57,贝斯
2022-10-24 08:07:55,贝斯
2022-10-24 08:08:53,钢琴
2022-10-24 08:09:51,贝斯
2022-10-24 08:10:49,贝斯
2022-10-24 08:11:47,架子鼓
2022-10-24 08:12:45,圆号
2022-10-24 08:13:43,吉他
2022-10-24 08:14:41,贝斯
2022-10-24 08:15:39,吉他
2022-10-24 08:16:37,钢琴
2022-10-24 08:17:35,吉他
2022-10-24 08:18:33,贝斯
2022-10-24 08:19:31,贝斯
2022-10-24 08:20:29,钢琴
2022-10-24 08:21:27,钢琴
2022-10-24 08:22:25,贝斯
2022-10-24 08:23:23,萨克斯风
2022-10-24 08:24:21,贝斯
2022-10-24 08:25:19,小提琴
2022-10-24 08:26:17,贝斯
2022-10-24 08:27:15,贝斯
2022-10-24 08:28:13,小提琴
2022-10-24 08:29:11,钢琴
2022-10-24 08:30:09,钢琴
2022-10-24 08:31:07,钢琴
2022-10-24 08:32:05,小提琴
2022-10-24 08:33:03,吉他
2022-10-24 08:34:01,小提琴
2022-10-24 08:34:59,小提琴
2022-10-24 08:35:57,贝斯
2022-10-24 08:36:55,吉他
2022-10-24 08:37:53,吉他
2022-10-24 08:38:51,小提琴
2022-10-24 08:39:49,钢琴
2022-10-24 08:40:47,小提琴
2022-10-24 08:41:45,吉他
2022-10-24 08:42:43,架子鼓
2022-10-24 08:43:41,小提琴
2022-10-24 08:44:39,小提琴
2022-10-24 08:45:37,小提琴
2022-10-24 08:46:35,钢琴
2022-10-24 08:47:33,贝斯
2022-10-24 08:48:31,贝斯
2022-10-24 08:49:29,贝斯
2022-10-24 08:50:27,贝斯
2022-10-24 08:51:25,吉他
2022-10-24 08:52:23,竖琴
2022-10-24 08:53:21,小提琴
2022-10-24 08:54:19,贝斯
2022-10-24 08:55:17,吉他
2022-10-24 08:56:15,萨克斯风
2022-10-24 08:57:13,吉他
2022-10-24 08:58:11,吉他
2022-10-24 08:59:09,钢琴
2022-10-24 09:00:07,架子鼓
2022-10-24 09:01:05,钢琴
2022-10-24 09:02:03,贝斯
2022-10-24 09:03:01,钢琴
2022-10-24 09:03:59,架子鼓
2022-10-24 09:04:57,钢琴
2022-10-24 09:05:55,小提琴
2022-10-24 09:06:53,架子鼓
2022-10-24 09:07:51,小提琴
2022-10-24 09:08:49,钢琴
2022-10-24 09:09:47,竖琴
2022-10-24 09:10:45,钢琴
2022-10-24 09:11:43,吉他
2022-10-24 09:12:41,小提琴
2022-10-24 09:13:39,钢琴
2022-10-24 09:14:37,吉他
2022-10-24 09:15:35,小提琴
2022-10-24 09:16:33,钢琴
2022-10-24 09:17:31,小提琴
2022-10-24 09:18:29,钢琴
2022-10-24 09:19:27,小提琴
2022-10-24 09:20:25,圆号
2022-10-24 09:21:23,小提琴
2022-10-24 09:22:21,贝斯
2022-10-24 09:23:19,钢琴
2022-10-24 09:24:17,吉他
2022-10-24 09:25:15,架子鼓
2022-10-24 09:26:13,贝斯
2022-10-24 09:27:11,竖琴
2022-10-24 09:28:09,贝斯
2022-10-24 09:29:07,小提琴
2022-10-24 09:30:05,小提琴
2022-10-24 09:31:03,小提琴
2022-10-24 09:32:01,架子鼓
2022-10-24 09:32:59,贝斯
2022-10-24 09:33:57,吉他
2022-10-24 09:34:55,钢琴
2022-10-24 09:35:53,钢琴
2022-10-24 09:36:51,吉他
2022-10-24 09:37:49,竖琴
2022-10-24 09:38:47,贝斯
2022-10-24 09:39:45,贝斯
2022-10-24 09:40:43,小提琴
2022-10-24 09:41:41,圆号
2022-10-24 09:42:39,小提琴
2022-10-24 09:43:37,架子鼓
2022-10-24 09:44:35,架子鼓
2022-10-24 09:45:33,贝斯
2022-10-24 09:46:31,贝斯
2022-10-24 09:47:29,吉他
2022-10-24 09:48:27,竖琴
2022-10-24 09:49:25,架子鼓
2022-10-24 09:50:23,小提琴
2022-10-24 09:51:21,贝斯
2022-10-24 09:52:19,钢琴
2022-10-24 09:53:17,小提琴
2022-10-24 09:54:15,钢琴
2022-10-24 09:55:13,钢琴
2022-10-24 09:56:11,小提琴
2022-10-24 09:57:09,贝斯
2022-10-24 09:58:07,小提琴
2022-10-24 09:59:05,贝斯
2022-10-24 10:00:03,钢琴
2022-10-24 10:01:01,吉他
2022-10-24 10:01:59,吉他
2022-10-24 10:02:57,萨克斯风
2022-10-24 10:03:55,小提琴
2022-10-24 10:04:53,贝斯
2022-10-24 10:05:51,贝斯
2022-10-24 10:06:49,吉他
2022-10-24 10:07:47,竖琴
2022-10-24 10:08:45,小提琴
2022-10-24 10:09:43,小提琴
2022-10-24 10:10:41,吉他
2022-10-24 10:11:39,小提琴
2022-10-24 10:12:37,小提琴
2022-10-24 10:13:35,吉他
2022-10-24 10:14:33,小提琴
2022-10-24 10:15:31,小提琴
2022-10-24 10:16:29,钢琴
2022-10-24 10:17:27,钢琴
2022-10-24 10:18:25,吉他
2022-10-24 10:19:23,吉他
2022-10-24 10:20:21,架子鼓
2022-10-24 10:21:19,吉他
2022-10-24 10:22:17,钢琴
2022-10-24 10:23:15,贝斯
2022-10-24 10:24:13,架子鼓
2022-10-24 10:25:11,钢琴
2022-10-24 10:26:09,钢琴
2022-10-24 10:27:07,钢琴
2022-10-24 10:28:05,圆号
2022-10-24 10:29:03,钢琴
2022-10-24 10:30:01,贝斯
2022-10-24 10:30:59,钢琴
2022-10-24 10:31:57,小提琴
2022-10-24 10:32:55,贝斯
2022-10-24 10:33:53,吉他
2022-10-24 10:34:51,钢琴
2022-10-24 10:35:49,吉他
2022-10-24 10:36:47,架子鼓
2022-10-24 10:37:45,小提琴
2022-10-24 10:38:43,钢琴
2022-10-24 10:39:41,贝斯
2022-10-24 10:40:39,贝斯
2022-10-24 10:41:37,钢琴
2022-10-24 10:42:35,钢琴
2022-10-24 10:43:33,钢琴
2022-10-24 10:44:31,吉他
2022-10-24 10:45:29,贝斯
2022-10-24 10:46:27,吉他
2022-10-24 10:47:25,钢琴
2022-10-24 10:48:23,竖琴
2022-10-24 10:49:21,吉他
2022-10-24 10:50:19,竖琴
2022-10-24 10:51:17,钢琴
2022-10-24 10:52:15,吉他
2022-10-24 10:53:13,贝斯
2022-10-24 10:54:11,钢琴
2022-10-24 10:55:09,贝斯
2022-10-24 10:56:07,贝斯
2022-10-24 10:57:05,小提琴
2022-10-24 10:58:03,架子鼓
2022-10-24 10:59:01,小提琴
2022-10-24 10:59:59,小提琴
2022-10-24 11:00:57,钢琴
2022-10-24 11:01:55,钢琴
2022-10-24 11:02:53,小提琴
2022-10-24 11:03:51,吉他
2022-10-24 11:04:49,贝斯
2022-10-24 11:05:47,吉他
2022-10-24 11:06:45,贝斯
2022-10-24 11:07:43,竖琴
2022-10-24 11:08:41,吉他
2022-10-24 11:09:39,钢琴
2022-10-24 11:10:37,钢琴
2022-10-24 11:11:35,贝斯
2022-10-24 11:12:33,小提琴
2022-10-24 11:13:31,圆号
2022-10-24 11:14:29,吉他
2022-10-24 11:15:27,吉他
2022-10-24 11:16:25,竖琴
2022-10-24 11:17:23,小提琴
2022-10-24 11:18:21,钢琴
2022-10-24 11:19:19,钢琴
2022-10-24 11:20:17,钢琴
2022-10-24 11:21:15,小提琴
2022-10-24 11:22:13,贝斯
2022-10-24 11:23:11,钢琴
2022-10-24 11:24:09,钢琴
2022-10-24 11:25:07,架子鼓
2022-10-24 11:26:05,小提琴
2022-10-24 11:27:03,小提琴
2022-10-24 11:28:01,架子鼓
2022-10-24 11:28:59,小提琴
2022-10-24 11:29:57,竖琴
2022-10-24 11:30:55,小提琴
2022-10-24 11:31:53,贝斯
2022-10-24 11:32:51,小提琴
2022-10-24 11:33:49,小提琴
2022-10-24 11:34:47,小提琴
2022-10-24 11:35:45,小提琴
2022-10-24 11:36:43,萨克斯风
2022-10-24 11:37:41,贝斯
2022-10-24 11:38:39,架子鼓
2022-10-24 11:39:37,架子鼓
2022-10-24 11:40:35,小提琴
2022-10-24 11:41:33,竖琴
2022-10-24 11:42:31,钢琴
2022-10-24 11:43:29,小提琴
2022-10-24 11:44:27,钢琴
2022-10-24 11:45:25,贝斯
2022-10-24 11:46:23,钢琴
2022-10-24 11:47:21,钢琴
2022-10-24 11:48:19,竖琴
2022-10-24 11:49:17,吉他
2022-10-24 11:50:15,架子鼓
2022-10-24 11:51:13,小提琴
2022-10-24 11:52:11,小提琴
2022-10-24 11:53:09,贝斯
2022-10-24 11:54:07,竖琴
2022-10-24 11:55:05,钢琴
2022-10-24 11:56:03,架子鼓
2022-10-24 11:57:01,钢琴
2022-10-24 11:57:59,吉他
2022-10-24 11:58:57,萨克斯风
2022-10-24 11:59:55,小提琴
2022-10-24 12:00:53,小提琴
2022-10-24 12:01:51,吉他
2022-10-24 12:02:49,贝斯
2022-10-24 12:03:47,贝斯
2022-10-24 12:04:45,吉他
2022-10-24 12:05:43,架子鼓
2022-10-24 12:06:41,钢琴
2022-10-24 12:07:39,吉他
2022-10-24 12:08:37,架子鼓
2022-10-24 12:09:35,钢琴
2022-10-24 12:10:33,架子鼓
2022-10-24 12:11:31,吉他
2022-10-24 12:12:29,吉他
2022-10-24 12:13:27,圆号
2022-10-24 12:14:25,吉他
2022-10-24 12:15:23,钢琴
2022-10-24 12:16:21,吉他
2022-10-24 12:17:19,吉他
2022-10-24 12:18:17,钢琴
2022-10-24 12:19:15,贝斯
2022-10-24 12:20:13,贝斯
2022-10-24 12:21:11,吉他
2022-10-24 12:22:09,吉他
2022-10-24 12:23:07,钢琴
2022-10-24 12:24:05,钢琴
2022-10-24 12:25:03,贝斯
2022-10-24 12:26:01,钢琴
2022-10-24 12:26:59,吉他
2022-10-24 12:27:57,架子鼓
2022-10-24 12:28:55,吉他
2022-10-24 12:29:53,贝斯
2022-10-24 12:30:51,贝斯
2022-10-24 12:31:49,吉他
2022-10-24 12:32:47,吉他
2022-10-24 12:33:45,架子鼓
2022-10-24 12:34:43,贝斯
2022-10-24 12:35:41,吉他
2022-10-24 12:36:39,吉他
2022-10-24 12:37:37,钢琴
2022-10-24 12:38:35,吉他
2022-10-24 12:39:33,钢琴
2022-10-24 12:40:31,架子鼓
2022-10-24 12:41:29,贝斯
2022-10-24 12:42:27,小提琴
2022-10-24 12:43:25,钢琴
2022-10-24 12:44:23,架子鼓
2022-10-24 12:45:21,贝斯
2022-10-24 12:46:19,钢琴
2022-10-24 12:47:17,萨克斯风
2022-10-24 12:48:15,吉他
2022-10-24 12:49:13,小提琴
2022-10-24 12:50:11,贝斯
2022-10-24 12:51:09,贝斯
2022-10-24 12:52:07,吉他
2022-10-24 12:53:05,贝斯
2022-10-24 12:54:03,钢琴
2022-10-24 12:55:01,圆号
2022-10-24 12:55:59,贝斯
2022-10-24 12:56:57,小提琴
2022-10-24 12:57:55,吉他
2022-10-24 12:58:53,吉他
2022-10-24 12:59:51,贝斯
2022-10-24 13:00:49,钢琴
2022-10-24 13:01:47,钢琴
2022-10-24 13:02:45,竖琴
2022-10-24 13:03:43,吉他
2022-10-24 13:04:41,贝斯
2022-10-24 13:05:39,小提琴
2022-10-24 13:06:37,圆号
2022-10-24 13:07:35,钢琴
2022-10-24 13:08:33,钢琴
2022-10-24 13:09:31,钢琴
2022-10-24 13:10:29,钢琴
2022-10-24 13:11:27,小提琴
2022-10-24 13:12:25,萨克斯风
2022-10-24 13:13:23,吉他
2022-10-24 13:14:21,小提琴
2022-10-24 13:15:19,小提琴
2022-10-24 13:16:17,钢琴
2022-10-24 13:17:15,贝斯
2022-10-24 13:18:13,小提琴
2022-10-24 13:19:11,小提琴
2022-10-24 13:20:09,吉他
2022-10-24 13:21:07,小提琴
2022-10-24 13:22:05,小提琴
2022-10-24 13:23:03,贝斯
2022-10-24 13:24:01,小提琴
2022-10-24 13:24:59,小提琴
2022-10-24 13:25:57,吉他
2022-10-24 13:26:55,钢琴
2022-10-24 13:27:53,钢琴
2022-10-24 13:28:51,钢琴
2022-10-24 13:29:49,贝斯
2022-10-24 13:30:47,吉他
2022-10-24 13:31:45,架子鼓
2022-10-24 13:32:43,吉他
2022-10-24 13:33:41,吉他
2022-10-24 13:34:39,吉他
2022-10-24 13:35:37,贝斯
2022-10-24 13:36:35,小提琴
2022-10-24 13:37:33,吉他
2022-10-24 13:38:31,贝斯
2022-10-24 13:39:29,贝斯
2022-10-24 13:40:27,吉他
2022-10-24 13:41:25,钢琴
2022-10-24 13:42:23,钢琴
2022-10-24 13:43:21,贝斯
2022-10-24 13:44:19,贝斯
2022-10-24 13:45:17,吉他
2022-10-24 13:46:15,钢琴
2022-10-24 13:47:13,钢琴
2022-10-24 13:48:11,吉他
2022-10-24 13:49:09,小提琴
2022-10-24 13:50:07,小提琴
2022-10-24 13:51:05,钢琴
2022-10-24 13:52:03,钢琴
2022-10-24 13:53:01,架子鼓
2022-10-24 13:53:59,钢琴
2022-10-24 13:54:57,吉他
2022-10-24 13:55:55,贝斯
2022-10-24 13:56:53,贝斯
2022-10-24 13:57:51,小提琴
2022-10-24 13:58:49,钢琴
2022-10-24 13:59:47,吉他
2022-10-24 14:00:45,小提琴
2022-10-24 14:00:45,小提琴
2022-10-24 14:01:43,圆号
2022-10-24 14:02:41,小提琴
2022-10-24 14:03:39,小提琴
2022-10-24 14:04:37,吉他
2022-10-24 14:05:35,吉他
