2022-12-21 08:14:56,钢琴
2022-12-21 08:15:54,吉他
2022-12-21 08:16:52,小提琴
2022-12-21 08:17:50,贝斯
2022-12-21 08:18:48,贝斯
2022-12-21 08:19:46,小提琴
2022-12-21 08:20:44,圆号
2022-12-21 08:21:42,钢琴
2022-12-21 08:22:40,钢琴
2022-12-21 08:23:38,小提琴
2022-12-21 08:24:36,小提琴
2022-12-21 08:25:34,贝斯
2022-12-21 08:26:32,小提琴
2022-12-21 08:27:30,小提琴
2022-12-21 08:28:28,小提琴
2022-12-21 08:29:26,小提琴
2022-12-21 08:30:24,钢琴
2022-12-21 08:31:22,贝斯
2022-12-21 08:32:20,钢琴
2022-12-21 08:33:18,贝斯
2022-12-21 08:34:16,萨克斯风
2022-12-21 08:35:14,吉他
2022-12-21 08:36:12,竖琴
2022-12-21 08:37:10,贝斯
2022-12-21 08:38:08,钢琴
2022-12-21 08:39:06,吉他
2022-12-21 08:40:04,钢琴
2022-12-21 08:41:02,萨克斯风
2022-12-21 08:42:00,架子鼓
2022-12-21 08:42:58,吉他
2022-12-21 08:43:56,钢琴
2022-12-21 08:44:54,贝斯
2022-12-21 08:45:52,钢琴
2022-12-21 08:46:50,竖琴
2022-12-21 08:47:48,吉他
2022-12-21 08:48:46,小提琴
2022-12-21 08:49:44,吉他
2022-12-21 08:50:42,吉他
2022-12-21 08:51:40,贝斯
2022-12-21 08:52:38,吉他
2022-12-21 08:53:36,钢琴
2022-12-21 08:54:34,竖琴
2022-12-21 08:55:32,吉他
2022-12-21 08:56:30,贝斯
2022-12-21 08:57:28,贝斯
2022-12-21 08:58:26,小提琴
2022-12-21 08:59:24,架子鼓
2022-12-21 09:00:22,小提琴
2022-12-21 09:01:20,萨克斯风
2022-12-21 09:02:18,吉他
2022-12-21 09:03:16,钢琴
2022-12-21 09:04:14,贝斯
2022-12-21 09:05:12,小提琴
2022-12-21 09:06:10,小提琴
2022-12-21 09:07:08,吉他
2022-12-21 09:08:06,贝斯
2022-12-21 09:09:04,贝斯
2022-12-21 09:10:02,贝斯
2022-12-21 09:11:00,小提琴
2022-12-21 09:11:58,钢琴
2022-12-21 09:12:56,小提琴
2022-12-21 09:13:54,吉他
2022-12-21 09:14:52,贝斯
2022-12-21 09:15:50,钢琴
2022-12-21 09:16:48,小提琴
2022-12-21 09:17:46,吉他
2022-12-21 09:18:44,贝斯
2022-12-21 09:19:42,吉他
2022-12-21 09:20:40,吉他
2022-12-21 09:21:38,吉他
2022-12-21 09:22:36,钢琴
2022-12-21 09:23:34,小提琴
2022-12-21 09:24:32,小提琴
2022-12-21 09:25:30,竖琴
2022-12-21 09:26:28,小提琴
2022-12-21 09:27:26,小提琴
2022-12-21 09:28:24,小提琴
2022-12-21 09:29:22,小提琴
2022-12-21 09:30:20,小提琴
2022-12-21 09:31:18,贝斯
2022-12-21 09:32:16,钢琴
2022-12-21 09:33:14,钢琴
2022-12-21 09:34:12,吉他
2022-12-21 09:35:10,吉他
2022-12-21 09:36:08,贝斯
2022-12-21 09:37:06,萨克斯风
2022-12-21 09:38:04,小提琴
2022-12-21 09:39:02,钢琴
2022-12-21 09:40:00,小提琴
2022-12-21 09:40:58,钢琴
2022-12-21 09:41:56,小提琴
2022-12-21 09:42:54,架子鼓
2022-12-21 09:43:52,萨克斯风
2022-12-21 09:44:50,架子鼓
2022-12-21 09:45:48,架子鼓
2022-12-21 09:46:46,贝斯
2022-12-21 09:47:44,吉他
2022-12-21 09:48:42,吉他
2022-12-21 09:49:40,小提琴
2022-12-21 09:50:38,吉他
2022-12-21 09:51:36,贝斯
2022-12-21 09:52:34,钢琴
2022-12-21 09:53:32,贝斯
2022-12-21 09:54:30,小提琴
2022-12-21 09:55:28,小提琴
2022-12-21 09:56:26,钢琴
2022-12-21 09:57:24,小提琴
2022-12-21 09:58:22,钢琴
2022-12-21 09:59:20,小提琴
2022-12-21 10:00:18,钢琴
2022-12-21 10:01:16,小提琴
2022-12-21 10:02:14,吉他
2022-12-21 10:03:12,架子鼓
2022-12-21 10:04:10,钢琴
2022-12-21 10:05:08,贝斯
2022-12-21 10:06:06,钢琴
2022-12-21 10:07:04,圆号
2022-12-21 10:08:02,吉他
2022-12-21 10:09:00,贝斯
2022-12-21 10:09:58,贝斯
2022-12-21 10:10:56,吉他
2022-12-21 10:11:54,架子鼓
2022-12-21 10:12:52,圆号
2022-12-21 10:13:50,贝斯
2022-12-21 10:14:48,贝斯
2022-12-21 10:15:46,架子鼓
2022-12-21 10:16:44,圆号
2022-12-21 10:17:42,小提琴
2022-12-21 10:18:40,贝斯
2022-12-21 10:19:38,钢琴
2022-12-21 10:20:36,吉他
2022-12-21 10:21:34,吉他
2022-12-21 10:22:32,小提琴
2022-12-21 10:23:30,贝斯
2022-12-21 10:24:28,架子鼓
2022-12-21 10:25:26,小提琴
2022-12-21 10:26:24,钢琴
2022-12-21 10:27:22,圆号
2022-12-21 10:28:20,吉他
2022-12-21 10:29:18,架子鼓
2022-12-21 10:30:16,贝斯
2022-12-21 10:31:14,贝斯
2022-12-21 10:32:12,钢琴
2022-12-21 10:33:10,贝斯
2022-12-21 10:34:08,贝斯
2022-12-21 10:35:06,圆号
2022-12-21 10:36:04,吉他
2022-12-21 10:37:02,吉他
2022-12-21 10:38:00,吉他
2022-12-21 10:38:58,圆号
2022-12-21 10:39:56,架子鼓
2022-12-21 10:40:54,吉他
2022-12-21 10:41:52,架子鼓
2022-12-21 10:42:50,贝斯
2022-12-21 10:43:48,钢琴
2022-12-21 10:44:46,吉他
2022-12-21 10:45:44,架子鼓
2022-12-21 10:46:42,小提琴
2022-12-21 10:47:40,圆号
2022-12-21 10:48:38,吉他
2022-12-21 10:49:36,吉他
2022-12-21 10:50:34,吉他
2022-12-21 10:51:32,贝斯
2022-12-21 10:52:30,架子鼓
2022-12-21 10:53:28,钢琴
2022-12-21 10:54:26,贝斯
2022-12-21 10:55:24,钢琴
2022-12-21 10:56:22,小提琴
2022-12-21 10:57:20,架子鼓
2022-12-21 10:58:18,架子鼓
2022-12-21 10:59:16,贝斯
2022-12-21 11:00:14,吉他
2022-12-21 11:01:12,贝斯
2022-12-21 11:02:10,钢琴
2022-12-21 11:03:08,小提琴
2022-12-21 11:04:06,竖琴
2022-12-21 11:05:04,吉他
2022-12-21 11:06:02,圆号
2022-12-21 11:07:00,贝斯
2022-12-21 11:07:58,小提琴
2022-12-21 11:08:56,萨克斯风
2022-12-21 11:09:54,吉他
2022-12-21 11:10:52,吉他
2022-12-21 11:11:50,吉他
2022-12-21 11:12:48,竖琴
2022-12-21 11:13:46,钢琴
2022-12-21 11:14:44,小提琴
2022-12-21 11:15:42,架子鼓
2022-12-21 11:16:40,贝斯
2022-12-21 11:17:38,钢琴
2022-12-21 11:18:36,吉他
2022-12-21 11:19:34,吉他
2022-12-21 11:20:32,小提琴
2022-12-21 11:21:30,钢琴
2022-12-21 11:22:28,贝斯
2022-12-21 11:23:26,贝斯
2022-12-21 11:24:24,架子鼓
2022-12-21 11:25:22,小提琴
2022-12-21 11:26:20,小提琴
2022-12-21 11:27:18,小提琴
2022-12-21 11:28:16,贝斯
2022-12-21 11:29:14,吉他
2022-12-21 11:30:12,钢琴
2022-12-21 11:31:10,吉他
2022-12-21 11:32:08,小提琴
