2022-11-08 22:43:10,架子鼓
2022-11-08 22:44:08,圆号
2022-11-08 22:45:06,钢琴
2022-11-08 22:46:04,钢琴
2022-11-08 22:47:02,架子鼓
2022-11-08 22:48:00,钢琴
2022-11-08 22:48:58,贝斯
2022-11-08 22:49:56,钢琴
2022-11-08 22:50:54,钢琴
2022-11-08 22:51:52,钢琴
2022-11-08 22:52:50,吉他
2022-11-08 22:53:48,吉他
2022-11-08 22:54:46,小提琴
2022-11-08 22:55:44,吉他
2022-11-08 22:56:42,贝斯
2022-11-08 22:57:40,贝斯
2022-11-08 22:58:38,钢琴
2022-11-08 22:59:36,贝斯
2022-11-08 23:00:34,吉他
2022-11-08 23:01:32,贝斯
2022-11-08 23:02:30,钢琴
2022-11-08 23:03:28,吉他
2022-11-08 23:04:26,吉他
2022-11-08 23:05:24,小提琴
2022-11-08 23:06:22,小提琴
2022-11-08 23:07:20,钢琴
2022-11-08 23:08:18,吉他
2022-11-08 23:09:16,吉他
2022-11-08 23:10:14,贝斯
2022-11-08 23:11:12,圆号
2022-11-08 23:12:10,小提琴
2022-11-08 23:13:08,小提琴
2022-11-08 23:14:06,小提琴
2022-11-08 23:15:04,小提琴
2022-11-08 23:16:02,小提琴
2022-11-08 23:17:00,钢琴
2022-11-08 23:17:58,小提琴
2022-11-08 23:18:56,小提琴
2022-11-08 23:19:54,钢琴
2022-11-08 23:20:52,吉他
2022-11-08 23:21:50,钢琴
2022-11-08 23:22:48,架子鼓
2022-11-08 23:43:06,竖琴
2022-11-08 23:44:04,钢琴
2022-11-08 23:45:02,钢琴
2022-11-08 23:46:00,架子鼓
2022-11-08 23:46:58,吉他
2022-11-08 23:47:56,贝斯
2022-11-08 23:48:54,小提琴
2022-11-08 23:49:52,小提琴
2022-11-08 23:50:50,贝斯
2022-11-08 23:51:48,架子鼓
2022-11-08 23:52:46,贝斯
2022-11-08 23:53:44,贝斯
2022-11-08 23:54:42,贝斯
2022-11-08 23:55:40,小提琴
2022-11-08 23:56:38,竖琴
2022-11-08 23:57:36,架子鼓
2022-11-08 23:58:34,架子鼓
2022-11-08 23:59:32,钢琴
2022-11-09 00:00:30,钢琴
2022-11-09 00:01:28,贝斯
2022-11-09 00:02:26,钢琴
2022-11-09 00:03:24,萨克斯风
2022-11-09 00:04:22,钢琴
2022-11-09 00:05:20,吉他
2022-11-09 00:06:18,钢琴
2022-11-09 00:07:16,钢琴
2022-11-09 00:08:14,小提琴
2022-11-09 00:09:12,小提琴
2022-11-09 00:10:10,钢琴
2022-11-09 00:11:08,钢琴
2022-11-09 00:12:06,小提琴
2022-11-09 00:13:04,钢琴
2022-11-09 00:14:02,吉他
2022-11-09 00:15:00,小提琴
2022-11-09 00:15:58,贝斯
2022-11-09 00:16:56,钢琴
2022-11-09 00:17:54,竖琴
2022-11-09 00:18:52,架子鼓
2022-11-09 00:19:50,钢琴
2022-11-09 00:20:48,吉他
2022-11-09 00:21:46,竖琴
2022-11-09 00:22:44,贝斯
2022-11-09 00:23:42,吉他
2022-11-09 00:24:40,架子鼓
2022-11-09 00:25:38,钢琴
2022-11-09 00:26:36,钢琴
2022-11-09 00:27:34,贝斯
2022-11-09 00:28:32,吉他
2022-11-09 00:29:30,贝斯
2022-11-09 00:30:28,吉他
2022-11-09 00:31:26,吉他
2022-11-09 00:32:24,小提琴
2022-11-09 00:33:22,小提琴
2022-11-09 00:34:20,吉他
2022-11-09 00:35:18,吉他
2022-11-09 00:36:16,架子鼓
2022-11-09 00:37:14,架子鼓
2022-11-09 00:38:12,吉他
2022-11-09 00:39:10,贝斯
2022-11-09 00:40:08,贝斯
2022-11-09 00:41:06,钢琴
2022-11-09 00:42:04,吉他
2022-11-09 00:43:02,小提琴
2022-11-09 00:44:00,钢琴
2022-11-09 00:44:58,吉他
2022-11-09 00:45:56,吉他
2022-11-09 00:46:54,架子鼓
2022-11-09 00:47:52,贝斯
2022-11-09 00:48:50,小提琴
2022-11-09 00:49:48,吉他
2022-11-09 00:50:46,钢琴
2022-11-09 00:51:44,钢琴
2022-11-09 00:52:42,吉他
2022-11-09 00:53:40,小提琴
2022-11-09 00:54:38,小提琴
2022-11-09 00:55:36,钢琴
2022-11-09 00:56:34,钢琴
2022-11-09 00:57:32,贝斯
2022-11-09 00:58:30,钢琴
2022-11-09 00:59:28,小提琴
2022-11-09 01:00:26,架子鼓
2022-11-09 01:01:24,吉他
2022-11-09 01:02:22,萨克斯风
2022-11-09 01:03:20,吉他
2022-11-09 01:04:18,钢琴
2022-11-09 01:05:16,竖琴
2022-11-09 01:06:14,贝斯
2022-11-09 01:07:12,钢琴
2022-11-09 01:08:10,钢琴
2022-11-09 01:09:08,架子鼓
2022-11-09 01:10:06,吉他
2022-11-09 01:11:04,钢琴
2022-11-09 01:12:02,贝斯
2022-11-09 01:13:00,贝斯
2022-11-09 01:13:58,钢琴
2022-11-09 01:14:56,架子鼓
2022-11-09 01:15:54,架子鼓
2022-11-09 01:16:52,小提琴
2022-11-09 01:17:50,小提琴
2022-11-09 01:18:48,小提琴
2022-11-09 01:19:46,小提琴
2022-11-09 01:20:44,小提琴
2022-11-09 01:21:42,吉他
2022-11-09 01:22:40,贝斯
2022-11-09 01:23:38,钢琴
2022-11-09 01:24:36,小提琴
2022-11-09 01:25:34,贝斯
2022-11-09 01:26:32,架子鼓
2022-11-09 01:27:30,钢琴
2022-11-09 01:28:28,钢琴
2022-11-09 01:29:26,小提琴
2022-11-09 01:30:24,钢琴
2022-11-09 01:31:22,萨克斯风
2022-11-09 01:32:20,吉他
2022-11-09 01:33:18,小提琴
2022-11-09 01:34:16,小提琴
2022-11-09 01:35:14,钢琴
2022-11-09 01:36:12,贝斯
2022-11-09 01:37:10,贝斯
2022-11-09 01:38:08,贝斯
2022-11-09 01:39:06,贝斯
2022-11-09 01:40:04,小提琴
2022-11-09 01:41:02,小提琴
2022-11-09 01:42:00,贝斯
2022-11-09 01:42:58,萨克斯风
2022-11-09 01:43:56,小提琴
2022-11-09 01:44:54,钢琴
2022-11-09 01:45:52,吉他
2022-11-09 01:46:50,贝斯
2022-11-09 01:47:48,贝斯
2022-11-09 01:48:46,架子鼓
2022-11-09 01:49:44,小提琴
2022-11-09 01:50:42,架子鼓
2022-11-09 01:51:40,小提琴
2022-11-09 01:52:38,贝斯
2022-11-09 01:53:36,钢琴
2022-11-09 01:54:34,钢琴
2022-11-09 01:55:32,吉他
2022-11-09 01:56:30,吉他
2022-11-09 01:57:28,吉他
2022-11-09 01:58:26,钢琴
2022-11-09 01:59:24,小提琴
2022-11-09 02:00:22,贝斯
2022-11-09 02:01:20,钢琴
2022-11-09 02:02:18,贝斯
2022-11-09 02:03:16,吉他
2022-11-09 02:04:14,竖琴
2022-11-09 02:05:12,吉他
2022-11-09 02:06:10,钢琴
2022-11-09 02:07:08,架子鼓
2022-11-09 02:08:06,吉他
2022-11-09 02:09:04,钢琴
2022-11-09 02:10:02,小提琴
2022-11-09 02:11:00,吉他
2022-11-09 02:11:58,钢琴
2022-11-09 02:12:56,架子鼓
2022-11-09 02:13:54,架子鼓
2022-11-09 02:14:52,钢琴
2022-11-09 02:15:50,吉他
2022-11-09 02:16:48,小提琴
2022-11-09 02:17:46,贝斯
2022-11-09 02:18:44,架子鼓
2022-11-09 02:19:42,吉他
2022-11-09 02:20:40,竖琴
2022-11-09 02:21:38,小提琴
2022-11-09 02:22:36,钢琴
2022-11-09 02:23:34,小提琴
2022-11-09 02:24:32,贝斯
2022-11-09 02:25:30,小提琴
2022-11-09 02:26:28,小提琴
2022-11-09 02:27:26,吉他
2022-11-09 02:28:24,小提琴
2022-11-09 02:29:22,钢琴
2022-11-09 02:30:20,萨克斯风
2022-11-09 02:31:18,贝斯
2022-11-09 02:32:16,钢琴
2022-11-09 02:33:14,架子鼓
2022-11-09 02:34:12,吉他
2022-11-09 02:35:10,圆号
2022-11-09 02:36:08,小提琴
2022-11-09 02:37:06,钢琴
2022-11-09 02:38:04,吉他
2022-11-09 02:39:02,钢琴
2022-11-09 02:40:00,小提琴
2022-11-09 02:40:58,钢琴
2022-11-09 02:41:56,贝斯
2022-11-09 02:42:54,钢琴
2022-11-09 02:43:52,吉他
2022-11-09 02:44:50,钢琴
2022-11-09 02:45:48,小提琴
2022-11-09 02:46:46,架子鼓
2022-11-09 02:47:44,吉他
2022-11-09 02:48:42,钢琴
2022-11-09 02:49:40,小提琴
2022-11-09 02:50:38,吉他
2022-11-09 02:51:36,吉他
2022-11-09 02:52:34,钢琴
2022-11-09 02:53:32,钢琴
2022-11-09 02:54:30,贝斯
2022-11-09 02:55:28,贝斯
2022-11-09 02:56:26,贝斯
2022-11-09 02:57:24,小提琴
2022-11-09 02:58:22,钢琴
2022-11-09 02:59:20,小提琴
2022-11-09 03:00:18,竖琴
2022-11-09 03:01:16,钢琴
2022-11-09 03:02:14,贝斯
2022-11-09 03:03:12,小提琴
2022-11-09 03:04:10,架子鼓
2022-11-09 03:05:08,贝斯
2022-11-09 03:06:06,钢琴
2022-11-09 03:07:04,吉他
2022-11-09 03:08:02,钢琴
2022-11-09 03:09:00,钢琴
2022-11-09 03:09:58,贝斯
2022-11-09 03:10:56,吉他
2022-11-09 03:11:54,贝斯
2022-11-09 03:12:52,钢琴
2022-11-09 03:13:50,竖琴
2022-11-09 03:14:48,小提琴
2022-11-09 03:15:46,贝斯
2022-11-09 03:16:44,萨克斯风
2022-11-09 03:17:42,钢琴
2022-11-09 03:18:40,萨克斯风
2022-11-09 03:19:38,吉他
2022-11-09 03:20:36,贝斯
2022-11-09 03:21:34,贝斯
2022-11-09 03:22:32,小提琴
2022-11-09 03:23:30,钢琴
2022-11-09 03:24:28,架子鼓
2022-11-09 03:25:26,贝斯
2022-11-09 03:26:24,钢琴
2022-11-09 03:27:22,小提琴
2022-11-09 03:28:20,小提琴
2022-11-09 03:29:18,吉他
2022-11-09 03:30:16,钢琴
2022-11-09 03:31:14,钢琴
2022-11-09 03:32:12,吉他
2022-11-09 03:33:10,钢琴
2022-11-09 03:34:08,架子鼓
2022-11-09 03:35:06,吉他
2022-11-09 03:36:04,吉他
2022-11-09 03:37:02,贝斯
2022-11-09 03:38:00,钢琴
2022-11-09 03:38:58,贝斯
2022-11-09 03:39:56,小提琴
2022-11-09 03:40:54,小提琴
2022-11-09 03:41:52,钢琴
2022-11-09 03:42:50,架子鼓
2022-11-09 03:43:48,吉他
2022-11-09 03:44:46,钢琴
2022-11-09 03:45:44,吉他
2022-11-09 03:46:42,小提琴
2022-11-09 03:47:40,吉他
2022-11-09 03:48:38,贝斯
2022-11-09 03:49:36,小提琴
2022-11-09 03:50:34,钢琴
2022-11-09 03:51:32,小提琴
2022-11-09 03:52:30,萨克斯风
2022-11-09 03:53:28,贝斯
2022-11-09 03:54:26,小提琴
2022-11-09 03:55:24,吉他
2022-11-09 03:56:22,架子鼓
2022-11-09 03:57:20,小提琴
2022-11-09 03:58:18,贝斯
2022-11-09 03:59:16,贝斯
2022-11-09 04:00:14,贝斯
2022-11-09 04:01:12,圆号
2022-11-09 04:02:10,吉他
2022-11-09 04:03:08,贝斯
2022-11-09 04:04:06,小提琴
2022-11-09 04:05:04,吉他
2022-11-09 04:06:02,贝斯
2022-11-09 04:07:00,小提琴
2022-11-09 04:07:58,钢琴
2022-11-09 04:08:56,架子鼓
2022-11-09 04:09:54,钢琴
2022-11-09 04:10:52,小提琴
2022-11-09 04:11:50,钢琴
2022-11-09 04:12:48,萨克斯风
2022-11-09 04:13:46,架子鼓
2022-11-09 04:14:44,吉他
2022-11-09 04:15:42,圆号
2022-11-09 04:16:40,吉他
2022-11-09 04:17:38,小提琴
2022-11-09 04:18:36,贝斯
2022-11-09 04:19:34,贝斯
2022-11-09 04:20:32,架子鼓
2022-11-09 04:21:30,吉他
2022-11-09 04:22:28,吉他
2022-11-09 04:23:26,钢琴
2022-11-09 04:24:24,钢琴
2022-11-09 04:25:22,吉他
2022-11-09 04:26:20,圆号
2022-11-09 04:27:18,钢琴
2022-11-09 04:28:16,钢琴
2022-11-09 04:29:14,贝斯
2022-11-09 04:30:12,钢琴
2022-11-09 04:31:10,吉他
2022-11-09 04:32:08,小提琴
2022-11-09 04:33:06,贝斯
2022-11-09 04:34:04,竖琴
2022-11-09 04:35:02,吉他
2022-11-09 04:36:00,架子鼓
2022-11-09 04:36:58,小提琴
2022-11-09 04:37:56,吉他
2022-11-09 04:38:54,圆号
2022-11-09 04:39:52,吉他
2022-11-09 04:40:50,贝斯
2022-11-09 04:41:48,吉他
2022-11-09 04:42:46,萨克斯风
2022-11-09 04:43:44,小提琴
2022-11-09 04:44:42,小提琴
2022-11-09 04:45:40,贝斯
2022-11-09 04:46:38,钢琴
2022-11-09 04:47:36,吉他
2022-11-09 04:48:34,贝斯
2022-11-09 04:49:32,小提琴
2022-11-09 04:50:30,吉他
2022-11-09 04:51:28,吉他
2022-11-09 04:52:26,钢琴
2022-11-09 04:53:24,架子鼓
2022-11-09 04:54:22,小提琴
2022-11-09 04:55:20,吉他
2022-11-09 04:56:18,竖琴
2022-11-09 04:57:16,贝斯
2022-11-09 04:58:14,小提琴
2022-11-09 04:59:12,钢琴
2022-11-09 05:00:10,贝斯
2022-11-09 05:01:08,钢琴
2022-11-09 05:02:06,萨克斯风
2022-11-09 05:03:04,竖琴
2022-11-09 05:04:02,吉他
2022-11-09 05:05:00,钢琴
2022-11-09 05:05:58,吉他
2022-11-09 05:06:56,吉他
2022-11-09 05:07:54,吉他
2022-11-09 05:08:52,架子鼓
2022-11-09 05:09:50,小提琴
2022-11-09 05:10:48,架子鼓
2022-11-09 05:11:46,小提琴
2022-11-09 05:12:44,小提琴
2022-11-09 05:13:42,贝斯
2022-11-09 05:14:40,贝斯
2022-11-09 05:15:38,小提琴
2022-11-09 05:16:36,小提琴
2022-11-09 05:17:34,萨克斯风
2022-11-09 05:18:32,小提琴
2022-11-09 05:19:30,小提琴
2022-11-09 05:20:28,小提琴
2022-11-09 05:21:26,钢琴
2022-11-09 05:22:24,圆号
2022-11-09 05:23:22,钢琴
2022-11-09 05:24:20,吉他
2022-11-09 05:25:18,小提琴
2022-11-09 05:26:16,钢琴
2022-11-09 05:27:14,小提琴
2022-11-09 05:28:12,钢琴
2022-11-09 05:29:10,小提琴
2022-11-09 05:30:08,贝斯
2022-11-09 05:31:06,吉他
2022-11-09 05:32:04,吉他
2022-11-09 05:33:02,圆号
2022-11-09 05:34:00,吉他
2022-11-09 05:34:58,架子鼓
2022-11-09 05:35:56,钢琴
2022-11-09 05:36:54,小提琴
2022-11-09 05:37:52,贝斯
2022-11-09 05:38:50,小提琴
2022-11-09 05:39:48,小提琴
2022-11-09 05:40:46,架子鼓
2022-11-09 05:41:44,吉他
2022-11-09 05:42:42,竖琴
2022-11-09 05:43:40,钢琴
2022-11-09 05:44:38,钢琴
2022-11-09 05:45:36,贝斯
2022-11-09 05:46:34,钢琴
2022-11-09 05:47:32,钢琴
2022-11-09 05:48:30,钢琴
2022-11-09 05:49:28,小提琴
2022-11-09 05:50:26,圆号
2022-11-09 05:51:24,吉他
2022-11-09 05:52:22,圆号
2022-11-09 05:53:20,吉他
2022-11-09 05:54:18,钢琴
2022-11-09 05:55:16,钢琴
2022-11-09 05:56:14,吉他
2022-11-09 05:57:12,圆号
2022-11-09 05:58:10,贝斯
2022-11-09 05:59:08,钢琴
2022-11-09 06:00:06,吉他
2022-11-09 06:01:04,小提琴
2022-11-09 06:02:02,贝斯
2022-11-09 06:03:00,钢琴
2022-11-09 06:03:58,小提琴
2022-11-09 06:04:56,小提琴
2022-11-09 06:05:54,吉他
2022-11-09 06:06:52,贝斯
2022-11-09 06:07:50,吉他
2022-11-09 06:08:48,小提琴
2022-11-09 06:09:46,架子鼓
2022-11-09 06:10:44,钢琴
2022-11-09 06:11:42,贝斯
2022-11-09 06:12:40,吉他
2022-11-09 06:13:38,吉他
2022-11-09 06:14:36,钢琴
2022-11-09 06:15:34,吉他
2022-11-09 06:16:32,吉他
2022-11-09 06:17:30,贝斯
2022-11-09 06:18:28,贝斯
2022-11-09 06:19:26,吉他
2022-11-09 06:20:24,架子鼓
2022-11-09 06:21:22,小提琴
2022-11-09 06:22:20,萨克斯风
2022-11-09 06:23:18,钢琴
2022-11-09 06:24:16,吉他
2022-11-09 06:25:14,贝斯
2022-11-09 06:26:12,吉他
2022-11-09 06:27:10,钢琴
2022-11-09 06:28:08,钢琴
2022-11-09 06:29:06,钢琴
2022-11-09 06:30:04,钢琴
2022-11-09 06:31:02,钢琴
2022-11-09 06:32:00,贝斯
2022-11-09 06:32:58,贝斯
2022-11-09 06:33:56,小提琴
2022-11-09 06:34:54,贝斯
2022-11-09 06:35:52,小提琴
2022-11-09 06:36:50,钢琴
2022-11-09 06:37:48,钢琴
2022-11-09 06:38:46,架子鼓
2022-11-09 06:39:44,架子鼓
2022-11-09 06:40:42,小提琴
2022-11-09 06:41:40,贝斯
2022-11-09 06:42:38,小提琴
2022-11-09 06:43:36,贝斯
2022-11-09 06:44:34,钢琴
2022-11-09 06:45:32,吉他
2022-11-09 06:46:30,竖琴
2022-11-09 06:47:28,小提琴
2022-11-09 06:48:26,小提琴
2022-11-09 06:49:24,钢琴
2022-11-09 06:50:22,钢琴
2022-11-09 06:51:20,小提琴
2022-11-09 06:52:18,吉他
2022-11-09 06:53:16,吉他
2022-11-09 06:54:14,钢琴
2022-11-09 06:55:12,钢琴
2022-11-09 06:56:10,钢琴
2022-11-09 06:57:08,竖琴
2022-11-09 06:58:06,小提琴
2022-11-09 06:59:04,钢琴
2022-11-09 07:00:02,架子鼓
2022-11-09 07:01:00,吉他
2022-11-09 07:01:58,吉他
2022-11-09 07:02:56,贝斯
2022-11-09 07:03:54,钢琴
2022-11-09 07:04:52,架子鼓
2022-11-09 07:05:50,架子鼓
2022-11-09 07:06:48,竖琴
2022-11-09 07:07:46,钢琴
2022-11-09 07:08:44,竖琴
2022-11-09 07:09:42,小提琴
2022-11-09 07:10:40,钢琴
2022-11-09 07:11:38,小提琴
2022-11-09 07:12:36,贝斯
2022-11-09 07:13:34,吉他
2022-11-09 07:14:32,小提琴
2022-11-09 07:15:30,贝斯
2022-11-09 07:16:28,贝斯
2022-11-09 07:17:26,架子鼓
2022-11-09 07:18:24,小提琴
2022-11-09 07:19:22,小提琴
2022-11-09 07:20:20,贝斯
2022-11-09 07:21:18,吉他
2022-11-09 07:22:16,钢琴
2022-11-09 07:23:14,架子鼓
2022-11-09 07:24:12,小提琴
2022-11-09 07:25:10,小提琴
2022-11-09 07:26:08,钢琴
2022-11-09 07:27:06,小提琴
2022-11-09 07:28:04,小提琴
2022-11-09 07:29:02,架子鼓
2022-11-09 07:30:00,贝斯
2022-11-09 07:30:58,吉他
2022-11-09 07:31:56,小提琴
2022-11-09 07:32:54,贝斯
2022-11-09 07:33:52,吉他
2022-11-09 07:34:50,钢琴
2022-11-09 07:35:48,小提琴
2022-11-09 07:36:46,贝斯
2022-11-09 07:37:44,竖琴
2022-11-09 07:38:42,小提琴
2022-11-09 07:39:40,贝斯
2022-11-09 07:40:38,小提琴
2022-11-09 07:41:36,钢琴
2022-11-09 07:42:34,钢琴
2022-11-09 07:43:32,圆号
2022-11-09 07:44:30,竖琴
2022-11-09 07:45:28,贝斯
2022-11-09 07:46:26,竖琴
2022-11-09 07:47:24,吉他
2022-11-09 07:48:22,竖琴
2022-11-09 07:49:20,小提琴
2022-11-09 07:50:18,贝斯
2022-11-09 07:51:16,贝斯
2022-11-09 07:52:14,贝斯
2022-11-09 07:53:12,吉他
2022-11-09 07:54:10,吉他
2022-11-09 07:55:08,贝斯
2022-11-09 07:56:06,钢琴
2022-11-09 07:57:04,小提琴
2022-11-09 07:58:02,架子鼓
2022-11-09 07:59:00,钢琴
2022-11-09 07:59:58,吉他
2022-11-09 08:00:56,架子鼓
2022-11-09 08:01:54,萨克斯风
2022-11-09 08:02:52,吉他
2022-11-09 08:03:50,贝斯
2022-11-09 08:04:48,钢琴
2022-11-09 08:05:46,圆号
2022-11-09 08:06:44,小提琴
2022-11-09 08:07:42,竖琴
2022-11-09 08:08:40,贝斯
2022-11-09 08:09:38,贝斯
2022-11-09 08:10:36,圆号
2022-11-09 08:11:34,圆号
2022-11-09 08:12:32,钢琴
2022-11-09 08:13:30,钢琴
2022-11-09 08:14:28,贝斯
2022-11-09 08:15:26,钢琴
2022-11-09 08:16:24,架子鼓
2022-11-09 08:17:22,小提琴
2022-11-09 08:18:20,小提琴
2022-11-09 08:19:18,吉他
2022-11-09 08:20:16,小提琴
2022-11-09 08:21:14,小提琴
2022-11-09 08:22:12,贝斯
2022-11-09 08:23:10,贝斯
2022-11-09 08:24:08,钢琴
2022-11-09 08:25:06,贝斯
2022-11-09 08:26:04,小提琴
2022-11-09 08:27:02,架子鼓
2022-11-09 08:28:00,吉他
2022-11-09 08:28:58,贝斯
2022-11-09 08:29:56,小提琴
2022-11-09 08:30:54,萨克斯风
2022-11-09 08:31:52,吉他
2022-11-09 08:32:50,钢琴
2022-11-09 08:33:48,钢琴
2022-11-09 08:34:46,小提琴
2022-11-09 08:35:44,小提琴
2022-11-09 08:36:42,贝斯
2022-11-09 08:37:40,架子鼓
2022-11-09 08:38:38,架子鼓
2022-11-09 08:39:36,吉他
2022-11-09 08:40:34,小提琴
2022-11-09 08:41:32,架子鼓
2022-11-09 08:42:30,小提琴
2022-11-09 08:43:28,小提琴
2022-11-09 08:44:26,吉他
2022-11-09 08:45:24,小提琴
2022-11-09 08:46:22,吉他
2022-11-09 08:47:20,吉他
2022-11-09 08:48:18,贝斯
2022-11-09 08:49:16,贝斯
2022-11-09 08:50:14,吉他
2022-11-09 08:51:12,小提琴
2022-11-09 08:52:10,圆号
2022-11-09 08:53:08,贝斯
2022-11-09 08:54:06,架子鼓
2022-11-09 08:55:04,小提琴
2022-11-09 08:56:02,小提琴
2022-11-09 08:57:00,贝斯
2022-11-09 08:57:58,小提琴
2022-11-09 08:58:56,钢琴
2022-11-09 08:59:54,架子鼓
2022-11-09 09:00:52,吉他
2022-11-09 09:01:50,架子鼓
2022-11-09 09:02:48,架子鼓
2022-11-09 09:03:46,竖琴
2022-11-09 09:04:44,吉他
2022-11-09 09:05:42,架子鼓
2022-11-09 09:06:40,贝斯
2022-11-09 09:07:38,吉他
2022-11-09 09:08:36,圆号
2022-11-09 09:09:34,钢琴
2022-11-09 09:10:32,贝斯
2022-11-09 09:11:30,吉他
2022-11-09 09:12:28,吉他
2022-11-09 09:13:26,小提琴
2022-11-09 09:14:24,吉他
2022-11-09 09:15:22,吉他
2022-11-09 09:16:20,贝斯
2022-11-09 09:17:18,小提琴
2022-11-09 09:18:16,吉他
2022-11-09 09:19:14,钢琴
2022-11-09 09:20:12,吉他
2022-11-09 09:21:10,吉他
2022-11-09 09:22:08,小提琴
2022-11-09 09:23:06,吉他
2022-11-09 09:24:04,吉他
2022-11-09 09:25:02,钢琴
2022-11-09 09:26:00,小提琴
2022-11-09 09:26:58,钢琴
2022-11-09 09:27:56,钢琴
2022-11-09 09:28:54,钢琴
2022-11-09 09:29:52,小提琴
2022-11-09 09:30:50,贝斯
2022-11-09 09:31:48,竖琴
2022-11-09 09:32:46,钢琴
2022-11-09 09:33:44,吉他
2022-11-09 09:34:42,圆号
2022-11-09 09:35:40,吉他
2022-11-09 09:36:38,贝斯
2022-11-09 09:37:36,萨克斯风
2022-11-09 09:38:34,吉他
2022-11-09 09:39:32,钢琴
2022-11-09 09:40:30,贝斯
2022-11-09 09:41:28,钢琴
2022-11-09 09:42:26,钢琴
2022-11-09 09:43:24,架子鼓
2022-11-09 09:44:22,贝斯
2022-11-09 09:45:20,贝斯
2022-11-09 09:46:18,小提琴
2022-11-09 09:47:16,钢琴
2022-11-09 09:48:14,小提琴
2022-11-09 09:49:12,小提琴
2022-11-09 09:50:10,贝斯
2022-11-09 09:51:08,钢琴
2022-11-09 09:52:06,钢琴
2022-11-09 09:53:04,竖琴
2022-11-09 09:54:02,圆号
2022-11-09 09:55:00,小提琴
2022-11-09 09:55:58,小提琴
2022-11-09 09:56:56,钢琴
2022-11-09 09:57:54,贝斯
2022-11-09 09:58:52,架子鼓
2022-11-09 09:59:50,小提琴
2022-11-09 10:00:48,钢琴
2022-11-09 10:01:46,吉他
2022-11-09 10:02:44,圆号
2022-11-09 10:03:42,贝斯
2022-11-09 10:04:40,小提琴
2022-11-09 10:05:38,小提琴
2022-11-09 10:06:36,吉他
2022-11-09 10:07:34,贝斯
2022-11-09 10:08:32,贝斯
2022-11-09 10:09:30,吉他
2022-11-09 10:10:28,吉他
2022-11-09 10:11:26,架子鼓
2022-11-09 10:12:24,钢琴
2022-11-09 10:13:22,贝斯
2022-11-09 10:14:20,架子鼓
2022-11-09 10:15:18,贝斯
2022-11-09 10:16:16,贝斯
2022-11-09 10:17:14,架子鼓
2022-11-09 10:18:12,吉他
2022-11-09 10:19:10,架子鼓
2022-11-09 10:20:08,钢琴
2022-11-09 10:21:06,钢琴
2022-11-09 10:22:04,钢琴
2022-11-09 10:23:02,架子鼓
2022-11-09 10:24:00,贝斯
2022-11-09 10:24:58,贝斯
2022-11-09 10:25:56,吉他
2022-11-09 10:26:54,贝斯
2022-11-09 10:27:52,吉他
2022-11-09 10:28:50,贝斯
2022-11-09 10:29:48,吉他
2022-11-09 10:30:46,钢琴
2022-11-09 10:31:44,小提琴
2022-11-09 10:32:42,吉他
2022-11-09 10:33:40,吉他
2022-11-09 10:34:38,吉他
2022-11-09 10:35:36,竖琴
2022-11-09 10:36:34,钢琴
2022-11-09 10:37:32,钢琴
2022-11-09 10:38:30,架子鼓
2022-11-09 10:39:28,吉他
2022-11-09 10:40:26,竖琴
2022-11-09 10:41:24,小提琴
2022-11-09 10:42:22,小提琴
2022-11-09 10:43:20,小提琴
2022-11-09 10:44:18,贝斯
2022-11-09 10:45:16,钢琴
2022-11-09 10:46:14,小提琴
2022-11-09 10:47:12,钢琴
2022-11-09 10:48:10,小提琴
2022-11-09 10:49:08,钢琴
2022-11-09 10:50:06,吉他
2022-11-09 10:51:04,钢琴
2022-11-09 10:52:02,贝斯
2022-11-09 10:53:00,钢琴
2022-11-09 10:53:58,小提琴
2022-11-09 10:54:56,吉他
2022-11-09 10:55:54,吉他
2022-11-09 10:56:52,小提琴
2022-11-09 10:57:50,贝斯
2022-11-09 10:58:48,架子鼓
2022-11-09 10:59:46,钢琴
2022-11-09 11:00:44,吉他
2022-11-09 11:01:42,吉他
2022-11-09 11:02:40,小提琴
2022-11-09 11:03:38,竖琴
2022-11-09 11:04:36,吉他
2022-11-09 11:05:34,吉他
2022-11-09 11:06:32,钢琴
2022-11-09 11:07:30,小提琴
2022-11-09 11:08:28,架子鼓
2022-11-09 11:09:26,贝斯
2022-11-09 11:10:24,架子鼓
2022-11-09 11:11:22,吉他
2022-11-09 11:12:20,小提琴
2022-11-09 11:13:18,吉他
2022-11-09 11:14:16,小提琴
2022-11-09 11:15:14,贝斯
2022-11-09 11:16:12,小提琴
2022-11-09 11:17:10,吉他
2022-11-09 11:18:08,贝斯
2022-11-09 11:19:06,小提琴
2022-11-09 11:20:04,萨克斯风
2022-11-09 11:21:02,小提琴
2022-11-09 11:22:00,贝斯
2022-11-09 11:22:58,圆号
2022-11-09 11:23:56,钢琴
2022-11-09 11:24:54,竖琴
2022-11-09 11:25:52,架子鼓
2022-11-09 11:26:50,贝斯
2022-11-09 11:27:48,贝斯
2022-11-09 11:28:46,吉他
2022-11-09 11:29:44,架子鼓
2022-11-09 11:30:42,架子鼓
2022-11-09 11:31:40,贝斯
2022-11-09 11:32:38,小提琴
2022-11-09 11:33:36,架子鼓
2022-11-09 11:34:34,小提琴
2022-11-09 11:35:32,吉他
2022-11-09 11:36:30,贝斯
2022-11-09 11:37:28,贝斯
2022-11-09 11:38:26,钢琴
2022-11-09 11:39:24,竖琴
2022-11-09 11:40:22,小提琴
2022-11-09 11:41:20,贝斯
2022-11-09 11:42:18,贝斯
2022-11-09 11:43:16,贝斯
2022-11-09 11:44:14,吉他
2022-11-09 11:45:12,贝斯
2022-11-09 11:46:10,钢琴
2022-11-09 11:47:08,小提琴
2022-11-09 11:48:06,贝斯
2022-11-09 11:49:04,吉他
2022-11-09 11:50:02,吉他
2022-11-09 11:51:00,吉他
2022-11-09 11:51:58,贝斯
2022-11-09 11:52:56,吉他
2022-11-09 11:53:54,架子鼓
2022-11-09 11:54:52,吉他
2022-11-09 11:55:50,架子鼓
2022-11-09 11:56:48,吉他
2022-11-09 11:57:46,钢琴
2022-11-09 11:58:44,贝斯
2022-11-09 11:59:42,竖琴
2022-11-09 12:00:40,吉他
2022-11-09 12:01:38,钢琴
2022-11-09 12:02:36,吉他
2022-11-09 12:03:34,钢琴
2022-11-09 12:04:32,吉他
2022-11-09 12:05:30,架子鼓
2022-11-09 12:06:28,竖琴
2022-11-09 12:07:26,吉他
2022-11-09 12:08:24,吉他
2022-11-09 12:09:22,贝斯
2022-11-09 12:10:20,吉他
2022-11-09 12:11:18,钢琴
2022-11-09 12:12:16,圆号
2022-11-09 12:13:14,钢琴
2022-11-09 12:14:12,小提琴
2022-11-09 12:15:10,小提琴
2022-11-09 12:16:08,架子鼓
2022-11-09 12:17:06,贝斯
2022-11-09 12:18:04,贝斯
2022-11-09 12:19:02,小提琴
2022-11-09 12:20:00,小提琴
2022-11-09 12:20:58,钢琴
2022-11-09 12:21:56,贝斯
2022-11-09 12:22:54,贝斯
2022-11-09 12:23:52,吉他
2022-11-09 12:24:50,小提琴
2022-11-09 12:25:48,吉他
2022-11-09 12:26:46,吉他
2022-11-09 12:27:44,吉他
2022-11-09 12:28:42,小提琴
2022-11-09 12:29:40,吉他
2022-11-09 12:30:38,吉他
2022-11-09 12:31:36,钢琴
2022-11-09 12:32:34,钢琴
2022-11-09 12:33:32,架子鼓
2022-11-09 12:34:30,吉他
2022-11-09 12:35:28,吉他
2022-11-09 12:36:26,吉他
2022-11-09 12:37:24,架子鼓
2022-11-09 12:38:22,贝斯
2022-11-09 12:39:20,吉他
2022-11-09 12:40:18,吉他
2022-11-09 12:41:16,小提琴
2022-11-09 12:42:14,小提琴
2022-11-09 12:43:12,贝斯
2022-11-09 12:44:10,钢琴
2022-11-09 12:45:08,贝斯
2022-11-09 12:46:06,钢琴
2022-11-09 12:47:04,钢琴
2022-11-09 12:48:02,吉他
2022-11-09 12:49:00,小提琴
2022-11-09 12:49:58,圆号
2022-11-09 12:50:56,小提琴
2022-11-09 12:51:54,贝斯
2022-11-09 12:52:52,钢琴
2022-11-09 12:53:50,钢琴
2022-11-09 12:54:48,吉他
2022-11-09 12:55:46,吉他
2022-11-09 12:56:44,贝斯
2022-11-09 12:57:42,小提琴
2022-11-09 12:58:40,吉他
2022-11-09 12:59:38,小提琴
2022-11-09 13:00:36,贝斯
2022-11-09 13:01:34,钢琴
2022-11-09 13:02:32,钢琴
2022-11-09 13:03:30,架子鼓
2022-11-09 13:04:28,架子鼓
2022-11-09 13:05:26,贝斯
2022-11-09 13:06:24,架子鼓
2022-11-09 13:07:22,竖琴
2022-11-09 13:08:20,吉他
2022-11-09 13:09:18,小提琴
2022-11-09 13:10:16,钢琴
2022-11-09 13:11:14,小提琴
2022-11-09 13:12:12,小提琴
2022-11-09 13:13:10,钢琴
2022-11-09 13:14:08,钢琴
2022-11-09 13:15:06,萨克斯风
2022-11-09 13:16:04,竖琴
2022-11-09 13:17:02,吉他
2022-11-09 13:18:00,架子鼓
2022-11-09 13:18:58,吉他
2022-11-09 13:19:56,萨克斯风
2022-11-09 13:20:54,吉他
2022-11-09 13:21:52,钢琴
2022-11-09 13:22:50,吉他
2022-11-09 13:23:48,小提琴
2022-11-09 13:24:46,小提琴
2022-11-09 13:25:44,小提琴
2022-11-09 13:26:42,小提琴
2022-11-09 13:27:40,小提琴
2022-11-09 13:28:38,钢琴
2022-11-09 13:29:36,钢琴
2022-11-09 13:30:34,吉他
2022-11-09 13:31:32,圆号
2022-11-09 13:32:30,贝斯
2022-11-09 13:33:28,吉他
2022-11-09 13:34:26,架子鼓
2022-11-09 13:35:24,竖琴
2022-11-09 13:36:22,小提琴
2022-11-09 13:37:20,贝斯
2022-11-09 13:38:18,小提琴
2022-11-09 13:39:16,贝斯
2022-11-09 13:40:14,贝斯
2022-11-09 13:41:12,吉他
2022-11-09 13:42:10,架子鼓
2022-11-09 13:43:08,吉他
2022-11-09 13:44:06,贝斯
2022-11-09 13:45:04,吉他
2022-11-09 13:46:02,贝斯
2022-11-09 13:47:00,钢琴
2022-11-09 13:47:58,竖琴
2022-11-09 13:48:56,贝斯
2022-11-09 13:49:54,钢琴
2022-11-09 13:50:52,吉他
2022-11-09 13:51:50,吉他
2022-11-09 13:52:48,小提琴
2022-11-09 13:53:46,架子鼓
2022-11-09 13:54:44,钢琴
2022-11-09 13:55:42,吉他
2022-11-09 13:56:40,竖琴
2022-11-09 13:57:38,贝斯
2022-11-09 13:58:36,钢琴
2022-11-09 13:59:34,萨克斯风
2022-11-09 14:00:32,吉他
2022-11-09 14:01:30,萨克斯风
2022-11-09 14:02:28,吉他
2022-11-09 14:03:26,架子鼓
2022-11-09 14:04:24,贝斯
2022-11-09 14:05:22,圆号
2022-11-09 14:06:20,小提琴
2022-11-09 14:07:18,吉他
2022-11-09 14:08:16,钢琴
2022-11-09 14:09:14,贝斯
2022-11-09 14:10:12,钢琴
2022-11-09 14:11:10,贝斯
2022-11-09 14:12:08,吉他
2022-11-09 14:13:06,小提琴
2022-11-09 14:14:04,贝斯
2022-11-09 14:15:02,架子鼓
2022-11-09 14:16:00,架子鼓
2022-11-09 14:16:58,吉他
2022-11-09 14:17:56,小提琴
2022-11-09 14:18:54,贝斯
2022-11-09 14:19:52,贝斯
2022-11-09 14:20:50,小提琴
2022-11-09 14:21:48,吉他
2022-11-09 14:22:46,贝斯
2022-11-09 14:23:44,钢琴
2022-11-09 14:24:42,吉他
2022-11-09 14:25:40,贝斯
2022-11-09 14:26:38,贝斯
2022-11-09 14:27:36,架子鼓
2022-11-09 14:28:34,贝斯
2022-11-09 14:29:32,贝斯
2022-11-09 14:30:30,圆号
2022-11-09 14:31:28,吉他
2022-11-09 14:32:26,萨克斯风
2022-11-09 14:33:24,架子鼓
2022-11-09 14:34:22,萨克斯风
2022-11-09 14:35:20,吉他
2022-11-09 14:36:18,钢琴
2022-11-09 14:37:16,钢琴
2022-11-09 14:38:14,小提琴
2022-11-09 14:39:12,钢琴
2022-11-09 14:40:10,贝斯
2022-11-09 14:41:08,小提琴
2022-11-09 14:42:06,小提琴
2022-11-09 14:43:04,小提琴
2022-11-09 14:44:02,钢琴
2022-11-09 14:45:00,吉他
2022-11-09 14:45:58,贝斯
2022-11-09 14:46:56,贝斯
2022-11-09 14:47:54,吉他
2022-11-09 14:48:52,小提琴
2022-11-09 14:49:50,钢琴
2022-11-09 14:50:48,钢琴
2022-11-09 14:51:46,小提琴
2022-11-09 14:52:44,架子鼓
2022-11-09 14:53:42,钢琴
2022-11-09 14:54:40,贝斯
2022-11-09 14:55:38,小提琴
2022-11-09 14:56:36,贝斯
2022-11-09 14:57:34,吉他
2022-11-09 14:58:32,吉他
2022-11-09 14:59:30,钢琴
2022-11-09 15:00:28,吉他
2022-11-09 15:01:26,贝斯
2022-11-09 15:02:24,贝斯
2022-11-09 15:03:22,小提琴
2022-11-09 15:04:20,钢琴
2022-11-09 15:05:18,小提琴
2022-11-09 15:06:16,架子鼓
2022-11-09 15:07:14,贝斯
2022-11-09 15:08:12,小提琴
2022-11-09 15:09:10,钢琴
2022-11-09 15:10:08,吉他
2022-11-09 15:11:06,吉他
2022-11-09 15:12:04,钢琴
2022-11-09 15:13:02,架子鼓
2022-11-09 15:14:00,贝斯
2022-11-09 15:14:58,圆号
2022-11-09 15:15:56,钢琴
2022-11-09 15:16:54,钢琴
2022-11-09 15:17:52,竖琴
2022-11-09 15:18:50,吉他
2022-11-09 15:19:48,贝斯
2022-11-09 15:20:46,架子鼓
2022-11-09 15:21:44,贝斯
2022-11-09 15:22:42,吉他
2022-11-09 15:23:40,小提琴
2022-11-09 15:24:38,竖琴
2022-11-09 15:25:36,钢琴
2022-11-09 15:26:34,竖琴
2022-11-09 15:27:32,竖琴
2022-11-09 15:28:30,吉他
2022-11-09 15:29:28,竖琴
2022-11-09 15:30:26,贝斯
2022-11-09 15:31:24,贝斯
2022-11-09 15:32:22,小提琴
2022-11-09 15:33:20,钢琴
2022-11-09 15:34:18,钢琴
2022-11-09 15:35:16,钢琴
2022-11-09 15:36:14,贝斯
2022-11-09 15:37:12,贝斯
2022-11-09 15:38:10,钢琴
2022-11-09 15:39:08,钢琴
2022-11-09 15:40:06,钢琴
2022-11-09 15:41:04,钢琴
2022-11-09 15:42:02,贝斯
2022-11-09 15:43:00,吉他
2022-11-09 15:43:58,吉他
2022-11-09 15:44:56,贝斯
2022-11-09 15:45:54,小提琴
2022-11-09 15:46:52,吉他
2022-11-09 15:47:50,小提琴
2022-11-09 15:48:48,贝斯
2022-11-09 15:49:46,吉他
2022-11-09 15:50:44,钢琴
2022-11-09 15:51:42,竖琴
2022-11-09 15:52:40,萨克斯风
2022-11-09 15:53:38,吉他
2022-11-09 15:54:36,钢琴
2022-11-09 15:55:34,钢琴
2022-11-09 15:56:32,贝斯
2022-11-09 15:57:30,钢琴
2022-11-09 15:58:28,钢琴
2022-11-09 15:59:26,贝斯
2022-11-09 16:00:24,竖琴
2022-11-09 16:01:22,贝斯
2022-11-09 16:02:20,小提琴
2022-11-09 16:03:18,吉他
2022-11-09 16:04:16,小提琴
2022-11-09 16:05:14,钢琴
2022-11-09 16:06:12,小提琴
2022-11-09 16:07:10,贝斯
2022-11-09 16:08:08,贝斯
2022-11-09 16:09:06,架子鼓
2022-11-09 16:10:04,贝斯
2022-11-09 16:11:02,贝斯
2022-11-09 16:12:00,贝斯
2022-11-09 16:12:58,架子鼓
2022-11-09 16:13:56,小提琴
2022-11-09 16:14:54,贝斯
2022-11-09 16:15:52,小提琴
2022-11-09 16:16:50,架子鼓
2022-11-09 16:17:48,钢琴
2022-11-09 16:18:46,吉他
2022-11-09 16:19:44,吉他
2022-11-09 16:20:42,贝斯
2022-11-09 16:21:40,钢琴
2022-11-09 16:22:38,贝斯
2022-11-09 16:23:36,钢琴
2022-11-09 16:24:34,吉他
2022-11-09 16:25:32,吉他
2022-11-09 16:26:30,小提琴
2022-11-09 16:27:28,小提琴
2022-11-09 16:28:26,钢琴
2022-11-09 16:29:24,钢琴
2022-11-09 16:30:22,竖琴
2022-11-09 16:31:20,贝斯
2022-11-09 16:32:18,小提琴
2022-11-09 16:33:16,吉他
2022-11-09 16:34:14,钢琴
2022-11-09 16:35:12,吉他
2022-11-09 16:36:10,小提琴
2022-11-09 16:37:08,吉他
2022-11-09 16:38:06,圆号
2022-11-09 16:39:04,小提琴
2022-11-09 16:40:02,贝斯
2022-11-09 16:41:00,架子鼓
2022-11-09 16:41:58,架子鼓
2022-11-09 16:42:56,小提琴
2022-11-09 16:43:54,萨克斯风
2022-11-09 16:44:52,贝斯
2022-11-09 16:45:50,钢琴
2022-11-09 16:46:48,钢琴
2022-11-09 16:47:46,吉他
2022-11-09 16:48:44,钢琴
2022-11-09 16:49:42,吉他
2022-11-09 16:50:40,小提琴
2022-11-09 16:51:38,贝斯
2022-11-09 16:52:36,吉他
2022-11-09 16:53:34,萨克斯风
2022-11-09 16:54:32,吉他
2022-11-09 16:55:30,钢琴
2022-11-09 16:56:28,吉他
2022-11-09 16:57:26,竖琴
2022-11-09 16:58:24,钢琴
2022-11-09 16:59:22,钢琴
2022-11-09 17:00:20,架子鼓
2022-11-09 17:01:18,吉他
2022-11-09 17:02:16,钢琴
2022-11-09 17:03:14,吉他
2022-11-09 17:04:12,吉他
2022-11-09 17:05:10,钢琴
2022-11-09 17:06:08,钢琴
2022-11-09 17:07:06,架子鼓
2022-11-09 17:08:04,小提琴
2022-11-09 17:09:02,小提琴
2022-11-09 17:10:00,吉他
2022-11-09 17:10:58,钢琴
2022-11-09 17:11:56,贝斯
2022-11-09 17:12:54,贝斯
2022-11-09 17:13:52,小提琴
2022-11-09 17:14:50,架子鼓
2022-11-09 17:15:48,贝斯
2022-11-09 17:16:46,钢琴
2022-11-09 17:17:44,钢琴
2022-11-09 17:18:42,架子鼓
2022-11-09 17:19:40,竖琴
2022-11-09 17:20:38,贝斯
2022-11-09 17:21:36,贝斯
2022-11-09 17:22:34,架子鼓
2022-11-09 17:23:32,吉他
2022-11-09 17:24:30,小提琴
2022-11-09 17:25:28,钢琴
2022-11-09 17:26:26,贝斯
2022-11-09 17:27:24,钢琴
2022-11-09 17:28:22,贝斯
2022-11-09 17:29:20,萨克斯风
2022-11-09 17:30:18,钢琴
2022-11-09 17:31:16,钢琴
2022-11-09 17:32:14,吉他
2022-11-09 17:33:12,钢琴
2022-11-09 17:34:10,吉他
2022-11-09 17:35:08,吉他
2022-11-09 17:36:06,小提琴
2022-11-09 17:37:04,小提琴
2022-11-09 17:38:02,圆号
2022-11-09 17:39:00,钢琴
2022-11-09 17:39:58,钢琴
2022-11-09 17:40:56,贝斯
2022-11-09 17:41:54,架子鼓
2022-11-09 17:42:52,钢琴
2022-11-09 17:43:50,吉他
2022-11-09 17:44:48,小提琴
2022-11-09 17:45:46,吉他
2022-11-09 17:46:44,架子鼓
2022-11-09 17:47:42,吉他
2022-11-09 17:48:40,竖琴
2022-11-09 17:49:38,钢琴
2022-11-09 17:50:36,钢琴
2022-11-09 17:51:34,钢琴
2022-11-09 17:52:32,钢琴
2022-11-09 17:53:30,贝斯
2022-11-09 17:54:28,架子鼓
2022-11-09 17:55:26,架子鼓
2022-11-09 17:56:24,萨克斯风
2022-11-09 17:57:22,贝斯
2022-11-09 17:58:20,小提琴
2022-11-09 17:59:18,吉他
2022-11-09 18:00:16,小提琴
2022-11-09 18:01:14,钢琴
2022-11-09 18:02:12,钢琴
2022-11-09 18:03:10,小提琴
2022-11-09 18:04:08,吉他
2022-11-09 18:05:06,贝斯
2022-11-09 18:06:04,吉他
2022-11-09 18:07:02,吉他
2022-11-09 18:08:00,贝斯
2022-11-09 18:08:58,贝斯
2022-11-09 18:09:56,小提琴
2022-11-09 18:10:54,贝斯
2022-11-09 18:11:52,贝斯
2022-11-09 18:12:50,贝斯
2022-11-09 18:13:48,钢琴
2022-11-09 18:14:46,贝斯
2022-11-09 18:15:44,架子鼓
2022-11-09 18:16:42,贝斯
2022-11-09 18:17:40,小提琴
2022-11-09 18:18:38,贝斯
2022-11-09 18:19:36,吉他
2022-11-09 18:20:34,竖琴
2022-11-09 18:21:32,架子鼓
2022-11-09 18:22:30,竖琴
2022-11-09 18:23:28,小提琴
2022-11-09 18:24:26,吉他
2022-11-09 18:25:24,贝斯
2022-11-09 18:26:22,圆号
2022-11-09 18:27:20,贝斯
2022-11-09 18:28:18,钢琴
2022-11-09 18:29:16,小提琴
2022-11-09 18:30:14,竖琴
2022-11-09 18:31:12,钢琴
2022-11-09 18:32:10,钢琴
2022-11-09 18:33:08,吉他
2022-11-09 18:34:06,小提琴
2022-11-09 18:35:04,圆号
2022-11-09 18:36:02,贝斯
2022-11-09 18:37:00,贝斯
2022-11-09 18:37:58,圆号
2022-11-09 18:38:56,钢琴
2022-11-09 18:39:54,吉他
2022-11-09 18:40:52,小提琴
2022-11-09 18:41:50,钢琴
2022-11-09 18:42:48,吉他
2022-11-09 18:43:46,吉他
2022-11-09 18:44:44,架子鼓
2022-11-09 18:45:42,钢琴
2022-11-09 18:46:40,钢琴
2022-11-09 18:47:38,钢琴
2022-11-09 18:48:36,钢琴
2022-11-09 18:49:34,吉他
2022-11-09 18:50:32,小提琴
2022-11-09 18:51:30,吉他
2022-11-09 18:52:28,竖琴
2022-11-09 18:53:26,小提琴
2022-11-09 18:54:24,贝斯
2022-11-09 18:55:22,架子鼓
2022-11-09 18:56:20,贝斯
2022-11-09 18:57:18,吉他
2022-11-09 18:58:16,架子鼓
2022-11-09 18:59:14,架子鼓
2022-11-09 19:00:12,吉他
2022-11-09 19:01:10,吉他
2022-11-09 19:02:08,贝斯
2022-11-09 19:03:06,贝斯
2022-11-09 19:04:04,架子鼓
2022-11-09 19:05:02,小提琴
2022-11-09 19:06:00,贝斯
2022-11-09 19:06:58,钢琴
2022-11-09 19:07:56,吉他
2022-11-09 19:08:54,贝斯
2022-11-09 19:09:52,贝斯
2022-11-09 19:10:50,贝斯
2022-11-09 19:11:48,贝斯
2022-11-09 19:12:46,钢琴
2022-11-09 19:13:44,贝斯
2022-11-09 19:14:42,吉他
2022-11-09 19:15:40,小提琴
2022-11-09 19:16:38,竖琴
2022-11-09 19:17:36,吉他
2022-11-09 19:18:34,钢琴
2022-11-09 19:19:32,圆号
2022-11-09 19:20:30,贝斯
2022-11-09 19:21:28,吉他
2022-11-09 19:22:26,萨克斯风
2022-11-09 19:23:24,吉他
2022-11-09 19:24:22,竖琴
2022-11-09 19:25:20,萨克斯风
2022-11-09 19:26:18,小提琴
2022-11-09 19:27:16,钢琴
2022-11-09 19:28:14,萨克斯风
2022-11-09 19:29:12,贝斯
2022-11-09 19:30:10,小提琴
2022-11-09 19:31:08,钢琴
2022-11-09 19:32:06,竖琴
2022-11-09 19:33:04,钢琴
2022-11-09 19:34:02,贝斯
2022-11-09 19:35:00,吉他
2022-11-09 19:35:58,贝斯
2022-11-09 19:36:56,贝斯
2022-11-09 19:37:54,钢琴
2022-11-09 19:38:52,钢琴
2022-11-09 19:39:50,小提琴
2022-11-09 19:40:48,吉他
2022-11-09 19:41:46,小提琴
2022-11-09 19:42:44,小提琴
2022-11-09 19:43:42,钢琴
2022-11-09 19:44:40,小提琴
2022-11-09 19:45:38,小提琴
2022-11-09 19:46:36,架子鼓
2022-11-09 19:47:34,小提琴
2022-11-09 19:48:32,贝斯
2022-11-09 19:49:30,吉他
2022-11-09 19:50:28,吉他
2022-11-09 19:51:26,吉他
2022-11-09 19:52:24,架子鼓
2022-11-09 19:53:22,吉他
2022-11-09 19:54:20,贝斯
2022-11-09 19:55:18,贝斯
2022-11-09 19:56:16,吉他
2022-11-09 19:57:14,架子鼓
2022-11-09 19:58:12,钢琴
2022-11-09 19:59:10,圆号
2022-11-09 20:00:08,钢琴
2022-11-09 20:01:06,钢琴
2022-11-09 20:02:04,萨克斯风
2022-11-09 20:03:02,萨克斯风
2022-11-09 20:04:00,萨克斯风
2022-11-09 20:04:58,钢琴
2022-11-09 20:05:56,贝斯
2022-11-09 20:06:54,吉他
2022-11-09 20:07:52,贝斯
2022-11-09 20:08:50,吉他
2022-11-09 20:09:48,小提琴
2022-11-09 20:10:46,小提琴
2022-11-09 20:11:44,钢琴
2022-11-09 20:12:42,钢琴
2022-11-09 20:13:40,钢琴
2022-11-09 20:14:38,架子鼓
2022-11-09 20:15:36,吉他
2022-11-09 20:16:34,小提琴
2022-11-09 20:17:32,钢琴
2022-11-09 20:18:30,贝斯
2022-11-09 20:19:28,钢琴
2022-11-09 20:20:26,吉他
2022-11-09 20:21:24,小提琴
2022-11-09 20:22:22,钢琴
2022-11-09 20:23:20,钢琴
2022-11-09 20:24:18,钢琴
2022-11-09 20:25:16,小提琴
2022-11-09 20:26:14,小提琴
2022-11-09 20:27:12,贝斯
2022-11-09 20:28:10,小提琴
2022-11-09 20:29:08,小提琴
2022-11-09 20:30:06,吉他
2022-11-09 20:31:04,吉他
2022-11-09 20:32:02,吉他
2022-11-09 20:33:00,竖琴
2022-11-09 20:33:58,钢琴
2022-11-09 20:34:56,贝斯
2022-11-09 20:35:54,钢琴
2022-11-09 20:36:52,贝斯
2022-11-09 20:37:50,钢琴
2022-11-09 20:38:48,架子鼓
2022-11-09 20:39:46,钢琴
2022-11-09 20:40:44,架子鼓
2022-11-09 20:41:42,竖琴
2022-11-09 20:42:40,钢琴
2022-11-09 20:43:38,钢琴
2022-11-09 20:44:36,吉他
2022-11-09 20:45:34,吉他
2022-11-09 20:46:32,钢琴
2022-11-09 20:47:30,贝斯
2022-11-09 20:48:28,贝斯
2022-11-09 20:49:26,钢琴
2022-11-09 20:50:24,贝斯
2022-11-09 20:51:22,贝斯
2022-11-09 20:52:20,小提琴
2022-11-09 20:53:18,钢琴
2022-11-09 20:54:16,架子鼓
2022-11-09 20:55:14,贝斯
2022-11-09 20:56:12,吉他
2022-11-09 20:57:10,贝斯
2022-11-09 20:58:08,贝斯
2022-11-09 20:59:06,架子鼓
2022-11-09 21:00:04,贝斯
2022-11-09 21:01:02,吉他
2022-11-09 21:02:00,贝斯
2022-11-09 21:02:58,小提琴
2022-11-09 21:03:56,吉他
2022-11-09 21:04:54,贝斯
2022-11-09 21:05:52,架子鼓
2022-11-09 21:06:50,贝斯
2022-11-09 21:07:48,贝斯
2022-11-09 21:08:46,钢琴
2022-11-09 21:09:44,吉他
2022-11-09 21:10:42,贝斯
2022-11-09 21:11:40,圆号
2022-11-09 21:12:38,钢琴
2022-11-09 21:13:36,吉他
2022-11-09 21:14:34,小提琴
2022-11-09 21:15:32,吉他
2022-11-09 21:16:30,小提琴
2022-11-09 21:17:28,吉他
2022-11-09 21:18:26,萨克斯风
2022-11-09 21:19:24,架子鼓
2022-11-09 21:20:22,吉他
2022-11-09 21:21:20,钢琴
2022-11-09 21:22:18,钢琴
2022-11-09 21:23:16,钢琴
2022-11-09 21:24:14,贝斯
2022-11-09 21:25:12,小提琴
2022-11-09 21:26:10,钢琴
2022-11-09 21:27:08,吉他
2022-11-09 21:28:06,钢琴
2022-11-09 21:29:04,萨克斯风
2022-11-09 21:30:02,钢琴
2022-11-09 21:31:00,萨克斯风
2022-11-09 21:31:58,架子鼓
2022-11-09 21:32:56,小提琴
2022-11-09 21:33:54,贝斯
2022-11-09 21:34:52,吉他
2022-11-09 21:35:50,钢琴
2022-11-09 21:36:48,钢琴
2022-11-09 21:37:46,钢琴
2022-11-09 21:38:44,小提琴
2022-11-09 21:39:42,竖琴
2022-11-09 21:40:40,贝斯
2022-11-09 21:41:38,钢琴
2022-11-09 21:42:36,竖琴
2022-11-09 21:43:34,小提琴
2022-11-09 21:44:32,钢琴
2022-11-09 21:45:30,贝斯
2022-11-09 21:46:28,吉他
2022-11-09 21:47:26,贝斯
2022-11-09 21:48:24,小提琴
2022-11-09 21:49:22,钢琴
2022-11-09 21:50:20,钢琴
2022-11-09 21:51:18,小提琴
2022-11-09 21:52:16,钢琴
2022-11-09 21:53:14,贝斯
2022-11-09 21:54:12,小提琴
2022-11-09 21:55:10,小提琴
2022-11-09 21:56:08,钢琴
2022-11-09 21:57:06,贝斯
2022-11-09 21:58:04,吉他
2022-11-09 21:59:02,吉他
2022-11-09 22:00:00,吉他
2022-11-09 22:00:58,萨克斯风
2022-11-09 22:01:56,钢琴
2022-11-09 22:02:54,钢琴
2022-11-09 22:03:52,吉他
2022-11-09 22:04:50,吉他
2022-11-09 22:05:48,钢琴
2022-11-09 22:06:46,贝斯
2022-11-09 22:07:44,钢琴
2022-11-09 22:08:42,小提琴
2022-11-09 22:09:40,小提琴
2022-11-09 22:10:38,架子鼓
2022-11-09 22:11:36,吉他
2022-11-09 22:12:34,吉他
2022-11-09 22:13:32,小提琴
2022-11-09 22:14:30,钢琴
2022-11-09 22:24:10,贝斯
2022-11-09 22:25:08,架子鼓
2022-11-09 22:26:06,钢琴
2022-11-09 22:27:04,吉他
2022-11-09 22:28:02,贝斯
2022-11-09 22:29:00,贝斯
2022-11-09 22:29:58,小提琴
2022-11-09 22:30:56,竖琴
2022-11-09 22:31:54,竖琴
2022-11-09 22:32:52,吉他
2022-11-09 22:33:50,吉他
2022-11-09 22:34:48,架子鼓
2022-11-09 22:35:46,小提琴
2022-11-09 22:36:44,吉他
2022-11-09 22:37:42,钢琴
2022-11-09 22:38:40,小提琴
2022-11-09 22:39:38,小提琴
2022-11-09 22:40:36,吉他
2022-11-09 22:41:34,吉他
2022-11-09 22:42:32,小提琴
2022-11-09 22:43:30,吉他
2022-11-09 22:44:28,钢琴
2022-11-09 22:45:26,吉他
2022-11-09 22:46:24,钢琴
2022-11-09 22:47:22,钢琴
2022-11-09 22:48:20,萨克斯风
2022-11-09 22:49:18,小提琴
2022-11-09 22:50:16,吉他
2022-11-09 22:51:14,吉他
2022-11-09 22:52:12,竖琴
2022-11-09 22:53:10,吉他
2022-11-09 22:54:08,钢琴
2022-11-09 22:55:06,钢琴
2022-11-09 22:56:04,钢琴
2022-11-09 22:57:02,吉他
2022-11-09 22:58:00,小提琴
2022-11-09 22:58:58,吉他
2022-11-09 22:59:56,小提琴
2022-11-09 23:00:54,架子鼓
2022-11-09 23:01:52,钢琴
2022-11-09 23:02:50,贝斯
2022-11-09 23:03:48,吉他
2022-11-09 23:04:46,吉他
2022-11-09 23:05:44,圆号
2022-11-09 23:06:42,小提琴
2022-11-09 23:07:40,钢琴
2022-11-09 23:08:38,竖琴
2022-11-09 23:09:36,吉他
2022-11-09 23:10:34,钢琴
2022-11-09 23:11:32,钢琴
2022-11-09 23:12:30,架子鼓
2022-11-09 23:13:28,贝斯
2022-11-09 23:14:26,小提琴
2022-11-09 23:15:24,竖琴
2022-11-09 23:16:22,小提琴
2022-11-09 23:17:20,钢琴
2022-11-09 23:18:18,吉他
2022-11-09 23:19:16,小提琴
2022-11-09 23:20:14,钢琴
2022-11-09 23:21:12,小提琴
2022-11-09 23:22:10,小提琴
2022-11-09 23:23:08,钢琴
2022-11-09 23:24:06,吉他
2022-11-09 23:25:04,吉他
2022-11-09 23:26:02,小提琴
2022-11-09 23:27:00,小提琴
2022-11-09 23:27:58,小提琴
2022-11-09 23:28:56,小提琴
2022-11-09 23:29:54,小提琴
2022-11-09 23:30:52,小提琴
2022-11-09 23:31:50,钢琴
2022-11-09 23:32:48,钢琴
2022-11-09 23:33:46,竖琴
2022-11-09 23:34:44,圆号
2022-11-09 23:35:42,贝斯
2022-11-09 23:36:40,吉他
2022-11-09 23:37:38,小提琴
2022-11-09 23:38:36,竖琴
2022-11-09 23:39:34,架子鼓
2022-11-09 23:40:32,萨克斯风
2022-11-09 23:41:30,钢琴
2022-11-09 23:42:28,钢琴
2022-11-09 23:43:26,小提琴
2022-11-09 23:44:24,吉他
2022-11-09 23:45:22,架子鼓
2022-11-09 23:46:20,小提琴
2022-11-09 23:47:18,吉他
2022-11-09 23:48:16,贝斯
2022-11-09 23:49:14,吉他
2022-11-09 23:50:12,竖琴
2022-11-09 23:51:10,吉他
2022-11-09 23:52:08,小提琴
2022-11-09 23:53:06,小提琴
2022-11-09 23:54:04,竖琴
2022-11-09 23:55:02,钢琴
2022-11-09 23:56:00,贝斯
2022-11-09 23:56:58,钢琴
2022-11-09 23:57:56,小提琴
2022-11-09 23:58:54,圆号
2022-11-09 23:59:52,钢琴
2022-11-10 00:00:50,小提琴
2022-11-10 00:01:48,小提琴
2022-11-10 00:02:46,小提琴
2022-11-10 00:03:44,小提琴
2022-11-10 00:04:42,吉他
2022-11-10 00:05:40,钢琴
2022-11-10 00:06:38,小提琴
2022-11-10 00:07:36,小提琴
2022-11-10 00:08:34,钢琴
2022-11-10 00:09:32,竖琴
2022-11-10 00:10:30,贝斯
2022-11-10 00:11:28,吉他
2022-11-10 00:12:26,钢琴
2022-11-10 00:13:24,钢琴
2022-11-10 00:14:22,贝斯
2022-11-10 00:15:20,吉他
2022-11-10 00:16:18,竖琴
2022-11-10 00:17:16,钢琴
2022-11-10 00:18:14,小提琴
2022-11-10 00:19:12,吉他
2022-11-10 00:20:10,小提琴
2022-11-10 00:21:08,贝斯
2022-11-10 00:22:06,钢琴
2022-11-10 00:23:04,贝斯
2022-11-10 00:24:02,小提琴
2022-11-10 00:25:00,小提琴
2022-11-10 00:25:58,钢琴
2022-11-10 00:26:56,钢琴
2022-11-10 00:27:54,架子鼓
2022-11-10 00:28:52,贝斯
2022-11-10 00:29:50,贝斯
2022-11-10 00:30:48,吉他
2022-11-10 00:31:46,贝斯
2022-11-10 00:32:44,贝斯
2022-11-10 00:33:42,贝斯
2022-11-10 00:34:40,小提琴
2022-11-10 00:35:38,钢琴
2022-11-10 00:36:36,小提琴
2022-11-10 00:37:34,小提琴
2022-11-10 00:38:32,小提琴
2022-11-10 00:39:30,小提琴
2022-11-10 00:40:28,小提琴
2022-11-10 00:41:26,吉他
2022-11-10 00:42:24,小提琴
2022-11-10 00:43:22,钢琴
2022-11-10 00:44:20,钢琴
2022-11-10 00:45:18,贝斯
2022-11-10 00:46:16,吉他
2022-11-10 00:47:14,吉他
2022-11-10 00:48:12,贝斯
2022-11-10 00:49:10,萨克斯风
2022-11-10 00:50:08,贝斯
2022-11-10 00:51:06,小提琴
2022-11-10 00:52:04,贝斯
2022-11-10 00:53:02,竖琴
2022-11-10 00:54:00,钢琴
2022-11-10 00:54:58,钢琴
2022-11-10 00:55:56,小提琴
2022-11-10 00:56:54,钢琴
2022-11-10 00:57:52,架子鼓
2022-11-10 00:58:50,小提琴
2022-11-10 00:59:48,吉他
2022-11-10 01:00:46,贝斯
2022-11-10 01:01:44,钢琴
2022-11-10 01:02:42,吉他
2022-11-10 01:03:40,吉他
2022-11-10 01:04:38,贝斯
2022-11-10 01:05:36,钢琴
2022-11-10 01:06:34,架子鼓
2022-11-10 01:07:32,圆号
2022-11-10 01:08:30,小提琴
2022-11-10 01:09:28,小提琴
2022-11-10 01:10:26,贝斯
2022-11-10 01:11:24,吉他
2022-11-10 01:12:22,贝斯
2022-11-10 01:13:20,吉他
2022-11-10 01:14:18,贝斯
2022-11-10 01:15:16,吉他
2022-11-10 01:16:14,钢琴
2022-11-10 01:17:12,小提琴
2022-11-10 01:18:10,钢琴
2022-11-10 01:19:08,小提琴
2022-11-10 01:20:06,圆号
2022-11-10 01:21:04,贝斯
2022-11-10 01:22:02,钢琴
2022-11-10 01:23:00,吉他
2022-11-10 01:23:58,贝斯
2022-11-10 01:24:56,贝斯
2022-11-10 01:25:54,架子鼓
2022-11-10 01:26:52,钢琴
2022-11-10 01:27:50,吉他
2022-11-10 01:28:48,钢琴
2022-11-10 01:29:46,小提琴
2022-11-10 01:30:44,小提琴
2022-11-10 01:31:42,竖琴
2022-11-10 01:32:40,架子鼓
2022-11-10 01:33:38,贝斯
2022-11-10 01:34:36,钢琴
2022-11-10 01:35:34,吉他
2022-11-10 01:36:32,吉他
2022-11-10 01:37:30,贝斯
2022-11-10 01:38:28,吉他
2022-11-10 01:39:26,吉他
2022-11-10 01:40:24,吉他
2022-11-10 01:41:22,吉他
2022-11-10 01:42:20,架子鼓
2022-11-10 01:43:18,架子鼓
2022-11-10 01:44:16,萨克斯风
2022-11-10 01:45:14,小提琴
2022-11-10 01:46:12,吉他
2022-11-10 01:47:10,吉他
2022-11-10 01:48:08,吉他
2022-11-10 01:49:06,小提琴
2022-11-10 01:50:04,圆号
2022-11-10 01:51:02,圆号
2022-11-10 01:52:00,钢琴
2022-11-10 01:52:58,钢琴
2022-11-10 01:53:56,圆号
2022-11-10 01:54:54,小提琴
2022-11-10 01:55:52,钢琴
2022-11-10 01:56:50,贝斯
2022-11-10 01:57:48,吉他
2022-11-10 01:58:46,吉他
2022-11-10 01:59:44,吉他
2022-11-10 02:00:42,小提琴
2022-11-10 02:01:40,钢琴
2022-11-10 02:02:38,小提琴
2022-11-10 02:03:36,钢琴
2022-11-10 02:04:34,钢琴
2022-11-10 02:05:32,钢琴
2022-11-10 02:06:30,钢琴
2022-11-10 02:07:28,吉他
2022-11-10 02:08:26,吉他
2022-11-10 02:09:24,萨克斯风
2022-11-10 02:10:22,架子鼓
2022-11-10 02:11:20,贝斯
2022-11-10 02:12:18,架子鼓
2022-11-10 02:13:16,小提琴
2022-11-10 02:14:14,钢琴
2022-11-10 02:15:12,吉他
2022-11-10 02:16:10,钢琴
2022-11-10 02:17:08,钢琴
2022-11-10 02:18:06,钢琴
2022-11-10 02:19:04,圆号
2022-11-10 02:20:02,小提琴
2022-11-10 02:21:00,吉他
2022-11-10 02:21:58,钢琴
2022-11-10 02:22:56,贝斯
2022-11-10 02:23:54,小提琴
2022-11-10 02:24:52,吉他
2022-11-10 02:25:50,架子鼓
2022-11-10 02:26:48,萨克斯风
2022-11-10 02:27:46,吉他
2022-11-10 02:28:44,小提琴
2022-11-10 02:29:42,萨克斯风
2022-11-10 02:30:40,贝斯
2022-11-10 02:31:38,钢琴
2022-11-10 02:32:36,萨克斯风
2022-11-10 02:33:34,竖琴
2022-11-10 02:34:32,贝斯
2022-11-10 02:35:30,贝斯
2022-11-10 02:36:28,钢琴
2022-11-10 02:37:26,贝斯
2022-11-10 02:38:24,架子鼓
2022-11-10 02:39:22,吉他
2022-11-10 02:40:20,钢琴
2022-11-10 02:41:18,小提琴
2022-11-10 02:42:16,小提琴
2022-11-10 02:43:14,钢琴
2022-11-10 02:44:12,吉他
2022-11-10 02:45:10,钢琴
2022-11-10 02:46:08,吉他
2022-11-10 02:47:06,小提琴
2022-11-10 02:48:04,萨克斯风
2022-11-10 02:49:02,吉他
2022-11-10 02:50:00,小提琴
2022-11-10 02:50:58,架子鼓
2022-11-10 02:51:56,贝斯
2022-11-10 02:52:54,吉他
2022-11-10 02:53:52,贝斯
2022-11-10 02:54:50,吉他
2022-11-10 02:55:48,钢琴
2022-11-10 02:56:46,圆号
2022-11-10 02:57:44,钢琴
2022-11-10 02:58:42,架子鼓
2022-11-10 02:59:40,萨克斯风
2022-11-10 03:00:38,小提琴
2022-11-10 03:01:36,钢琴
2022-11-10 03:02:34,贝斯
2022-11-10 03:03:32,钢琴
2022-11-10 03:04:30,钢琴
2022-11-10 03:05:28,竖琴
2022-11-10 03:06:26,贝斯
2022-11-10 03:07:24,贝斯
2022-11-10 03:08:22,贝斯
2022-11-10 03:09:20,吉他
2022-11-10 03:10:18,贝斯
2022-11-10 03:11:16,钢琴
2022-11-10 03:12:14,架子鼓
2022-11-10 03:13:12,小提琴
2022-11-10 03:14:10,小提琴
2022-11-10 03:15:08,吉他
2022-11-10 03:16:06,吉他
2022-11-10 03:17:04,小提琴
2022-11-10 03:18:02,贝斯
2022-11-10 03:19:00,小提琴
2022-11-10 03:19:58,贝斯
2022-11-10 03:20:56,贝斯
2022-11-10 03:21:54,竖琴
2022-11-10 03:22:52,贝斯
2022-11-10 03:23:50,贝斯
2022-11-10 03:24:48,吉他
2022-11-10 03:25:46,贝斯
2022-11-10 03:26:44,钢琴
2022-11-10 03:27:42,吉他
2022-11-10 03:28:40,贝斯
2022-11-10 03:29:38,贝斯
2022-11-10 03:30:36,吉他
2022-11-10 03:31:34,钢琴
2022-11-10 03:32:32,小提琴
2022-11-10 03:33:30,贝斯
2022-11-10 03:34:28,吉他
2022-11-10 03:35:26,钢琴
2022-11-10 03:36:24,架子鼓
2022-11-10 03:37:22,钢琴
2022-11-10 03:38:20,吉他
2022-11-10 03:39:18,架子鼓
2022-11-10 03:40:16,钢琴
2022-11-10 03:41:14,吉他
2022-11-10 03:42:12,圆号
2022-11-10 03:43:10,钢琴
2022-11-10 03:44:08,贝斯
2022-11-10 03:45:06,吉他
2022-11-10 03:46:04,吉他
2022-11-10 03:47:02,吉他
2022-11-10 03:48:00,贝斯
2022-11-10 03:48:58,架子鼓
2022-11-10 03:49:56,钢琴
2022-11-10 03:50:54,钢琴
2022-11-10 03:51:52,小提琴
2022-11-10 03:52:50,吉他
2022-11-10 03:53:48,吉他
2022-11-10 03:54:46,小提琴
2022-11-10 03:55:44,贝斯
2022-11-10 03:56:42,小提琴
2022-11-10 03:57:40,萨克斯风
2022-11-10 03:58:38,圆号
2022-11-10 03:59:36,圆号
2022-11-10 04:00:34,架子鼓
2022-11-10 04:01:32,架子鼓
2022-11-10 04:02:30,贝斯
2022-11-10 04:03:28,吉他
2022-11-10 04:04:26,架子鼓
2022-11-10 04:05:24,架子鼓
2022-11-10 04:06:22,贝斯
2022-11-10 04:07:20,竖琴
2022-11-10 04:08:18,小提琴
2022-11-10 04:09:16,贝斯
2022-11-10 04:10:14,吉他
2022-11-10 04:11:12,钢琴
2022-11-10 04:12:10,小提琴
2022-11-10 04:13:08,竖琴
2022-11-10 04:14:06,吉他
2022-11-10 04:15:04,吉他
2022-11-10 04:16:02,小提琴
2022-11-10 04:17:00,钢琴
2022-11-10 04:17:58,吉他
2022-11-10 04:18:56,吉他
2022-11-10 04:19:54,贝斯
2022-11-10 04:20:52,贝斯
2022-11-10 04:21:50,吉他
2022-11-10 04:22:48,钢琴
2022-11-10 04:23:46,钢琴
2022-11-10 04:24:44,竖琴
2022-11-10 04:25:42,钢琴
2022-11-10 04:26:40,吉他
2022-11-10 04:27:38,贝斯
2022-11-10 04:28:36,钢琴
2022-11-10 04:29:34,贝斯
2022-11-10 04:30:32,贝斯
2022-11-10 04:31:30,小提琴
2022-11-10 04:32:28,架子鼓
2022-11-10 04:33:26,架子鼓
2022-11-10 04:34:24,萨克斯风
2022-11-10 04:35:22,小提琴
2022-11-10 04:36:20,萨克斯风
2022-11-10 04:37:18,萨克斯风
2022-11-10 04:38:16,钢琴
2022-11-10 04:39:14,吉他
2022-11-10 04:40:12,吉他
2022-11-10 04:41:10,竖琴
2022-11-10 04:42:08,吉他
2022-11-10 04:43:06,吉他
2022-11-10 04:44:04,小提琴
2022-11-10 04:45:02,吉他
2022-11-10 04:46:00,钢琴
2022-11-10 04:46:58,钢琴
2022-11-10 04:47:56,贝斯
2022-11-10 04:48:54,钢琴
2022-11-10 04:49:52,吉他
2022-11-10 04:50:50,钢琴
2022-11-10 04:51:48,架子鼓
2022-11-10 04:52:46,吉他
2022-11-10 04:53:44,贝斯
2022-11-10 04:54:42,钢琴
2022-11-10 04:55:40,吉他
2022-11-10 04:56:38,吉他
2022-11-10 04:57:36,小提琴
2022-11-10 04:58:34,小提琴
2022-11-10 04:59:32,钢琴
2022-11-10 05:00:30,钢琴
2022-11-10 05:01:28,贝斯
2022-11-10 05:02:26,竖琴
2022-11-10 05:03:24,竖琴
2022-11-10 05:04:22,贝斯
2022-11-10 05:05:20,架子鼓
2022-11-10 05:06:18,吉他
2022-11-10 05:07:16,贝斯
2022-11-10 05:08:14,架子鼓
2022-11-10 05:09:12,钢琴
2022-11-10 05:10:10,吉他
2022-11-10 05:11:08,小提琴
2022-11-10 05:12:06,竖琴
2022-11-10 05:13:04,贝斯
2022-11-10 05:14:02,钢琴
2022-11-10 05:15:00,吉他
2022-11-10 05:15:58,吉他
2022-11-10 05:16:56,小提琴
2022-11-10 05:17:54,钢琴
2022-11-10 05:18:52,吉他
2022-11-10 05:19:50,钢琴
2022-11-10 05:20:48,钢琴
2022-11-10 05:21:46,钢琴
2022-11-10 05:22:44,架子鼓
2022-11-10 05:23:42,架子鼓
2022-11-10 05:24:40,吉他
2022-11-10 05:25:38,小提琴
2022-11-10 05:26:36,吉他
2022-11-10 05:27:34,吉他
2022-11-10 05:28:32,小提琴
2022-11-10 05:29:30,贝斯
2022-11-10 05:30:28,贝斯
2022-11-10 05:31:26,架子鼓
2022-11-10 05:32:24,吉他
2022-11-10 05:33:22,钢琴
2022-11-10 05:34:20,贝斯
2022-11-10 05:35:18,钢琴
2022-11-10 05:36:16,钢琴
2022-11-10 05:37:14,贝斯
2022-11-10 05:38:12,吉他
2022-11-10 05:39:10,吉他
2022-11-10 05:40:08,吉他
2022-11-10 05:41:06,贝斯
2022-11-10 05:42:04,吉他
2022-11-10 05:43:02,贝斯
2022-11-10 05:44:00,吉他
2022-11-10 05:44:58,萨克斯风
2022-11-10 05:45:56,贝斯
2022-11-10 05:46:54,圆号
2022-11-10 05:47:52,钢琴
2022-11-10 05:48:50,钢琴
2022-11-10 05:49:48,萨克斯风
2022-11-10 05:50:46,贝斯
2022-11-10 05:51:44,架子鼓
2022-11-10 05:52:42,小提琴
2022-11-10 05:53:40,吉他
2022-11-10 05:54:38,钢琴
2022-11-10 05:55:36,钢琴
2022-11-10 05:56:34,贝斯
2022-11-10 05:57:32,架子鼓
2022-11-10 05:58:30,小提琴
2022-11-10 05:59:28,小提琴
2022-11-10 06:00:26,钢琴
2022-11-10 06:01:24,吉他
2022-11-10 06:02:22,吉他
2022-11-10 06:03:20,吉他
2022-11-10 06:04:18,贝斯
2022-11-10 06:05:16,小提琴
2022-11-10 06:06:14,吉他
2022-11-10 06:07:12,小提琴
2022-11-10 06:08:10,吉他
2022-11-10 06:09:08,吉他
2022-11-10 06:10:06,钢琴
2022-11-10 06:11:04,吉他
2022-11-10 06:12:02,吉他
2022-11-10 06:13:00,吉他
2022-11-10 06:13:58,钢琴
2022-11-10 06:14:56,小提琴
2022-11-10 06:15:54,小提琴
2022-11-10 06:16:52,小提琴
2022-11-10 06:17:50,架子鼓
2022-11-10 06:18:48,吉他
2022-11-10 06:19:46,钢琴
2022-11-10 06:20:44,贝斯
2022-11-10 06:21:42,贝斯
2022-11-10 06:22:40,圆号
2022-11-10 06:23:38,架子鼓
2022-11-10 06:24:36,小提琴
2022-11-10 06:25:34,竖琴
2022-11-10 06:26:32,钢琴
2022-11-10 06:27:30,小提琴
2022-11-10 06:28:28,贝斯
2022-11-10 06:29:26,竖琴
2022-11-10 06:30:24,钢琴
2022-11-10 06:31:22,架子鼓
2022-11-10 06:32:20,钢琴
2022-11-10 06:33:18,吉他
2022-11-10 06:34:16,贝斯
2022-11-10 06:35:14,竖琴
2022-11-10 06:36:12,贝斯
2022-11-10 06:37:10,贝斯
2022-11-10 06:38:08,架子鼓
2022-11-10 06:39:06,贝斯
2022-11-10 06:40:04,圆号
2022-11-10 06:41:02,吉他
2022-11-10 06:42:00,吉他
2022-11-10 06:42:58,小提琴
2022-11-10 06:43:56,小提琴
2022-11-10 06:44:54,吉他
2022-11-10 06:45:52,架子鼓
2022-11-10 06:46:50,贝斯
2022-11-10 06:47:48,钢琴
2022-11-10 06:48:46,小提琴
2022-11-10 06:49:44,钢琴
2022-11-10 06:50:42,小提琴
2022-11-10 06:51:40,吉他
2022-11-10 06:52:38,小提琴
2022-11-10 06:53:36,竖琴
2022-11-10 06:54:34,吉他
2022-11-10 06:55:32,贝斯
2022-11-10 06:56:30,小提琴
2022-11-10 06:57:28,架子鼓
2022-11-10 06:58:26,架子鼓
2022-11-10 06:59:24,吉他
2022-11-10 07:00:22,钢琴
2022-11-10 07:01:20,萨克斯风
2022-11-10 07:02:18,架子鼓
2022-11-10 07:03:16,吉他
2022-11-10 07:04:14,吉他
2022-11-10 07:05:12,萨克斯风
2022-11-10 07:06:10,贝斯
2022-11-10 07:07:08,小提琴
2022-11-10 07:08:06,小提琴
2022-11-10 07:09:04,钢琴
2022-11-10 07:10:02,架子鼓
2022-11-10 07:11:00,贝斯
2022-11-10 07:11:58,钢琴
2022-11-10 07:12:56,小提琴
2022-11-10 07:13:54,贝斯
2022-11-10 07:14:52,小提琴
2022-11-10 07:15:50,钢琴
2022-11-10 07:16:48,钢琴
2022-11-10 07:17:46,萨克斯风
2022-11-10 07:18:44,贝斯
2022-11-10 07:19:42,钢琴
2022-11-10 07:20:40,钢琴
2022-11-10 07:21:38,竖琴
2022-11-10 07:22:36,架子鼓
2022-11-10 07:23:34,小提琴
2022-11-10 07:24:32,钢琴
2022-11-10 07:25:30,贝斯
2022-11-10 07:26:28,吉他
2022-11-10 07:27:26,架子鼓
2022-11-10 07:28:24,架子鼓
2022-11-10 07:29:22,小提琴
2022-11-10 07:30:20,贝斯
2022-11-10 07:31:18,吉他
2022-11-10 07:32:16,吉他
2022-11-10 07:33:14,贝斯
2022-11-10 07:34:12,钢琴
2022-11-10 07:35:10,吉他
2022-11-10 07:36:08,钢琴
2022-11-10 07:37:06,贝斯
2022-11-10 07:38:04,小提琴
2022-11-10 07:39:02,吉他
2022-11-10 07:40:00,钢琴
2022-11-10 07:40:58,吉他
2022-11-10 07:41:56,萨克斯风
2022-11-10 07:42:54,小提琴
2022-11-10 07:43:52,吉他
2022-11-10 07:44:50,钢琴
2022-11-10 07:45:48,贝斯
2022-11-10 07:46:46,圆号
2022-11-10 07:47:44,竖琴
2022-11-10 07:48:42,贝斯
2022-11-10 07:49:40,小提琴
2022-11-10 07:50:38,吉他
2022-11-10 07:51:36,贝斯
2022-11-10 07:52:34,小提琴
2022-11-10 07:53:32,贝斯
2022-11-10 07:54:30,圆号
2022-11-10 07:55:28,小提琴
2022-11-10 07:56:26,钢琴
2022-11-10 07:57:24,竖琴
2022-11-10 07:58:22,贝斯
2022-11-10 07:59:20,小提琴
2022-11-10 08:00:18,钢琴
2022-11-10 08:01:16,吉他
2022-11-10 08:02:14,钢琴
2022-11-10 08:03:12,萨克斯风
2022-11-10 08:04:10,架子鼓
2022-11-10 08:05:08,贝斯
2022-11-10 08:06:06,钢琴
2022-11-10 08:07:04,钢琴
2022-11-10 08:08:02,竖琴
2022-11-10 08:09:00,竖琴
2022-11-10 08:09:58,钢琴
2022-11-10 08:10:56,架子鼓
2022-11-10 08:11:54,小提琴
2022-11-10 08:12:52,吉他
2022-11-10 08:13:50,贝斯
2022-11-10 08:14:48,贝斯
2022-11-10 08:15:46,竖琴
2022-11-10 08:16:44,小提琴
2022-11-10 08:17:42,贝斯
2022-11-10 08:18:40,吉他
2022-11-10 08:19:38,小提琴
2022-11-10 08:20:36,钢琴
2022-11-10 08:21:34,吉他
2022-11-10 08:22:32,吉他
2022-11-10 08:23:30,贝斯
2022-11-10 08:24:28,钢琴
2022-11-10 08:25:26,钢琴
2022-11-10 08:26:24,钢琴
2022-11-10 08:27:22,钢琴
2022-11-10 08:28:20,钢琴
2022-11-10 08:29:18,钢琴
2022-11-10 08:30:16,架子鼓
2022-11-10 08:31:14,架子鼓
2022-11-10 08:32:12,圆号
2022-11-10 08:33:10,吉他
2022-11-10 08:34:08,吉他
2022-11-10 08:35:06,小提琴
2022-11-10 08:36:04,吉他
2022-11-10 08:37:02,钢琴
2022-11-10 08:38:00,贝斯
2022-11-10 08:38:58,小提琴
2022-11-10 08:39:56,架子鼓
2022-11-10 08:40:54,小提琴
2022-11-10 08:41:52,架子鼓
2022-11-10 08:42:50,钢琴
2022-11-10 08:43:48,贝斯
2022-11-10 08:44:46,贝斯
2022-11-10 08:45:44,贝斯
2022-11-10 08:46:42,钢琴
2022-11-10 08:47:40,架子鼓
2022-11-10 08:48:38,吉他
2022-11-10 08:49:36,萨克斯风
2022-11-10 08:50:34,钢琴
2022-11-10 08:51:32,小提琴
2022-11-10 08:52:30,钢琴
2022-11-10 08:53:28,吉他
2022-11-10 08:54:26,钢琴
2022-11-10 08:55:24,萨克斯风
2022-11-10 08:56:22,吉他
2022-11-10 08:57:20,钢琴
2022-11-10 08:58:18,架子鼓
2022-11-10 08:59:16,圆号
2022-11-10 09:00:14,贝斯
2022-11-10 09:01:12,钢琴
2022-11-10 09:02:10,小提琴
2022-11-10 09:03:08,竖琴
2022-11-10 09:04:06,小提琴
2022-11-10 09:05:04,架子鼓
2022-11-10 09:06:02,贝斯
2022-11-10 09:07:00,萨克斯风
2022-11-10 09:07:58,架子鼓
2022-11-10 09:08:56,小提琴
2022-11-10 09:09:54,小提琴
2022-11-10 09:10:52,竖琴
2022-11-10 09:11:50,贝斯
2022-11-10 09:12:48,贝斯
2022-11-10 09:13:46,钢琴
2022-11-10 09:14:44,小提琴
2022-11-10 09:15:42,钢琴
2022-11-10 09:16:40,小提琴
2022-11-10 09:17:38,小提琴
2022-11-10 09:18:36,小提琴
2022-11-10 09:19:34,钢琴
2022-11-10 09:20:32,贝斯
2022-11-10 09:21:30,钢琴
2022-11-10 09:22:28,贝斯
2022-11-10 09:23:26,吉他
2022-11-10 09:24:24,钢琴
2022-11-10 09:25:22,贝斯
2022-11-10 09:26:20,吉他
2022-11-10 09:27:18,架子鼓
2022-11-10 09:28:16,贝斯
2022-11-10 09:29:14,钢琴
2022-11-10 09:30:12,架子鼓
2022-11-10 09:31:10,竖琴
2022-11-10 09:32:08,吉他
2022-11-10 09:33:06,贝斯
2022-11-10 09:34:04,贝斯
2022-11-10 09:35:02,钢琴
2022-11-10 09:36:00,钢琴
2022-11-10 09:36:58,贝斯
2022-11-10 09:37:56,小提琴
2022-11-10 09:38:54,吉他
2022-11-10 09:39:52,小提琴
2022-11-10 09:40:50,钢琴
2022-11-10 09:41:48,钢琴
2022-11-10 09:42:46,小提琴
2022-11-10 09:43:44,小提琴
2022-11-10 09:44:42,小提琴
2022-11-10 09:45:40,贝斯
2022-11-10 09:46:38,贝斯
2022-11-10 09:47:36,钢琴
2022-11-10 09:48:34,小提琴
2022-11-10 09:49:32,钢琴
2022-11-10 09:50:30,小提琴
2022-11-10 09:51:28,吉他
2022-11-10 09:52:26,钢琴
2022-11-10 09:53:24,小提琴
2022-11-10 09:54:22,钢琴
2022-11-10 09:55:20,吉他
2022-11-10 09:56:18,钢琴
2022-11-10 09:57:16,吉他
2022-11-10 09:58:14,小提琴
2022-11-10 09:59:12,小提琴
2022-11-10 10:00:10,钢琴
2022-11-10 10:01:08,小提琴
2022-11-10 10:02:06,圆号
2022-11-10 10:03:04,小提琴
2022-11-10 10:04:02,钢琴
2022-11-10 10:05:00,贝斯
2022-11-10 10:05:58,钢琴
2022-11-10 10:06:56,小提琴
2022-11-10 10:07:54,吉他
2022-11-10 10:08:52,吉他
2022-11-10 10:09:50,小提琴
2022-11-10 10:10:48,小提琴
2022-11-10 10:11:46,钢琴
2022-11-10 10:12:44,贝斯
2022-11-10 10:13:42,贝斯
2022-11-10 10:14:40,吉他
2022-11-10 10:15:38,贝斯
2022-11-10 10:16:36,小提琴
2022-11-10 10:17:34,架子鼓
2022-11-10 10:18:32,小提琴
2022-11-10 10:19:30,吉他
2022-11-10 10:20:28,钢琴
2022-11-10 10:21:26,架子鼓
2022-11-10 10:22:24,钢琴
2022-11-10 10:23:22,吉他
2022-11-10 10:24:20,钢琴
2022-11-10 10:25:18,贝斯
2022-11-10 10:26:16,贝斯
2022-11-10 10:27:14,吉他
2022-11-10 10:28:12,吉他
2022-11-10 10:29:10,吉他
2022-11-10 10:30:08,竖琴
2022-11-10 10:31:06,吉他
2022-11-10 10:32:04,吉他
2022-11-10 10:33:02,钢琴
2022-11-10 10:34:00,小提琴
2022-11-10 10:34:58,架子鼓
2022-11-10 10:35:56,贝斯
2022-11-10 10:36:54,钢琴
2022-11-10 10:37:52,钢琴
2022-11-10 10:38:50,小提琴
2022-11-10 10:39:48,小提琴
2022-11-10 10:40:46,钢琴
2022-11-10 10:41:44,钢琴
2022-11-10 10:42:42,吉他
2022-11-10 10:43:40,小提琴
2022-11-10 10:44:38,贝斯
2022-11-10 10:45:36,钢琴
2022-11-10 10:46:34,贝斯
2022-11-10 10:47:32,小提琴
2022-11-10 10:48:30,贝斯
2022-11-10 10:49:28,吉他
2022-11-10 10:50:26,吉他
2022-11-10 10:51:24,贝斯
2022-11-10 10:52:22,竖琴
2022-11-10 10:53:20,小提琴
2022-11-10 10:54:18,贝斯
2022-11-10 10:55:16,吉他
2022-11-10 10:56:14,吉他
2022-11-10 10:57:12,吉他
2022-11-10 10:58:10,圆号
2022-11-10 10:59:08,钢琴
2022-11-10 11:00:06,贝斯
2022-11-10 11:01:04,小提琴
2022-11-10 11:02:02,贝斯
2022-11-10 11:03:00,钢琴
2022-11-10 11:03:58,贝斯
2022-11-10 11:04:56,架子鼓
2022-11-10 11:05:54,小提琴
2022-11-10 11:06:52,小提琴
2022-11-10 11:07:50,小提琴
2022-11-10 11:08:48,贝斯
2022-11-10 11:09:46,钢琴
2022-11-10 11:10:44,吉他
2022-11-10 11:11:42,架子鼓
2022-11-10 11:12:40,贝斯
2022-11-10 11:13:38,小提琴
2022-11-10 11:14:36,小提琴
2022-11-10 11:15:34,圆号
2022-11-10 11:16:32,贝斯
2022-11-10 11:17:30,小提琴
2022-11-10 11:18:28,小提琴
2022-11-10 11:19:26,吉他
2022-11-10 11:20:24,小提琴
2022-11-10 11:21:22,吉他
2022-11-10 11:22:20,吉他
2022-11-10 11:23:18,贝斯
2022-11-10 11:24:16,竖琴
2022-11-10 11:25:14,钢琴
2022-11-10 11:26:12,贝斯
2022-11-10 11:27:10,小提琴
2022-11-10 11:28:08,吉他
2022-11-10 11:29:06,贝斯
2022-11-10 11:30:04,贝斯
2022-11-10 11:31:02,竖琴
2022-11-10 11:32:00,吉他
2022-11-10 11:32:58,钢琴
2022-11-10 11:33:56,吉他
2022-11-10 11:34:54,贝斯
2022-11-10 11:35:52,贝斯
2022-11-10 11:36:50,架子鼓
2022-11-10 11:37:48,小提琴
2022-11-10 11:38:46,架子鼓
2022-11-10 11:39:44,贝斯
2022-11-10 11:40:42,钢琴
2022-11-10 11:41:40,钢琴
2022-11-10 11:42:38,吉他
2022-11-10 11:43:36,贝斯
2022-11-10 11:44:34,钢琴
2022-11-10 11:45:32,架子鼓
2022-11-10 11:46:30,吉他
2022-11-10 11:47:28,吉他
2022-11-10 11:48:26,钢琴
2022-11-10 11:49:24,吉他
2022-11-10 11:50:22,架子鼓
2022-11-10 11:51:20,钢琴
2022-11-10 11:52:18,小提琴
2022-11-10 11:53:16,吉他
2022-11-10 11:54:14,架子鼓
2022-11-10 11:55:12,贝斯
2022-11-10 11:56:10,架子鼓
2022-11-10 11:57:08,架子鼓
2022-11-10 11:58:06,吉他
2022-11-10 11:59:04,吉他
2022-11-10 12:00:02,萨克斯风
2022-11-10 12:01:00,吉他
2022-11-10 12:01:58,架子鼓
2022-11-10 12:02:56,贝斯
2022-11-10 12:03:54,钢琴
2022-11-10 12:04:52,竖琴
2022-11-10 12:05:50,贝斯
2022-11-10 12:06:48,圆号
2022-11-10 12:07:46,吉他
2022-11-10 12:08:44,吉他
2022-11-10 12:09:42,架子鼓
2022-11-10 12:10:40,钢琴
2022-11-10 12:11:38,吉他
2022-11-10 12:12:36,小提琴
2022-11-10 12:13:34,小提琴
2022-11-10 12:14:32,贝斯
2022-11-10 12:15:30,贝斯
2022-11-10 12:16:28,钢琴
2022-11-10 12:17:26,吉他
2022-11-10 12:18:24,贝斯
2022-11-10 12:19:22,吉他
2022-11-10 12:20:20,贝斯
2022-11-10 12:21:18,小提琴
2022-11-10 12:22:16,钢琴
2022-11-10 12:23:14,架子鼓
2022-11-10 12:24:12,小提琴
2022-11-10 12:25:10,小提琴
2022-11-10 12:26:08,架子鼓
2022-11-10 12:27:06,萨克斯风
2022-11-10 12:28:04,吉他
2022-11-10 12:29:02,竖琴
2022-11-10 12:30:00,钢琴
2022-11-10 12:30:58,吉他
2022-11-10 12:31:56,贝斯
2022-11-10 12:32:54,贝斯
2022-11-10 12:33:52,吉他
2022-11-10 12:34:50,钢琴
2022-11-10 12:35:48,架子鼓
2022-11-10 12:36:46,吉他
2022-11-10 12:37:44,贝斯
2022-11-10 12:38:42,贝斯
2022-11-10 12:39:40,吉他
2022-11-10 12:40:38,架子鼓
2022-11-10 12:41:36,吉他
2022-11-10 12:42:34,吉他
2022-11-10 12:43:32,架子鼓
2022-11-10 12:44:30,吉他
2022-11-10 12:45:28,小提琴
2022-11-10 12:46:26,萨克斯风
2022-11-10 12:47:24,吉他
2022-11-10 12:48:22,贝斯
2022-11-10 12:49:20,吉他
2022-11-10 12:50:18,钢琴
2022-11-10 12:51:16,贝斯
2022-11-10 12:52:14,架子鼓
2022-11-10 12:53:12,小提琴
2022-11-10 12:54:10,小提琴
2022-11-10 12:55:08,小提琴
2022-11-10 12:56:06,钢琴
2022-11-10 12:57:04,竖琴
2022-11-10 12:58:02,竖琴
2022-11-10 12:59:00,竖琴
2022-11-10 12:59:58,钢琴
2022-11-10 13:00:56,吉他
2022-11-10 13:01:54,架子鼓
2022-11-10 13:02:52,吉他
2022-11-10 13:03:50,吉他
2022-11-10 13:04:48,圆号
2022-11-10 13:05:46,吉他
2022-11-10 13:06:44,吉他
2022-11-10 13:07:42,贝斯
2022-11-10 13:08:40,贝斯
2022-11-10 13:09:38,钢琴
2022-11-10 13:10:36,贝斯
2022-11-10 13:11:34,小提琴
2022-11-10 13:12:32,钢琴
2022-11-10 13:13:30,吉他
2022-11-10 13:14:28,吉他
2022-11-10 13:15:26,小提琴
2022-11-10 13:16:24,小提琴
2022-11-10 13:17:22,小提琴
2022-11-10 13:18:20,吉他
2022-11-10 13:19:18,钢琴
2022-11-10 13:20:16,吉他
2022-11-10 13:21:14,钢琴
2022-11-10 13:22:12,贝斯
2022-11-10 13:23:10,小提琴
2022-11-10 13:24:08,吉他
2022-11-10 13:25:06,钢琴
2022-11-10 13:26:04,钢琴
2022-11-10 13:27:02,架子鼓
2022-11-10 13:28:00,钢琴
2022-11-10 13:28:58,吉他
2022-11-10 13:29:56,小提琴
2022-11-10 13:30:54,竖琴
2022-11-10 13:31:52,吉他
2022-11-10 13:32:50,贝斯
2022-11-10 13:33:48,小提琴
2022-11-10 13:34:46,架子鼓
2022-11-10 13:35:44,圆号
2022-11-10 13:36:42,吉他
2022-11-10 13:37:40,贝斯
2022-11-10 13:38:38,吉他
2022-11-10 13:39:36,贝斯
2022-11-10 13:40:34,贝斯
2022-11-10 13:41:32,贝斯
2022-11-10 13:42:30,钢琴
2022-11-10 13:43:28,小提琴
2022-11-10 13:44:26,小提琴
2022-11-10 13:45:24,吉他
2022-11-10 13:46:22,钢琴
2022-11-10 13:47:20,钢琴
2022-11-10 13:48:18,小提琴
2022-11-10 13:49:16,架子鼓
2022-11-10 13:50:14,贝斯
2022-11-10 13:51:12,竖琴
2022-11-10 13:52:10,贝斯
2022-11-10 13:53:08,贝斯
2022-11-10 13:54:06,贝斯
2022-11-10 13:55:04,钢琴
2022-11-10 13:56:02,贝斯
2022-11-10 13:57:00,吉他
2022-11-10 13:57:58,钢琴
2022-11-10 13:58:56,小提琴
2022-11-10 13:59:54,萨克斯风
2022-11-10 14:00:52,吉他
2022-11-10 14:01:50,贝斯
2022-11-10 14:02:48,贝斯
2022-11-10 14:03:46,架子鼓
2022-11-10 14:04:44,吉他
2022-11-10 14:05:42,钢琴
2022-11-10 14:06:40,小提琴
2022-11-10 14:07:38,贝斯
2022-11-10 14:08:36,贝斯
2022-11-10 14:09:34,钢琴
2022-11-10 14:10:32,贝斯
2022-11-10 14:11:30,贝斯
2022-11-10 14:12:28,钢琴
2022-11-10 14:13:26,吉他
2022-11-10 14:14:24,钢琴
2022-11-10 14:15:22,吉他
2022-11-10 14:16:20,贝斯
2022-11-10 14:17:18,贝斯
2022-11-10 14:18:16,小提琴
2022-11-10 14:19:14,竖琴
2022-11-10 14:20:12,圆号
2022-11-10 14:21:10,小提琴
2022-11-10 14:22:08,钢琴
2022-11-10 14:23:06,小提琴
2022-11-10 14:24:04,贝斯
2022-11-10 14:25:02,竖琴
2022-11-10 14:26:00,贝斯
2022-11-10 14:26:58,架子鼓
2022-11-10 14:27:56,贝斯
2022-11-10 14:28:54,竖琴
2022-11-10 14:29:52,竖琴
2022-11-10 14:30:50,吉他
2022-11-10 14:31:48,吉他
2022-11-10 14:32:46,贝斯
2022-11-10 14:33:44,小提琴
2022-11-10 14:34:42,吉他
2022-11-10 14:35:40,架子鼓
2022-11-10 14:36:38,钢琴
2022-11-10 14:37:36,小提琴
2022-11-10 14:38:34,钢琴
2022-11-10 14:39:32,小提琴
2022-11-10 14:40:30,萨克斯风
2022-11-10 14:41:28,圆号
2022-11-10 14:42:26,圆号
2022-11-10 14:43:24,吉他
2022-11-10 14:44:22,架子鼓
2022-11-10 14:45:20,钢琴
2022-11-10 14:46:18,钢琴
2022-11-10 14:47:16,钢琴
2022-11-10 14:48:14,贝斯
2022-11-10 14:49:12,钢琴
2022-11-10 14:50:10,小提琴
2022-11-10 14:51:08,钢琴
2022-11-10 14:52:06,小提琴
2022-11-10 14:53:04,吉他
2022-11-10 14:54:02,萨克斯风
2022-11-10 14:55:00,小提琴
2022-11-10 14:55:58,钢琴
2022-11-10 14:56:56,贝斯
2022-11-10 14:57:54,钢琴
2022-11-10 14:58:52,小提琴
2022-11-10 14:59:50,钢琴
2022-11-10 15:00:48,架子鼓
2022-11-10 15:01:46,贝斯
2022-11-10 15:02:44,贝斯
2022-11-10 15:03:42,吉他
2022-11-10 15:04:40,吉他
2022-11-10 15:05:38,吉他
2022-11-10 15:06:36,钢琴
2022-11-10 15:07:34,钢琴
2022-11-10 15:08:32,小提琴
2022-11-10 15:09:30,小提琴
2022-11-10 15:10:28,钢琴
2022-11-10 15:11:26,贝斯
2022-11-10 15:12:24,小提琴
2022-11-10 15:13:22,小提琴
2022-11-10 15:14:20,钢琴
2022-11-10 15:15:18,贝斯
2022-11-10 15:16:16,贝斯
2022-11-10 15:17:14,萨克斯风
2022-11-10 15:18:12,吉他
2022-11-10 15:19:10,钢琴
2022-11-10 15:20:08,钢琴
2022-11-10 15:21:06,贝斯
2022-11-10 15:22:04,小提琴
2022-11-10 15:23:02,小提琴
2022-11-10 15:24:00,钢琴
2022-11-10 15:24:58,钢琴
2022-11-10 15:25:56,吉他
2022-11-10 15:26:54,吉他
2022-11-10 15:27:52,钢琴
2022-11-10 15:28:50,小提琴
2022-11-10 15:29:48,贝斯
2022-11-10 15:30:46,小提琴
2022-11-10 15:31:44,吉他
2022-11-10 15:32:42,吉他
2022-11-10 15:33:40,小提琴
2022-11-10 15:34:38,贝斯
2022-11-10 15:35:36,贝斯
2022-11-10 15:36:34,贝斯
2022-11-10 15:37:32,小提琴
2022-11-10 15:38:30,吉他
2022-11-10 15:39:28,贝斯
2022-11-10 15:40:26,小提琴
2022-11-10 15:41:24,贝斯
2022-11-10 15:42:22,小提琴
2022-11-10 15:43:20,小提琴
2022-11-10 15:44:18,钢琴
2022-11-10 15:45:16,吉他
2022-11-10 15:46:14,吉他
2022-11-10 15:47:12,竖琴
2022-11-10 15:48:10,架子鼓
2022-11-10 15:49:08,贝斯
2022-11-10 15:50:06,竖琴
2022-11-10 15:51:04,竖琴
2022-11-10 15:52:02,贝斯
2022-11-10 15:53:00,钢琴
2022-11-10 15:53:58,小提琴
2022-11-10 15:54:56,萨克斯风
2022-11-10 15:55:54,吉他
2022-11-10 15:56:52,钢琴
2022-11-10 15:57:50,架子鼓
2022-11-10 15:58:48,小提琴
2022-11-10 15:59:46,钢琴
2022-11-10 16:00:44,圆号
2022-11-10 16:01:42,贝斯
2022-11-10 16:02:40,小提琴
2022-11-10 16:03:38,吉他
2022-11-10 16:04:36,吉他
2022-11-10 16:05:34,小提琴
2022-11-10 16:06:32,架子鼓
2022-11-10 16:07:30,贝斯
2022-11-10 16:08:28,小提琴
2022-11-10 16:09:26,钢琴
2022-11-10 16:10:24,小提琴
2022-11-10 16:11:22,小提琴
2022-11-10 16:12:20,贝斯
2022-11-10 16:13:18,架子鼓
2022-11-10 16:14:16,吉他
2022-11-10 16:15:14,小提琴
2022-11-10 16:16:12,钢琴
2022-11-10 16:17:10,贝斯
2022-11-10 16:18:08,吉他
2022-11-10 16:19:06,钢琴
2022-11-10 16:20:04,钢琴
2022-11-10 16:21:02,架子鼓
2022-11-10 16:22:00,钢琴
2022-11-10 16:22:58,架子鼓
2022-11-10 16:23:56,贝斯
2022-11-10 16:24:54,吉他
2022-11-10 16:25:52,贝斯
2022-11-10 16:26:50,吉他
2022-11-10 16:27:48,小提琴
2022-11-10 16:28:46,吉他
2022-11-10 16:29:44,钢琴
2022-11-10 16:30:42,吉他
2022-11-10 16:31:40,小提琴
2022-11-10 16:32:38,贝斯
2022-11-10 16:33:36,吉他
2022-11-10 16:34:34,钢琴
2022-11-10 16:35:32,钢琴
2022-11-10 16:36:30,小提琴
2022-11-10 16:37:28,钢琴
2022-11-10 16:38:26,钢琴
2022-11-10 16:39:24,钢琴
2022-11-10 16:40:22,架子鼓
2022-11-10 16:41:20,小提琴
2022-11-10 16:42:18,贝斯
2022-11-10 16:43:16,钢琴
2022-11-10 16:44:14,小提琴
2022-11-10 16:45:12,小提琴
2022-11-10 16:46:10,圆号
2022-11-10 16:47:08,萨克斯风
2022-11-10 16:48:06,吉他
2022-11-10 16:49:04,小提琴
2022-11-10 16:50:02,小提琴
2022-11-10 16:51:00,吉他
2022-11-10 16:51:58,钢琴
2022-11-10 16:52:56,钢琴
2022-11-10 16:53:54,吉他
2022-11-10 16:54:52,钢琴
2022-11-10 16:55:50,架子鼓
2022-11-10 16:56:48,吉他
2022-11-10 16:57:46,贝斯
2022-11-10 16:58:44,小提琴
2022-11-10 16:59:42,架子鼓
2022-11-10 17:00:40,贝斯
2022-11-10 17:01:38,吉他
2022-11-10 17:02:36,贝斯
2022-11-10 17:03:34,贝斯
2022-11-10 17:04:32,吉他
2022-11-10 17:05:30,钢琴
2022-11-10 17:06:28,钢琴
2022-11-10 17:07:26,钢琴
2022-11-10 17:08:24,萨克斯风
2022-11-10 17:09:22,小提琴
2022-11-10 17:10:20,钢琴
2022-11-10 17:11:18,钢琴
2022-11-10 17:12:16,钢琴
2022-11-10 17:13:14,小提琴
2022-11-10 17:14:12,小提琴
2022-11-10 17:15:10,钢琴
2022-11-10 17:16:08,小提琴
2022-11-10 17:17:06,钢琴
2022-11-10 17:18:04,钢琴
2022-11-10 17:19:02,萨克斯风
2022-11-10 17:20:00,吉他
2022-11-10 17:20:58,钢琴
2022-11-10 17:21:56,吉他
2022-11-10 17:22:54,竖琴
2022-11-10 17:23:52,吉他
2022-11-10 17:24:50,钢琴
2022-11-10 17:25:48,萨克斯风
2022-11-10 17:26:46,竖琴
2022-11-10 17:27:44,贝斯
2022-11-10 17:28:42,吉他
2022-11-10 17:29:40,架子鼓
2022-11-10 17:30:38,萨克斯风
2022-11-10 17:31:36,吉他
2022-11-10 17:32:34,圆号
2022-11-10 17:33:32,架子鼓
2022-11-10 17:34:30,贝斯
2022-11-10 17:36:26,吉他
2022-11-10 17:37:24,萨克斯风
2022-11-10 17:38:22,贝斯
2022-11-10 17:39:20,贝斯
2022-11-10 17:40:18,吉他
2022-11-10 17:41:16,圆号
2022-11-10 17:42:14,小提琴
2022-11-10 17:43:12,贝斯
2022-11-10 17:44:10,贝斯
2022-11-10 17:45:08,贝斯
2022-11-10 17:46:06,钢琴
2022-11-10 17:47:04,钢琴
2022-11-10 17:48:02,钢琴
2022-11-10 17:49:00,小提琴
2022-11-10 17:49:58,钢琴
2022-11-10 17:50:56,贝斯
2022-11-10 17:51:54,钢琴
2022-11-10 17:52:52,贝斯
2022-11-10 17:53:50,吉他
2022-11-10 17:54:48,小提琴
2022-11-10 17:55:46,圆号
2022-11-10 17:56:44,小提琴
2022-11-10 17:57:42,小提琴
2022-11-10 17:58:40,小提琴
2022-11-10 17:59:38,贝斯
2022-11-10 18:00:36,小提琴
2022-11-10 18:01:34,钢琴
2022-11-10 18:02:32,架子鼓
2022-11-10 18:03:30,萨克斯风
2022-11-10 18:04:28,钢琴
2022-11-10 18:05:26,架子鼓
2022-11-10 18:06:24,贝斯
2022-11-10 18:07:22,圆号
2022-11-10 18:08:20,架子鼓
2022-11-10 18:09:18,小提琴
2022-11-10 18:10:16,吉他
2022-11-10 18:11:14,竖琴
2022-11-10 18:12:12,萨克斯风
2022-11-10 18:13:10,吉他
2022-11-10 18:14:08,吉他
2022-11-10 18:15:06,竖琴
2022-11-10 18:16:04,吉他
2022-11-10 18:17:02,小提琴
2022-11-10 18:18:00,架子鼓
2022-11-10 18:18:58,吉他
2022-11-10 18:19:56,小提琴
2022-11-10 18:20:54,吉他
2022-11-10 18:21:52,钢琴
2022-11-10 18:22:50,贝斯
2022-11-10 18:23:48,吉他
2022-11-10 18:24:46,贝斯
2022-11-10 18:25:44,吉他
2022-11-10 18:26:42,吉他
2022-11-10 18:27:40,贝斯
2022-11-10 18:28:38,竖琴
2022-11-10 18:29:36,小提琴
2022-11-10 18:30:34,钢琴
2022-11-10 18:31:32,吉他
2022-11-10 18:32:30,贝斯
2022-11-10 18:33:28,吉他
2022-11-10 18:34:26,小提琴
2022-11-10 18:35:24,吉他
2022-11-10 18:36:22,竖琴
2022-11-10 18:37:20,吉他
2022-11-10 18:38:18,竖琴
2022-11-10 18:39:16,钢琴
2022-11-10 18:40:14,小提琴
2022-11-10 18:41:12,贝斯
2022-11-10 18:42:10,架子鼓
2022-11-10 18:43:08,小提琴
2022-11-10 18:44:06,钢琴
2022-11-10 18:45:04,钢琴
2022-11-10 18:46:02,架子鼓
2022-11-10 18:47:00,贝斯
2022-11-10 18:47:58,架子鼓
2022-11-10 18:48:56,吉他
2022-11-10 18:49:54,吉他
2022-11-10 18:50:52,架子鼓
2022-11-10 18:51:50,小提琴
2022-11-10 18:52:48,架子鼓
2022-11-10 18:53:46,小提琴
2022-11-10 18:54:44,小提琴
2022-11-10 18:55:42,贝斯
2022-11-10 18:56:40,小提琴
2022-11-10 18:57:38,小提琴
2022-11-10 18:58:36,小提琴
2022-11-10 18:59:34,钢琴
2022-11-10 19:00:32,圆号
2022-11-10 19:01:30,钢琴
2022-11-10 19:02:28,贝斯
2022-11-10 19:03:26,钢琴
2022-11-10 19:04:24,架子鼓
2022-11-10 19:05:22,贝斯
2022-11-10 19:06:20,钢琴
2022-11-10 19:07:18,吉他
2022-11-10 19:08:16,吉他
2022-11-10 19:09:14,架子鼓
2022-11-10 19:10:12,小提琴
2022-11-10 19:11:10,吉他
2022-11-10 19:12:08,架子鼓
2022-11-10 19:13:06,贝斯
2022-11-10 19:14:04,贝斯
2022-11-10 19:15:02,吉他
2022-11-10 19:16:00,钢琴
2022-11-10 19:16:58,小提琴
2022-11-10 19:17:56,钢琴
2022-11-10 19:18:54,钢琴
2022-11-10 19:19:52,小提琴
2022-11-10 19:20:50,小提琴
2022-11-10 19:21:48,小提琴
2022-11-10 19:22:46,吉他
2022-11-10 19:23:44,贝斯
2022-11-10 19:24:42,贝斯
2022-11-10 19:25:40,萨克斯风
2022-11-10 19:26:38,贝斯
2022-11-10 19:27:36,贝斯
2022-11-10 19:28:34,吉他
2022-11-10 19:29:32,吉他
2022-11-10 19:30:30,小提琴
2022-11-10 19:31:28,架子鼓
2022-11-10 19:32:26,贝斯
2022-11-10 19:33:24,贝斯
2022-11-10 19:34:22,小提琴
2022-11-10 19:35:20,小提琴
2022-11-10 19:36:18,吉他
2022-11-10 19:37:16,贝斯
2022-11-10 19:38:14,贝斯
2022-11-10 19:39:12,吉他
2022-11-10 19:40:10,钢琴
2022-11-10 19:41:08,钢琴
2022-11-10 19:42:06,贝斯
2022-11-10 19:43:04,架子鼓
2022-11-10 19:44:02,钢琴
2022-11-10 19:45:00,钢琴
2022-11-10 19:45:58,小提琴
2022-11-10 19:46:56,贝斯
2022-11-10 19:47:54,贝斯
2022-11-10 19:48:52,小提琴
2022-11-10 19:49:50,贝斯
2022-11-10 19:50:48,钢琴
2022-11-10 19:51:46,贝斯
2022-11-10 19:52:44,吉他
2022-11-10 19:53:42,吉他
2022-11-10 19:54:40,小提琴
2022-11-10 19:55:38,贝斯
2022-11-10 19:56:36,竖琴
2022-11-10 19:57:34,架子鼓
2022-11-10 19:58:32,吉他
2022-11-10 19:59:30,小提琴
2022-11-10 20:00:28,钢琴
2022-11-10 20:01:26,贝斯
2022-11-10 20:02:24,贝斯
2022-11-10 20:03:22,吉他
2022-11-10 20:04:20,钢琴
2022-11-10 20:05:18,小提琴
2022-11-10 20:06:16,吉他
2022-11-10 20:07:14,吉他
2022-11-10 20:08:12,贝斯
2022-11-10 20:09:10,贝斯
2022-11-10 20:10:08,吉他
2022-11-10 20:11:06,贝斯
2022-11-10 20:12:04,贝斯
2022-11-10 20:13:02,架子鼓
2022-11-10 20:14:00,钢琴
2022-11-10 20:14:58,贝斯
2022-11-10 20:15:56,吉他
2022-11-10 20:16:54,钢琴
2022-11-10 20:17:52,贝斯
2022-11-10 20:18:50,吉他
2022-11-10 20:19:48,小提琴
2022-11-10 20:20:46,钢琴
2022-11-10 20:21:44,小提琴
2022-11-10 20:22:42,吉他
2022-11-10 20:23:40,钢琴
2022-11-10 20:24:38,吉他
2022-11-10 20:25:36,钢琴
2022-11-10 20:26:34,贝斯
2022-11-10 20:27:32,钢琴
2022-11-10 20:28:30,小提琴
2022-11-10 20:29:28,吉他
2022-11-10 20:30:26,架子鼓
2022-11-10 20:31:24,钢琴
2022-11-10 20:32:22,吉他
2022-11-10 20:33:20,圆号
2022-11-10 20:34:18,吉他
2022-11-10 20:35:16,钢琴
2022-11-10 20:36:14,吉他
2022-11-10 20:37:12,贝斯
2022-11-10 20:38:10,钢琴
2022-11-10 20:39:08,架子鼓
2022-11-10 20:40:06,圆号
2022-11-10 20:41:04,钢琴
2022-11-10 20:42:02,小提琴
2022-11-10 20:43:00,钢琴
2022-11-10 20:43:58,架子鼓
2022-11-10 20:44:56,架子鼓
2022-11-10 20:45:54,吉他
2022-11-10 20:46:52,小提琴
2022-11-10 20:47:50,贝斯
2022-11-10 20:48:48,吉他
2022-11-10 20:49:46,贝斯
2022-11-10 20:50:44,钢琴
2022-11-10 20:51:42,贝斯
2022-11-10 20:52:40,萨克斯风
2022-11-10 20:53:38,小提琴
2022-11-10 20:54:36,圆号
2022-11-10 20:55:34,架子鼓
2022-11-10 20:56:32,架子鼓
2022-11-10 20:57:30,吉他
2022-11-10 20:58:28,钢琴
2022-11-10 20:59:26,贝斯
2022-11-10 21:00:24,钢琴
2022-11-10 21:01:22,萨克斯风
2022-11-10 21:02:20,贝斯
2022-11-10 21:03:18,架子鼓
2022-11-10 21:04:16,竖琴
2022-11-10 21:05:14,架子鼓
2022-11-10 21:06:12,贝斯
2022-11-10 21:07:10,架子鼓
2022-11-10 21:08:08,小提琴
2022-11-10 21:09:06,小提琴
2022-11-10 21:10:04,钢琴
2022-11-10 21:11:02,贝斯
2022-11-10 21:12:00,架子鼓
2022-11-10 21:12:58,贝斯
2022-11-10 21:13:56,小提琴
2022-11-10 21:14:54,小提琴
2022-11-10 21:15:52,吉他
2022-11-10 21:16:50,钢琴
2022-11-10 21:17:48,竖琴
2022-11-10 21:18:46,钢琴
2022-11-10 21:19:44,钢琴
2022-11-10 21:20:42,小提琴
2022-11-10 21:21:40,钢琴
2022-11-10 21:22:38,架子鼓
2022-11-10 21:23:36,贝斯
2022-11-10 21:24:34,吉他
2022-11-10 21:25:32,吉他
2022-11-10 21:26:30,贝斯
2022-11-10 21:27:28,吉他
2022-11-10 21:28:26,萨克斯风
2022-11-10 21:29:24,小提琴
2022-11-10 21:30:22,架子鼓
2022-11-10 21:31:20,小提琴
2022-11-10 21:32:18,贝斯
2022-11-10 21:33:16,贝斯
2022-11-10 21:34:14,贝斯
2022-11-10 21:35:12,竖琴
2022-11-10 21:36:10,吉他
2022-11-10 21:37:08,小提琴
2022-11-10 21:38:06,小提琴
2022-11-10 21:39:04,架子鼓
2022-11-10 21:40:02,萨克斯风
2022-11-10 21:41:00,吉他
2022-11-10 21:48:44,钢琴
2022-11-10 21:49:42,架子鼓
2022-11-10 21:50:40,贝斯
2022-11-10 21:51:38,小提琴
2022-11-10 21:52:36,圆号
2022-11-10 21:53:34,贝斯
2022-11-10 21:54:32,钢琴
2022-11-10 21:55:30,钢琴
2022-11-10 21:56:28,小提琴
2022-11-10 21:57:26,贝斯
2022-11-10 21:58:24,小提琴
2022-11-10 21:59:22,圆号
2022-11-10 22:00:20,小提琴
2022-11-10 22:01:18,架子鼓
2022-11-10 22:02:16,小提琴
2022-11-10 22:03:14,贝斯
2022-11-10 22:04:12,贝斯
2022-11-10 22:05:10,钢琴
2022-11-10 22:06:08,贝斯
2022-11-10 22:07:06,钢琴
2022-11-10 22:08:04,竖琴
2022-11-10 22:09:02,吉他
2022-11-10 22:10:00,圆号
2022-11-10 22:10:58,钢琴
2022-11-10 22:11:56,小提琴
2022-11-10 22:12:54,贝斯
2022-11-10 22:13:52,贝斯
2022-11-10 22:14:50,钢琴
2022-11-10 22:15:48,吉他
2022-11-10 22:16:46,贝斯
2022-11-10 22:17:44,钢琴
2022-11-10 22:18:42,钢琴
2022-11-10 22:19:40,架子鼓
2022-11-10 22:20:38,吉他
2022-11-10 22:21:36,吉他
2022-11-10 22:22:34,吉他
2022-11-10 22:23:32,萨克斯风
2022-11-10 22:24:30,钢琴
2022-11-10 22:25:28,贝斯
2022-11-10 22:26:26,圆号
2022-11-10 22:27:24,吉他
2022-11-10 22:28:22,吉他
2022-11-10 22:29:20,竖琴
2022-11-10 22:30:18,钢琴
2022-11-10 22:31:16,吉他
2022-11-10 22:32:14,萨克斯风
2022-11-10 22:33:12,钢琴
2022-11-10 22:34:10,小提琴
2022-11-10 22:35:08,架子鼓
2022-11-10 22:36:06,小提琴
2022-11-10 22:37:04,吉他
2022-11-10 22:38:02,贝斯
2022-11-10 22:39:00,钢琴
2022-11-10 22:39:58,贝斯
2022-11-10 22:40:56,萨克斯风
2022-11-10 22:41:54,贝斯
2022-11-10 22:42:52,钢琴
2022-11-10 22:43:50,吉他
2022-11-10 22:44:48,小提琴
2022-11-10 22:45:46,小提琴
2022-11-10 22:46:44,架子鼓
2022-11-10 22:47:42,钢琴
2022-11-10 22:48:40,吉他
2022-11-10 22:49:38,钢琴
2022-11-10 22:50:36,架子鼓
2022-11-10 22:51:34,贝斯
2022-11-10 22:52:32,吉他
2022-11-10 22:53:30,萨克斯风
2022-11-10 22:54:28,小提琴
2022-11-10 22:55:26,萨克斯风
2022-11-10 22:56:24,钢琴
2022-11-10 22:57:22,架子鼓
2022-11-10 22:58:20,吉他
2022-11-10 22:59:18,钢琴
2022-11-10 23:00:16,架子鼓
2022-11-10 23:01:14,架子鼓
2022-11-10 23:02:12,钢琴
2022-11-10 23:03:10,钢琴
2022-11-10 23:04:08,小提琴
2022-11-10 23:05:06,贝斯
2022-11-10 23:06:04,贝斯
2022-11-10 23:07:02,钢琴
2022-11-10 23:08:00,贝斯
2022-11-10 23:08:58,钢琴
2022-11-10 23:09:56,吉他
2022-11-10 23:10:54,小提琴
2022-11-10 23:11:52,吉他
2022-11-10 23:12:50,架子鼓
2022-11-10 23:13:48,贝斯
2022-11-10 23:14:46,吉他
2022-11-10 23:15:44,吉他
2022-11-10 23:16:42,小提琴
2022-11-10 23:17:40,吉他
2022-11-10 23:18:38,吉他
2022-11-10 23:19:36,吉他
2022-11-10 23:20:34,吉他
2022-11-10 23:21:32,萨克斯风
2022-11-10 23:22:30,钢琴
2022-11-10 23:23:28,钢琴
2022-11-10 23:24:26,吉他
2022-11-10 23:25:24,吉他
2022-11-10 23:26:22,吉他
2022-11-10 23:27:20,吉他
2022-11-10 23:28:18,吉他
2022-11-10 23:29:16,小提琴
2022-11-10 23:30:14,钢琴
2022-11-10 23:31:12,钢琴
2022-11-10 23:32:10,贝斯
2022-11-10 23:33:08,钢琴
2022-11-10 23:34:06,钢琴
2022-11-10 23:35:04,架子鼓
2022-11-10 23:36:02,钢琴
2022-11-10 23:37:00,钢琴
2022-11-10 23:37:58,钢琴
2022-11-10 23:38:56,贝斯
2022-11-10 23:39:54,钢琴
2022-11-10 23:40:52,小提琴
2022-11-10 23:41:50,钢琴
2022-11-10 23:42:48,圆号
2022-11-10 23:43:46,钢琴
2022-11-10 23:44:44,贝斯
2022-11-10 23:45:42,小提琴
2022-11-10 23:46:40,小提琴
2022-11-10 23:47:38,贝斯
2022-11-10 23:48:36,吉他
2022-11-10 23:49:34,吉他
2022-11-10 23:50:32,架子鼓
2022-11-10 23:51:30,圆号
2022-11-10 23:52:28,圆号
2022-11-10 23:53:26,吉他
2022-11-10 23:54:24,吉他
2022-11-10 23:55:22,竖琴
2022-11-10 23:56:20,小提琴
2022-11-10 23:57:18,圆号
2022-11-10 23:58:16,吉他
2022-11-10 23:59:14,钢琴
2022-11-11 00:00:12,小提琴
2022-11-11 00:01:10,贝斯
2022-11-11 00:02:08,贝斯
2022-11-11 00:03:06,钢琴
2022-11-11 00:04:04,小提琴
2022-11-11 00:05:02,贝斯
2022-11-11 00:06:00,贝斯
2022-11-11 00:06:58,钢琴
2022-11-11 00:07:56,架子鼓
2022-11-11 00:08:54,钢琴
2022-11-11 00:09:52,吉他
2022-11-11 00:10:50,贝斯
2022-11-11 00:11:48,贝斯
2022-11-11 00:12:46,架子鼓
2022-11-11 00:13:44,竖琴
2022-11-11 00:14:42,贝斯
2022-11-11 00:15:40,竖琴
2022-11-11 00:16:38,竖琴
2022-11-11 00:17:36,贝斯
2022-11-11 00:18:34,小提琴
2022-11-11 00:19:32,小提琴
2022-11-11 00:20:30,吉他
2022-11-11 00:21:28,钢琴
2022-11-11 00:22:26,贝斯
2022-11-11 00:23:24,小提琴
2022-11-11 00:24:22,小提琴
2022-11-11 00:25:20,贝斯
2022-11-11 00:26:18,钢琴
2022-11-11 00:27:16,钢琴
2022-11-11 00:28:14,贝斯
2022-11-11 00:29:12,小提琴
2022-11-11 00:30:10,贝斯
2022-11-11 00:31:08,小提琴
2022-11-11 00:32:06,圆号
2022-11-11 00:33:04,吉他
2022-11-11 00:34:02,吉他
2022-11-11 00:35:00,贝斯
2022-11-11 00:35:58,吉他
2022-11-11 00:36:56,钢琴
2022-11-11 00:37:54,小提琴
2022-11-11 00:38:52,架子鼓
2022-11-11 00:39:50,小提琴
2022-11-11 00:40:48,吉他
2022-11-11 00:41:46,贝斯
2022-11-11 00:42:44,钢琴
2022-11-11 00:43:42,钢琴
2022-11-11 00:44:40,小提琴
2022-11-11 00:45:38,小提琴
2022-11-11 00:46:36,架子鼓
2022-11-11 00:47:34,吉他
2022-11-11 00:48:32,吉他
2022-11-11 00:49:30,竖琴
2022-11-11 00:50:28,钢琴
2022-11-11 00:51:26,吉他
2022-11-11 00:52:24,竖琴
2022-11-11 00:53:22,吉他
2022-11-11 00:54:20,小提琴
2022-11-11 00:55:18,竖琴
2022-11-11 00:56:16,吉他
2022-11-11 00:57:14,钢琴
2022-11-11 00:58:12,萨克斯风
2022-11-11 00:59:10,吉他
2022-11-11 01:00:08,架子鼓
2022-11-11 01:01:06,小提琴
2022-11-11 01:02:04,小提琴
2022-11-11 01:03:02,吉他
2022-11-11 01:04:00,吉他
2022-11-11 01:04:58,钢琴
2022-11-11 01:05:56,架子鼓
2022-11-11 01:06:54,钢琴
2022-11-11 01:07:52,钢琴
2022-11-11 01:08:50,贝斯
2022-11-11 01:09:48,小提琴
2022-11-11 01:10:46,钢琴
2022-11-11 01:11:44,贝斯
2022-11-11 01:12:42,小提琴
2022-11-11 01:13:40,钢琴
2022-11-11 01:14:38,萨克斯风
2022-11-11 01:15:36,钢琴
2022-11-11 01:16:34,吉他
2022-11-11 01:17:32,架子鼓
2022-11-11 01:18:30,钢琴
2022-11-11 01:19:28,吉他
2022-11-11 01:20:26,贝斯
2022-11-11 01:21:24,贝斯
2022-11-11 01:22:22,贝斯
2022-11-11 01:23:20,吉他
2022-11-11 01:24:18,钢琴
2022-11-11 01:25:16,小提琴
2022-11-11 01:26:14,贝斯
2022-11-11 01:27:12,小提琴
2022-11-11 01:28:10,小提琴
2022-11-11 01:29:08,贝斯
2022-11-11 01:30:06,吉他
2022-11-11 01:31:04,萨克斯风
2022-11-11 01:32:02,竖琴
2022-11-11 01:33:00,小提琴
2022-11-11 01:33:58,钢琴
2022-11-11 01:34:56,吉他
2022-11-11 01:35:54,钢琴
2022-11-11 01:36:52,钢琴
2022-11-11 01:37:50,钢琴
2022-11-11 01:38:48,贝斯
2022-11-11 01:39:46,钢琴
2022-11-11 01:40:44,吉他
2022-11-11 01:41:42,架子鼓
2022-11-11 01:42:40,贝斯
2022-11-11 01:43:38,贝斯
2022-11-11 01:44:36,贝斯
2022-11-11 01:45:34,吉他
2022-11-11 01:46:32,贝斯
2022-11-11 01:47:30,架子鼓
2022-11-11 01:48:28,贝斯
2022-11-11 01:49:26,钢琴
2022-11-11 01:50:24,钢琴
2022-11-11 01:51:22,贝斯
2022-11-11 01:52:20,贝斯
2022-11-11 01:53:18,贝斯
2022-11-11 01:54:16,吉他
2022-11-11 01:55:14,吉他
2022-11-11 01:56:12,贝斯
2022-11-11 01:57:10,贝斯
2022-11-11 01:58:08,钢琴
2022-11-11 01:59:06,贝斯
2022-11-11 02:00:04,钢琴
2022-11-11 02:01:02,架子鼓
2022-11-11 02:02:00,小提琴
2022-11-11 02:02:58,小提琴
2022-11-11 02:03:56,架子鼓
2022-11-11 02:04:54,吉他
2022-11-11 02:05:52,小提琴
2022-11-11 02:06:50,贝斯
2022-11-11 02:07:48,钢琴
2022-11-11 02:08:46,钢琴
2022-11-11 02:09:44,小提琴
2022-11-11 02:10:42,架子鼓
2022-11-11 02:11:40,钢琴
2022-11-11 02:12:38,吉他
2022-11-11 02:13:36,吉他
2022-11-11 02:14:34,小提琴
2022-11-11 02:15:32,萨克斯风
2022-11-11 02:16:30,小提琴
2022-11-11 02:17:28,钢琴
2022-11-11 02:18:26,贝斯
2022-11-11 02:19:24,贝斯
2022-11-11 02:20:22,贝斯
2022-11-11 02:21:20,贝斯
2022-11-11 02:22:18,小提琴
2022-11-11 02:23:16,吉他
2022-11-11 02:24:14,架子鼓
2022-11-11 02:25:12,圆号
2022-11-11 02:26:10,架子鼓
2022-11-11 02:27:08,小提琴
2022-11-11 02:28:06,吉他
2022-11-11 02:29:04,贝斯
2022-11-11 02:30:02,钢琴
2022-11-11 02:31:00,吉他
2022-11-11 02:31:58,小提琴
2022-11-11 02:32:56,架子鼓
2022-11-11 02:33:54,钢琴
2022-11-11 02:34:52,小提琴
2022-11-11 02:35:50,小提琴
2022-11-11 02:36:48,小提琴
2022-11-11 02:37:46,钢琴
2022-11-11 02:38:44,吉他
2022-11-11 02:39:42,贝斯
2022-11-11 02:40:40,钢琴
2022-11-11 02:41:38,小提琴
2022-11-11 02:42:36,吉他
2022-11-11 02:43:34,贝斯
2022-11-11 02:44:32,小提琴
2022-11-11 02:45:30,贝斯
2022-11-11 02:46:28,钢琴
2022-11-11 02:47:26,贝斯
2022-11-11 02:48:24,小提琴
2022-11-11 02:49:22,架子鼓
2022-11-11 02:50:20,钢琴
2022-11-11 02:51:18,吉他
2022-11-11 02:52:16,贝斯
2022-11-11 02:53:14,贝斯
2022-11-11 02:54:12,小提琴
2022-11-11 02:55:10,吉他
2022-11-11 02:56:08,小提琴
2022-11-11 02:57:06,圆号
2022-11-11 02:58:04,架子鼓
2022-11-11 02:59:02,钢琴
2022-11-11 03:00:00,贝斯
2022-11-11 03:00:58,吉他
2022-11-11 03:01:56,吉他
2022-11-11 03:02:54,吉他
2022-11-11 03:03:52,架子鼓
2022-11-11 03:04:50,小提琴
2022-11-11 03:05:48,小提琴
2022-11-11 03:06:46,小提琴
2022-11-11 03:07:44,萨克斯风
2022-11-11 03:08:42,吉他
2022-11-11 03:09:40,小提琴
2022-11-11 03:10:38,钢琴
2022-11-11 03:11:36,贝斯
2022-11-11 03:12:34,钢琴
2022-11-11 03:13:32,贝斯
2022-11-11 03:14:30,小提琴
2022-11-11 03:15:28,贝斯
2022-11-11 03:16:26,吉他
2022-11-11 03:17:24,小提琴
2022-11-11 03:18:22,架子鼓
2022-11-11 03:19:20,架子鼓
2022-11-11 03:20:18,竖琴
2022-11-11 03:21:16,钢琴
2022-11-11 03:22:14,贝斯
2022-11-11 03:23:12,吉他
2022-11-11 03:24:10,吉他
2022-11-11 03:25:08,贝斯
2022-11-11 03:26:06,吉他
2022-11-11 03:27:04,钢琴
2022-11-11 03:28:02,钢琴
2022-11-11 03:29:00,小提琴
2022-11-11 03:29:58,架子鼓
2022-11-11 03:30:56,架子鼓
2022-11-11 03:31:54,钢琴
2022-11-11 03:32:52,吉他
2022-11-11 03:33:50,吉他
2022-11-11 03:34:48,吉他
2022-11-11 03:35:46,贝斯
2022-11-11 03:36:44,贝斯
2022-11-11 03:37:42,钢琴
2022-11-11 03:38:40,小提琴
2022-11-11 03:39:38,吉他
2022-11-11 03:40:36,贝斯
2022-11-11 03:41:34,小提琴
2022-11-11 03:42:32,贝斯
2022-11-11 03:43:30,贝斯
2022-11-11 03:44:28,小提琴
2022-11-11 03:45:26,贝斯
2022-11-11 03:46:24,吉他
2022-11-11 03:47:22,钢琴
2022-11-11 03:48:20,小提琴
2022-11-11 03:49:18,小提琴
2022-11-11 03:50:16,钢琴
2022-11-11 03:51:14,吉他
2022-11-11 03:52:12,钢琴
2022-11-11 03:53:10,钢琴
2022-11-11 03:54:08,小提琴
2022-11-11 03:55:06,小提琴
2022-11-11 03:56:04,贝斯
2022-11-11 03:57:02,钢琴
2022-11-11 03:58:00,钢琴
2022-11-11 03:58:58,贝斯
2022-11-11 03:59:56,贝斯
2022-11-11 04:00:54,吉他
2022-11-11 04:01:52,竖琴
2022-11-11 04:02:50,架子鼓
2022-11-11 04:03:48,贝斯
2022-11-11 04:04:46,小提琴
2022-11-11 04:05:44,圆号
2022-11-11 04:06:42,吉他
2022-11-11 04:07:40,吉他
2022-11-11 04:08:38,钢琴
2022-11-11 04:09:36,小提琴
2022-11-11 04:10:34,钢琴
2022-11-11 04:11:32,贝斯
2022-11-11 04:12:30,贝斯
2022-11-11 04:13:28,架子鼓
2022-11-11 04:14:26,贝斯
2022-11-11 04:15:24,吉他
2022-11-11 04:16:22,圆号
2022-11-11 04:17:20,贝斯
2022-11-11 04:18:18,贝斯
2022-11-11 04:19:16,吉他
2022-11-11 04:20:14,吉他
2022-11-11 04:21:12,钢琴
2022-11-11 04:22:10,钢琴
2022-11-11 04:23:08,小提琴
2022-11-11 04:24:06,钢琴
2022-11-11 04:25:04,小提琴
2022-11-11 04:26:02,萨克斯风
2022-11-11 04:27:00,吉他
2022-11-11 04:27:58,吉他
2022-11-11 04:28:56,架子鼓
2022-11-11 04:29:54,吉他
2022-11-11 04:30:52,小提琴
2022-11-11 04:31:50,钢琴
2022-11-11 04:32:48,小提琴
2022-11-11 04:33:46,架子鼓
2022-11-11 04:34:44,钢琴
2022-11-11 04:35:42,吉他
2022-11-11 04:36:40,架子鼓
2022-11-11 04:37:38,钢琴
2022-11-11 04:38:36,吉他
2022-11-11 04:39:34,小提琴
2022-11-11 04:40:32,小提琴
2022-11-11 04:41:30,小提琴
2022-11-11 04:42:28,吉他
2022-11-11 04:43:26,钢琴
2022-11-11 04:44:24,小提琴
2022-11-11 04:45:22,吉他
2022-11-11 04:46:20,吉他
2022-11-11 04:47:18,钢琴
2022-11-11 04:48:16,小提琴
2022-11-11 04:49:14,钢琴
2022-11-11 04:50:12,贝斯
2022-11-11 04:51:10,贝斯
2022-11-11 04:52:08,贝斯
2022-11-11 04:53:06,吉他
2022-11-11 04:54:04,竖琴
2022-11-11 04:55:02,萨克斯风
2022-11-11 04:56:00,吉他
2022-11-11 04:56:58,贝斯
2022-11-11 04:57:56,贝斯
2022-11-11 04:58:54,钢琴
2022-11-11 04:59:52,萨克斯风
2022-11-11 05:00:50,吉他
2022-11-11 05:01:48,萨克斯风
2022-11-11 05:02:46,吉他
2022-11-11 05:03:44,小提琴
2022-11-11 05:04:42,小提琴
2022-11-11 05:05:40,钢琴
2022-11-11 05:06:38,小提琴
2022-11-11 05:07:36,吉他
2022-11-11 05:08:34,吉他
2022-11-11 05:09:32,吉他
2022-11-11 05:10:30,吉他
2022-11-11 05:11:28,吉他
2022-11-11 05:12:26,吉他
2022-11-11 05:13:24,钢琴
2022-11-11 05:14:22,吉他
2022-11-11 05:15:20,钢琴
2022-11-11 05:16:18,贝斯
2022-11-11 05:17:16,贝斯
2022-11-11 05:18:14,钢琴
2022-11-11 05:19:12,钢琴
2022-11-11 05:20:10,钢琴
2022-11-11 05:21:08,小提琴
2022-11-11 05:22:06,小提琴
2022-11-11 05:23:04,架子鼓
2022-11-11 05:24:02,竖琴
2022-11-11 05:25:00,吉他
2022-11-11 05:25:58,吉他
2022-11-11 05:26:56,钢琴
2022-11-11 05:27:54,架子鼓
2022-11-11 05:28:52,钢琴
2022-11-11 05:29:50,小提琴
2022-11-11 05:30:48,吉他
2022-11-11 05:31:46,小提琴
2022-11-11 05:32:44,小提琴
2022-11-11 05:33:42,贝斯
2022-11-11 05:34:40,钢琴
2022-11-11 05:35:38,萨克斯风
2022-11-11 05:36:36,小提琴
2022-11-11 05:37:34,贝斯
2022-11-11 05:38:32,吉他
2022-11-11 05:39:30,钢琴
2022-11-11 05:40:28,萨克斯风
2022-11-11 05:41:26,架子鼓
2022-11-11 05:42:24,钢琴
2022-11-11 05:43:22,钢琴
2022-11-11 05:44:20,贝斯
2022-11-11 05:45:18,吉他
2022-11-11 05:46:16,架子鼓
2022-11-11 05:47:14,钢琴
2022-11-11 05:48:12,小提琴
2022-11-11 05:49:10,贝斯
2022-11-11 05:50:08,竖琴
2022-11-11 05:51:06,吉他
2022-11-11 05:52:04,小提琴
2022-11-11 05:53:02,贝斯
2022-11-11 05:54:00,吉他
2022-11-11 05:54:58,贝斯
2022-11-11 05:55:56,钢琴
2022-11-11 05:56:54,贝斯
2022-11-11 05:57:52,架子鼓
2022-11-11 05:58:50,小提琴
2022-11-11 05:59:48,小提琴
2022-11-11 06:00:46,小提琴
2022-11-11 06:01:44,吉他
2022-11-11 06:02:42,吉他
2022-11-11 06:03:40,圆号
2022-11-11 06:04:38,贝斯
2022-11-11 06:05:36,圆号
2022-11-11 06:06:34,吉他
2022-11-11 06:07:32,小提琴
2022-11-11 06:08:30,吉他
2022-11-11 06:09:28,贝斯
2022-11-11 06:10:26,吉他
2022-11-11 06:11:24,钢琴
2022-11-11 06:12:22,贝斯
2022-11-11 06:13:20,萨克斯风
2022-11-11 06:14:18,吉他
2022-11-11 06:15:16,小提琴
2022-11-11 06:16:14,吉他
2022-11-11 06:17:12,竖琴
2022-11-11 06:18:10,钢琴
2022-11-11 06:19:08,钢琴
2022-11-11 06:20:06,贝斯
2022-11-11 06:21:04,贝斯
2022-11-11 06:22:02,贝斯
2022-11-11 06:23:00,贝斯
2022-11-11 06:23:58,小提琴
2022-11-11 06:24:56,钢琴
2022-11-11 06:25:54,小提琴
2022-11-11 06:26:52,吉他
2022-11-11 06:27:50,萨克斯风
2022-11-11 06:28:48,吉他
2022-11-11 06:29:46,钢琴
2022-11-11 06:30:44,吉他
2022-11-11 06:31:42,小提琴
2022-11-11 06:32:40,小提琴
2022-11-11 06:33:38,钢琴
2022-11-11 06:34:36,贝斯
2022-11-11 06:35:34,钢琴
2022-11-11 06:36:32,吉他
2022-11-11 06:37:30,小提琴
2022-11-11 06:38:28,小提琴
2022-11-11 06:39:26,架子鼓
2022-11-11 06:40:24,钢琴
2022-11-11 06:41:22,吉他
2022-11-11 06:42:20,贝斯
2022-11-11 06:43:18,吉他
2022-11-11 06:44:16,贝斯
2022-11-11 06:45:14,小提琴
2022-11-11 06:46:12,圆号
2022-11-11 06:47:10,钢琴
2022-11-11 06:48:08,圆号
2022-11-11 06:49:06,钢琴
2022-11-11 06:50:04,贝斯
2022-11-11 06:51:02,小提琴
2022-11-11 06:52:00,架子鼓
2022-11-11 06:52:58,贝斯
2022-11-11 06:53:56,小提琴
2022-11-11 06:54:54,贝斯
2022-11-11 06:55:52,钢琴
2022-11-11 06:56:50,钢琴
2022-11-11 06:57:48,钢琴
2022-11-11 06:58:46,竖琴
2022-11-11 06:59:44,吉他
2022-11-11 07:00:42,萨克斯风
2022-11-11 07:01:40,吉他
2022-11-11 07:02:38,架子鼓
2022-11-11 07:03:36,吉他
2022-11-11 07:04:34,萨克斯风
2022-11-11 07:05:32,吉他
2022-11-11 07:06:30,竖琴
2022-11-11 07:07:28,钢琴
2022-11-11 07:08:26,小提琴
2022-11-11 07:09:24,钢琴
2022-11-11 07:10:22,吉他
2022-11-11 07:11:20,贝斯
2022-11-11 07:12:18,吉他
2022-11-11 07:13:16,钢琴
2022-11-11 07:14:14,竖琴
2022-11-11 07:15:12,贝斯
2022-11-11 07:16:10,吉他
2022-11-11 07:17:08,贝斯
2022-11-11 07:18:06,架子鼓
2022-11-11 07:19:04,钢琴
2022-11-11 07:20:02,小提琴
2022-11-11 07:21:00,架子鼓
2022-11-11 07:21:58,小提琴
2022-11-11 07:22:56,小提琴
2022-11-11 07:23:54,架子鼓
2022-11-11 07:24:52,架子鼓
2022-11-11 07:25:50,吉他
2022-11-11 07:26:48,吉他
2022-11-11 07:27:46,小提琴
2022-11-11 07:28:44,小提琴
2022-11-11 07:29:42,钢琴
2022-11-11 07:30:40,小提琴
2022-11-11 07:31:38,小提琴
2022-11-11 07:32:36,小提琴
2022-11-11 07:33:34,小提琴
2022-11-11 07:34:32,吉他
2022-11-11 07:35:30,小提琴
2022-11-11 07:36:28,小提琴
2022-11-11 07:37:26,小提琴
2022-11-11 07:38:24,贝斯
2022-11-11 07:39:22,吉他
2022-11-11 07:40:20,吉他
2022-11-11 07:41:18,小提琴
2022-11-11 07:42:16,架子鼓
2022-11-11 07:43:14,贝斯
2022-11-11 07:44:12,贝斯
2022-11-11 07:45:10,小提琴
2022-11-11 07:46:08,架子鼓
2022-11-11 07:47:06,架子鼓
2022-11-11 07:48:04,吉他
2022-11-11 07:49:02,贝斯
2022-11-11 07:50:00,贝斯
2022-11-11 07:50:58,竖琴
2022-11-11 07:51:56,小提琴
2022-11-11 07:52:54,吉他
2022-11-11 07:53:52,小提琴
2022-11-11 07:54:50,贝斯
2022-11-11 07:55:48,竖琴
2022-11-11 07:56:46,钢琴
2022-11-11 07:57:44,架子鼓
2022-11-11 07:58:42,贝斯
2022-11-11 07:59:40,钢琴
2022-11-11 08:00:38,小提琴
2022-11-11 08:01:36,吉他
2022-11-11 08:02:34,萨克斯风
2022-11-11 08:03:32,贝斯
2022-11-11 08:04:30,吉他
2022-11-11 08:05:28,贝斯
2022-11-11 08:06:26,小提琴
2022-11-11 08:07:24,钢琴
2022-11-11 08:08:22,竖琴
2022-11-11 08:09:20,小提琴
2022-11-11 08:10:18,贝斯
2022-11-11 08:11:16,贝斯
2022-11-11 08:12:14,吉他
2022-11-11 08:13:12,小提琴
2022-11-11 08:14:10,小提琴
2022-11-11 08:15:08,圆号
2022-11-11 08:16:06,吉他
2022-11-11 08:17:04,钢琴
2022-11-11 08:18:02,钢琴
2022-11-11 08:19:00,钢琴
2022-11-11 08:19:58,小提琴
2022-11-11 08:20:56,贝斯
2022-11-11 08:21:54,架子鼓
2022-11-11 08:22:52,小提琴
2022-11-11 08:23:50,贝斯
2022-11-11 08:24:48,吉他
2022-11-11 08:25:46,吉他
2022-11-11 08:26:44,吉他
2022-11-11 08:27:42,吉他
2022-11-11 08:28:40,钢琴
2022-11-11 08:29:38,小提琴
2022-11-11 08:30:36,吉他
2022-11-11 08:31:34,贝斯
2022-11-11 08:32:32,吉他
2022-11-11 08:33:30,架子鼓
2022-11-11 08:34:28,小提琴
2022-11-11 08:35:26,架子鼓
2022-11-11 08:36:24,竖琴
2022-11-11 08:37:22,小提琴
2022-11-11 08:38:20,架子鼓
2022-11-11 08:39:18,贝斯
2022-11-11 08:40:16,圆号
2022-11-11 08:41:14,钢琴
2022-11-11 08:42:12,吉他
2022-11-11 08:43:10,钢琴
2022-11-11 08:44:08,小提琴
2022-11-11 08:45:06,贝斯
2022-11-11 08:46:04,钢琴
2022-11-11 08:47:02,吉他
2022-11-11 08:48:00,钢琴
2022-11-11 08:48:58,贝斯
2022-11-11 08:49:56,小提琴
2022-11-11 08:50:54,吉他
2022-11-11 08:51:52,钢琴
2022-11-11 08:52:50,小提琴
2022-11-11 08:53:48,吉他
2022-11-11 08:54:46,小提琴
2022-11-11 08:55:44,贝斯
2022-11-11 08:56:42,小提琴
2022-11-11 08:57:40,钢琴
2022-11-11 08:58:38,吉他
2022-11-11 08:59:36,钢琴
2022-11-11 09:00:34,钢琴
2022-11-11 09:01:32,小提琴
2022-11-11 09:02:30,贝斯
2022-11-11 09:03:28,吉他
2022-11-11 09:04:26,架子鼓
2022-11-11 09:05:24,钢琴
2022-11-11 09:06:22,贝斯
2022-11-11 09:07:20,贝斯
2022-11-11 09:08:18,钢琴
2022-11-11 09:09:16,钢琴
2022-11-11 09:10:14,小提琴
2022-11-11 09:11:12,架子鼓
2022-11-11 09:12:10,钢琴
2022-11-11 09:13:08,贝斯
2022-11-11 09:14:06,钢琴
2022-11-11 09:15:04,钢琴
2022-11-11 09:16:02,钢琴
2022-11-11 09:17:00,钢琴
2022-11-11 09:17:58,吉他
2022-11-11 09:18:56,小提琴
2022-11-11 09:19:54,竖琴
2022-11-11 09:20:52,吉他
2022-11-11 09:21:50,小提琴
2022-11-11 09:22:48,吉他
2022-11-11 09:23:46,架子鼓
2022-11-11 09:24:44,圆号
2022-11-11 09:25:42,小提琴
2022-11-11 09:26:40,贝斯
2022-11-11 09:27:38,钢琴
2022-11-11 09:28:36,竖琴
2022-11-11 09:29:34,小提琴
2022-11-11 09:30:32,圆号
2022-11-11 09:31:30,贝斯
2022-11-11 09:32:28,竖琴
2022-11-11 09:33:26,吉他
2022-11-11 09:34:24,吉他
2022-11-11 09:35:22,贝斯
2022-11-11 09:36:20,架子鼓
2022-11-11 09:37:18,贝斯
2022-11-11 09:38:16,钢琴
2022-11-11 09:39:14,钢琴
2022-11-11 09:40:12,吉他
2022-11-11 09:41:10,钢琴
2022-11-11 09:42:08,钢琴
2022-11-11 09:43:06,钢琴
2022-11-11 09:44:04,贝斯
2022-11-11 09:45:02,贝斯
2022-11-11 09:46:00,吉他
2022-11-11 09:46:58,架子鼓
2022-11-11 09:47:56,吉他
2022-11-11 09:48:54,贝斯
2022-11-11 09:49:52,吉他
2022-11-11 09:50:50,架子鼓
2022-11-11 09:51:48,竖琴
2022-11-11 09:52:46,圆号
2022-11-11 09:53:44,萨克斯风
2022-11-11 09:54:42,吉他
2022-11-11 09:55:40,架子鼓
2022-11-11 09:56:38,吉他
2022-11-11 09:57:36,小提琴
2022-11-11 09:58:34,钢琴
2022-11-11 09:59:32,吉他
2022-11-11 10:00:30,竖琴
2022-11-11 10:01:28,贝斯
2022-11-11 10:02:26,萨克斯风
2022-11-11 10:03:24,小提琴
2022-11-11 10:04:22,钢琴
2022-11-11 10:05:20,小提琴
2022-11-11 10:06:18,贝斯
2022-11-11 10:07:16,小提琴
2022-11-11 10:08:14,钢琴
2022-11-11 10:09:12,竖琴
2022-11-11 10:10:10,竖琴
2022-11-11 10:11:08,小提琴
2022-11-11 10:12:06,吉他
2022-11-11 10:13:04,贝斯
2022-11-11 10:14:02,吉他
2022-11-11 10:15:00,小提琴
2022-11-11 10:15:58,钢琴
2022-11-11 10:16:56,萨克斯风
2022-11-11 10:17:54,架子鼓
2022-11-11 10:18:52,贝斯
2022-11-11 10:19:50,吉他
2022-11-11 10:20:48,吉他
2022-11-11 10:21:46,架子鼓
2022-11-11 10:22:44,吉他
2022-11-11 10:23:42,萨克斯风
2022-11-11 10:24:40,吉他
2022-11-11 10:25:38,架子鼓
2022-11-11 10:26:36,吉他
2022-11-11 10:27:34,钢琴
2022-11-11 10:28:32,架子鼓
2022-11-11 10:29:30,小提琴
2022-11-11 10:30:28,小提琴
2022-11-11 10:31:26,吉他
2022-11-11 10:32:24,贝斯
2022-11-11 10:33:22,小提琴
2022-11-11 10:34:20,架子鼓
2022-11-11 10:35:18,小提琴
2022-11-11 10:36:16,圆号
2022-11-11 10:37:14,竖琴
2022-11-11 10:38:12,小提琴
2022-11-11 10:39:10,贝斯
2022-11-11 10:40:08,吉他
2022-11-11 10:41:06,钢琴
2022-11-11 10:42:04,吉他
2022-11-11 10:43:02,架子鼓
2022-11-11 10:44:00,小提琴
2022-11-11 10:44:58,吉他
2022-11-11 10:45:56,钢琴
2022-11-11 10:46:54,架子鼓
2022-11-11 10:47:52,贝斯
2022-11-11 10:48:50,贝斯
2022-11-11 10:49:48,小提琴
2022-11-11 10:50:46,贝斯
2022-11-11 10:51:44,小提琴
2022-11-11 10:52:42,贝斯
2022-11-11 10:53:40,贝斯
2022-11-11 10:54:38,架子鼓
2022-11-11 10:55:36,小提琴
2022-11-11 10:56:34,架子鼓
2022-11-11 10:57:32,小提琴
2022-11-11 10:58:30,钢琴
2022-11-11 10:59:28,贝斯
2022-11-11 11:00:26,贝斯
2022-11-11 11:01:24,贝斯
2022-11-11 11:02:22,小提琴
2022-11-11 11:03:20,小提琴
2022-11-11 11:04:18,吉他
2022-11-11 11:05:16,钢琴
2022-11-11 11:06:14,小提琴
2022-11-11 11:07:12,竖琴
2022-11-11 11:08:10,吉他
2022-11-11 11:09:08,小提琴
2022-11-11 11:10:06,吉他
2022-11-11 11:11:04,架子鼓
2022-11-11 11:12:02,钢琴
2022-11-11 11:13:00,萨克斯风
2022-11-11 11:13:58,钢琴
2022-11-11 11:14:56,贝斯
2022-11-11 11:15:54,架子鼓
2022-11-11 11:16:52,小提琴
2022-11-11 11:17:50,竖琴
2022-11-11 11:18:48,贝斯
2022-11-11 11:19:46,吉他
2022-11-11 11:20:44,钢琴
2022-11-11 11:21:42,钢琴
2022-11-11 11:22:40,吉他
2022-11-11 11:23:38,钢琴
2022-11-11 11:24:36,小提琴
2022-11-11 11:25:34,吉他
2022-11-11 11:26:32,钢琴
2022-11-11 11:27:30,吉他
2022-11-11 11:28:28,小提琴
2022-11-11 11:29:26,架子鼓
2022-11-11 11:30:24,贝斯
2022-11-11 11:31:22,钢琴
2022-11-11 11:32:20,小提琴
2022-11-11 11:33:18,小提琴
2022-11-11 11:34:16,贝斯
2022-11-11 11:35:14,贝斯
2022-11-11 11:36:12,小提琴
2022-11-11 11:37:10,钢琴
2022-11-11 11:38:08,钢琴
2022-11-11 11:39:06,小提琴
2022-11-11 11:40:04,钢琴
2022-11-11 11:41:02,贝斯
2022-11-11 11:42:00,小提琴
2022-11-11 11:42:58,钢琴
2022-11-11 11:43:56,贝斯
2022-11-11 11:44:54,贝斯
2022-11-11 11:45:52,吉他
2022-11-11 11:46:50,钢琴
2022-11-11 11:47:48,架子鼓
2022-11-11 11:48:46,小提琴
2022-11-11 11:49:44,小提琴
2022-11-11 11:50:42,钢琴
2022-11-11 11:51:40,小提琴
2022-11-11 11:52:38,吉他
2022-11-11 11:53:36,圆号
2022-11-11 11:54:34,小提琴
2022-11-11 11:55:32,小提琴
2022-11-11 11:56:30,钢琴
2022-11-11 11:57:28,吉他
2022-11-11 11:58:26,钢琴
2022-11-11 11:59:24,小提琴
2022-11-11 12:00:22,钢琴
2022-11-11 12:01:20,吉他
2022-11-11 12:02:18,吉他
2022-11-11 12:03:16,钢琴
2022-11-11 12:04:14,架子鼓
2022-11-11 12:05:12,吉他
2022-11-11 12:06:10,钢琴
2022-11-11 12:07:08,吉他
2022-11-11 12:08:06,小提琴
2022-11-11 12:09:04,钢琴
2022-11-11 12:10:02,吉他
2022-11-11 12:11:00,吉他
2022-11-11 12:11:58,小提琴
2022-11-11 12:12:56,萨克斯风
2022-11-11 12:13:54,贝斯
2022-11-11 12:14:52,钢琴
2022-11-11 12:15:50,吉他
2022-11-11 12:16:48,小提琴
2022-11-11 12:17:46,吉他
2022-11-11 12:18:44,钢琴
2022-11-11 12:19:42,贝斯
2022-11-11 12:20:40,吉他
2022-11-11 12:21:38,架子鼓
2022-11-11 12:22:36,圆号
2022-11-11 12:23:34,贝斯
2022-11-11 12:24:32,贝斯
2022-11-11 12:25:30,贝斯
2022-11-11 12:26:28,小提琴
2022-11-11 12:27:26,贝斯
2022-11-11 12:28:24,贝斯
2022-11-11 12:29:22,钢琴
2022-11-11 12:30:20,吉他
2022-11-11 12:31:18,吉他
2022-11-11 12:32:16,竖琴
2022-11-11 12:33:14,贝斯
2022-11-11 12:34:12,吉他
2022-11-11 12:35:10,钢琴
2022-11-11 12:36:08,吉他
2022-11-11 12:37:06,架子鼓
2022-11-11 12:38:04,钢琴
2022-11-11 12:39:02,架子鼓
2022-11-11 12:40:00,吉他
2022-11-11 12:40:58,小提琴
2022-11-11 12:41:56,吉他
2022-11-11 12:42:54,钢琴
2022-11-11 12:43:52,钢琴
2022-11-11 12:44:50,贝斯
2022-11-11 12:45:48,圆号
2022-11-11 12:46:46,小提琴
2022-11-11 12:47:44,贝斯
2022-11-11 12:48:42,贝斯
2022-11-11 12:49:40,小提琴
2022-11-11 12:50:38,钢琴
2022-11-11 12:51:36,小提琴
2022-11-11 12:52:34,贝斯
2022-11-11 12:53:32,贝斯
2022-11-11 12:54:30,钢琴
2022-11-11 12:55:28,萨克斯风
2022-11-11 12:56:26,钢琴
2022-11-11 12:57:24,吉他
2022-11-11 12:58:22,钢琴
2022-11-11 12:59:20,钢琴
2022-11-11 12:59:20,钢琴
2022-11-11 13:00:18,贝斯
2022-11-11 13:01:16,小提琴
2022-11-11 13:02:14,钢琴
2022-11-11 13:03:12,小提琴
2022-11-11 13:04:10,钢琴
2022-11-11 13:05:08,钢琴
2022-11-11 13:06:06,贝斯
2022-11-11 13:07:04,吉他
2022-11-11 13:08:02,贝斯
2022-11-11 13:09:00,小提琴
2022-11-11 13:09:58,钢琴
2022-11-11 13:10:56,小提琴
2022-11-11 13:11:54,小提琴
2022-11-11 13:12:52,小提琴
2022-11-11 13:13:50,小提琴
2022-11-11 13:14:48,吉他
2022-11-11 13:15:46,钢琴
2022-11-11 13:16:44,吉他
2022-11-11 13:17:42,小提琴
2022-11-11 13:18:40,小提琴
2022-11-11 13:19:38,架子鼓
2022-11-11 13:20:36,钢琴
2022-11-11 13:21:34,架子鼓
2022-11-11 13:21:34,架子鼓
2022-11-11 13:22:32,贝斯
2022-11-11 13:23:30,贝斯
2022-11-11 13:24:28,钢琴
2022-11-11 13:25:26,小提琴
2022-11-11 13:26:24,贝斯
2022-11-11 13:27:22,贝斯
2022-11-11 13:28:20,架子鼓
2022-11-11 13:29:18,竖琴
2022-11-11 13:30:16,贝斯
2022-11-11 13:31:14,小提琴
2022-11-11 13:32:12,吉他
2022-11-11 13:33:10,萨克斯风
2022-11-11 13:34:08,架子鼓
2022-11-11 13:35:06,小提琴
2022-11-11 13:36:04,钢琴
2022-11-11 13:37:02,贝斯
2022-11-11 13:38:00,钢琴
2022-11-11 13:38:58,贝斯
2022-11-11 13:39:56,贝斯
2022-11-11 13:40:54,架子鼓
2022-11-11 13:41:52,架子鼓
2022-11-11 13:42:50,钢琴
2022-11-11 13:43:48,小提琴
2022-11-11 13:44:46,竖琴
2022-11-11 13:45:44,竖琴
2022-11-11 13:46:42,吉他
2022-11-11 13:47:40,贝斯
2022-11-11 13:48:38,钢琴
