2022-12-21 20:36:22,小提琴
2022-12-21 20:37:20,小提琴
2022-12-21 20:38:18,吉他
2022-12-21 20:39:16,吉他
2022-12-21 20:40:14,钢琴
2022-12-21 20:41:12,架子鼓
2022-12-21 20:42:10,吉他
2022-12-21 20:43:08,架子鼓
2022-12-21 20:44:06,吉他
2022-12-21 20:45:04,贝斯
2022-12-21 20:46:02,吉他
2022-12-21 20:47:00,架子鼓
2022-12-21 20:47:58,小提琴
2022-12-21 20:48:56,贝斯
2022-12-21 20:49:54,吉他
2022-12-21 20:50:52,贝斯
2022-12-21 20:51:50,架子鼓
2022-12-21 20:52:48,钢琴
2022-12-21 20:53:46,吉他
2022-12-21 20:54:44,竖琴
2022-12-21 20:55:42,吉他
2022-12-21 20:56:40,架子鼓
2022-12-21 20:57:38,贝斯
2022-12-21 20:58:36,吉他
2022-12-21 20:59:34,小提琴
2022-12-21 21:00:32,吉他
2022-12-21 21:01:30,小提琴
2022-12-21 21:02:28,钢琴
2022-12-21 21:03:26,圆号
2022-12-21 21:04:24,贝斯
2022-12-21 21:05:22,小提琴
2022-12-21 21:06:20,架子鼓
2022-12-21 21:07:18,吉他
2022-12-21 21:08:16,贝斯
2022-12-21 21:09:14,小提琴
2022-12-21 21:10:12,小提琴
2022-12-21 21:11:10,钢琴
2022-12-21 21:12:08,吉他
2022-12-21 21:13:06,吉他
2022-12-21 21:14:04,贝斯
2022-12-21 21:15:02,钢琴
2022-12-21 21:16:00,贝斯
2022-12-21 21:16:58,钢琴
2022-12-21 21:17:56,萨克斯风
2022-12-21 21:18:54,贝斯
2022-12-21 21:19:52,小提琴
2022-12-21 21:20:50,小提琴
2022-12-21 21:21:48,架子鼓
2022-12-21 21:22:46,吉他
2022-12-21 21:23:44,吉他
2022-12-21 21:24:42,小提琴
2022-12-21 21:25:40,钢琴
2022-12-21 21:26:38,小提琴
2022-12-21 21:27:36,钢琴
2022-12-21 21:28:34,钢琴
2022-12-21 21:29:32,吉他
2022-12-21 21:30:30,吉他
2022-12-21 21:31:28,吉他
2022-12-21 21:32:26,吉他
2022-12-21 21:33:24,小提琴
2022-12-21 21:34:22,贝斯
2022-12-21 21:35:20,吉他
2022-12-21 21:36:18,吉他
2022-12-21 21:37:16,小提琴
2022-12-21 21:38:14,吉他
2022-12-21 21:39:12,贝斯
2022-12-21 21:40:10,贝斯
2022-12-21 21:41:08,吉他
2022-12-21 21:42:06,吉他
2022-12-21 21:43:04,钢琴
2022-12-21 21:44:02,吉他
2022-12-21 21:45:00,钢琴
2022-12-21 21:45:58,吉他
2022-12-21 21:46:56,钢琴
2022-12-21 21:47:54,吉他
2022-12-21 21:48:52,贝斯
2022-12-21 21:49:50,贝斯
2022-12-21 21:50:48,贝斯
2022-12-21 21:51:46,吉他
2022-12-21 21:52:44,贝斯
2022-12-21 21:53:42,小提琴
2022-12-21 21:54:40,贝斯
2022-12-21 21:55:38,钢琴
2022-12-21 21:56:36,小提琴
2022-12-21 21:57:34,架子鼓
2022-12-21 21:58:32,架子鼓
2022-12-21 21:59:30,吉他
2022-12-21 22:00:28,吉他
2022-12-21 22:01:26,贝斯
2022-12-21 22:02:24,竖琴
2022-12-21 22:03:22,钢琴
2022-12-21 22:04:20,小提琴
2022-12-21 22:05:18,贝斯
2022-12-21 22:06:16,架子鼓
2022-12-21 22:07:14,架子鼓
2022-12-21 22:08:12,吉他
2022-12-21 22:09:10,架子鼓
2022-12-21 22:10:08,吉他
2022-12-21 22:11:06,吉他
2022-12-21 22:12:04,吉他
2022-12-21 22:13:02,贝斯
2022-12-21 22:14:00,吉他
2022-12-21 22:14:58,贝斯
2022-12-21 22:15:56,钢琴
2022-12-21 22:16:54,小提琴
2022-12-21 22:17:52,架子鼓
2022-12-21 22:18:50,钢琴
2022-12-21 22:19:48,萨克斯风
2022-12-21 22:20:46,钢琴
2022-12-21 22:21:44,架子鼓
2022-12-21 22:22:42,贝斯
2022-12-21 22:23:40,钢琴
2022-12-21 22:24:38,架子鼓
2022-12-21 22:25:36,钢琴
2022-12-21 22:26:34,小提琴
2022-12-21 22:27:32,吉他
2022-12-21 22:28:30,吉他
2022-12-21 22:29:28,小提琴
2022-12-21 22:30:26,小提琴
2022-12-21 22:31:24,吉他
2022-12-21 22:32:22,架子鼓
2022-12-21 22:33:20,小提琴
2022-12-21 22:34:18,钢琴
2022-12-21 22:35:16,贝斯
2022-12-21 22:36:14,圆号
2022-12-21 22:37:12,钢琴
2022-12-21 22:38:10,吉他
2022-12-21 22:39:08,竖琴
2022-12-21 22:40:06,吉他
2022-12-21 22:41:04,架子鼓
2022-12-21 22:42:02,吉他
2022-12-21 22:43:00,钢琴
2022-12-21 22:43:58,架子鼓
2022-12-21 22:44:56,小提琴
2022-12-21 22:45:54,钢琴
2022-12-21 22:46:52,萨克斯风
2022-12-21 22:47:50,吉他
2022-12-21 22:48:48,圆号
2022-12-21 22:49:46,吉他
2022-12-21 22:50:44,小提琴
2022-12-21 22:51:42,贝斯
2022-12-21 22:52:40,贝斯
2022-12-21 22:53:38,小提琴
2022-12-21 22:54:36,钢琴
2022-12-21 22:55:34,吉他
2022-12-21 22:56:32,圆号
2022-12-21 22:59:26,架子鼓
2022-12-21 23:00:24,架子鼓
2022-12-21 23:01:22,吉他
2022-12-21 23:02:20,吉他
2022-12-21 23:03:18,贝斯
2022-12-21 23:04:16,贝斯
2022-12-21 23:05:14,贝斯
2022-12-21 23:06:12,钢琴
2022-12-21 23:07:10,吉他
2022-12-21 23:08:08,钢琴
2022-12-21 23:09:06,架子鼓
2022-12-21 23:10:04,贝斯
2022-12-21 23:11:02,吉他
2022-12-21 23:12:00,架子鼓
2022-12-21 23:12:58,贝斯
2022-12-21 23:13:56,吉他
2022-12-21 23:14:54,小提琴
2022-12-21 23:15:52,吉他
2022-12-21 23:16:50,竖琴
2022-12-21 23:17:48,吉他
2022-12-21 23:18:46,架子鼓
2022-12-21 23:19:44,小提琴
2022-12-21 23:20:42,贝斯
2022-12-21 23:21:40,小提琴
2022-12-21 23:22:38,小提琴
2022-12-21 23:23:36,钢琴
2022-12-21 23:24:34,吉他
2022-12-21 23:25:32,吉他
2022-12-21 23:26:30,架子鼓
2022-12-21 23:27:28,架子鼓
2022-12-21 23:28:26,小提琴
2022-12-21 23:29:24,贝斯
2022-12-21 23:30:22,贝斯
2022-12-21 23:31:20,架子鼓
2022-12-21 23:32:18,吉他
2022-12-21 23:33:16,小提琴
2022-12-21 23:34:14,钢琴
2022-12-21 23:35:12,小提琴
2022-12-21 23:36:10,贝斯
2022-12-21 23:37:08,吉他
2022-12-21 23:38:06,萨克斯风
2022-12-21 23:39:04,小提琴
2022-12-21 23:40:02,吉他
2022-12-21 23:41:00,小提琴
2022-12-21 23:41:58,钢琴
2022-12-21 23:42:56,贝斯
2022-12-21 23:43:54,小提琴
2022-12-21 23:44:52,吉他
2022-12-21 23:45:50,吉他
2022-12-21 23:46:48,小提琴
2022-12-21 23:47:46,吉他
2022-12-21 23:48:44,贝斯
2022-12-21 23:49:42,小提琴
2022-12-21 23:50:40,钢琴
2022-12-21 23:51:38,萨克斯风
2022-12-21 23:52:36,钢琴
2022-12-21 23:53:34,吉他
2022-12-21 23:54:32,小提琴
2022-12-21 23:55:30,竖琴
2022-12-21 23:56:28,贝斯
2022-12-21 23:57:26,钢琴
2022-12-21 23:58:24,架子鼓
2022-12-21 23:59:22,架子鼓
2022-12-22 00:00:20,贝斯
2022-12-22 00:01:18,钢琴
2022-12-22 00:02:16,贝斯
2022-12-22 00:03:14,吉他
2022-12-22 00:04:12,吉他
2022-12-22 00:05:10,吉他
2022-12-22 00:06:08,小提琴
2022-12-22 00:07:06,小提琴
2022-12-22 00:08:04,钢琴
2022-12-22 00:09:02,吉他
2022-12-22 00:10:00,吉他
2022-12-22 00:10:58,钢琴
2022-12-22 00:11:56,架子鼓
2022-12-22 00:12:54,小提琴
2022-12-22 00:13:52,贝斯
2022-12-22 00:14:50,钢琴
2022-12-22 00:15:48,小提琴
2022-12-22 00:16:46,钢琴
2022-12-22 00:17:44,钢琴
2022-12-22 00:18:42,贝斯
2022-12-22 00:19:40,钢琴
2022-12-22 00:20:38,小提琴
2022-12-22 00:21:36,钢琴
2022-12-22 00:22:34,钢琴
2022-12-22 00:23:32,贝斯
2022-12-22 00:24:30,吉他
2022-12-22 00:25:28,小提琴
2022-12-22 00:26:26,小提琴
2022-12-22 00:27:24,架子鼓
2022-12-22 00:28:22,钢琴
2022-12-22 00:29:20,钢琴
2022-12-22 00:30:18,小提琴
2022-12-22 00:31:16,贝斯
2022-12-22 00:32:14,吉他
2022-12-22 00:33:12,架子鼓
2022-12-22 00:34:10,钢琴
2022-12-22 00:35:08,贝斯
2022-12-22 00:36:06,吉他
2022-12-22 00:37:04,贝斯
2022-12-22 00:38:02,吉他
2022-12-22 00:39:00,吉他
2022-12-22 00:39:58,吉他
2022-12-22 00:40:56,钢琴
2022-12-22 00:41:54,钢琴
2022-12-22 00:42:52,吉他
2022-12-22 00:43:50,钢琴
2022-12-22 00:44:48,吉他
2022-12-22 00:45:46,小提琴
2022-12-22 00:46:44,吉他
2022-12-22 00:47:42,小提琴
2022-12-22 00:48:40,钢琴
2022-12-22 00:49:38,吉他
2022-12-22 00:50:36,贝斯
2022-12-22 00:51:34,钢琴
2022-12-22 00:52:32,贝斯
2022-12-22 00:53:30,架子鼓
2022-12-22 00:54:28,钢琴
2022-12-22 00:55:26,贝斯
2022-12-22 00:56:24,吉他
2022-12-22 00:57:22,吉他
2022-12-22 00:58:20,贝斯
2022-12-22 00:59:18,吉他
2022-12-22 01:00:16,钢琴
2022-12-22 01:01:14,吉他
2022-12-22 01:02:12,萨克斯风
2022-12-22 01:03:10,萨克斯风
2022-12-22 01:04:08,小提琴
2022-12-22 01:05:06,竖琴
2022-12-22 01:06:04,小提琴
2022-12-22 01:07:02,钢琴
2022-12-22 01:08:00,架子鼓
2022-12-22 01:08:58,贝斯
2022-12-22 01:09:56,贝斯
2022-12-22 01:10:54,贝斯
2022-12-22 01:11:52,钢琴
2022-12-22 01:12:50,钢琴
2022-12-22 01:13:48,架子鼓
2022-12-22 01:14:46,吉他
2022-12-22 01:15:44,钢琴
2022-12-22 01:16:42,吉他
2022-12-22 01:17:40,吉他
2022-12-22 01:18:38,贝斯
2022-12-22 01:19:36,吉他
2022-12-22 01:20:34,钢琴
2022-12-22 01:21:32,贝斯
2022-12-22 01:22:30,萨克斯风
2022-12-22 01:23:28,贝斯
2022-12-22 01:24:26,竖琴
2022-12-22 01:25:24,吉他
2022-12-22 01:26:22,架子鼓
2022-12-22 01:27:20,架子鼓
2022-12-22 01:28:18,吉他
2022-12-22 01:29:16,小提琴
2022-12-22 01:30:14,吉他
2022-12-22 01:31:12,吉他
2022-12-22 01:32:10,钢琴
2022-12-22 01:33:08,钢琴
2022-12-22 01:34:06,钢琴
2022-12-22 01:35:04,小提琴
2022-12-22 01:36:02,钢琴
2022-12-22 01:37:00,钢琴
2022-12-22 01:37:58,钢琴
2022-12-22 01:38:56,小提琴
2022-12-22 01:39:54,贝斯
2022-12-22 01:40:52,吉他
2022-12-22 01:41:50,竖琴
2022-12-22 01:42:48,吉他
2022-12-22 01:43:46,架子鼓
2022-12-22 01:44:44,圆号
2022-12-22 01:45:42,小提琴
2022-12-22 01:46:40,小提琴
2022-12-22 01:47:38,小提琴
2022-12-22 01:48:36,萨克斯风
2022-12-22 01:49:34,萨克斯风
2022-12-22 01:50:32,小提琴
2022-12-22 01:51:30,钢琴
2022-12-22 01:52:28,钢琴
2022-12-22 01:53:26,小提琴
2022-12-22 01:54:24,架子鼓
2022-12-22 01:55:22,吉他
2022-12-22 01:56:20,吉他
2022-12-22 01:57:18,萨克斯风
2022-12-22 01:58:16,吉他
2022-12-22 01:59:14,架子鼓
2022-12-22 02:00:12,贝斯
2022-12-22 02:01:10,贝斯
2022-12-22 02:02:08,架子鼓
2022-12-22 02:03:06,吉他
2022-12-22 02:04:04,小提琴
2022-12-22 02:05:02,小提琴
2022-12-22 02:06:00,吉他
2022-12-22 02:06:58,吉他
2022-12-22 02:07:56,竖琴
2022-12-22 02:08:54,竖琴
2022-12-22 02:09:52,圆号
2022-12-22 02:10:50,钢琴
2022-12-22 02:11:48,竖琴
2022-12-22 02:12:46,圆号
2022-12-22 02:13:44,钢琴
2022-12-22 02:14:42,竖琴
2022-12-22 02:15:40,贝斯
2022-12-22 02:16:38,钢琴
2022-12-22 02:17:36,贝斯
2022-12-22 02:18:34,小提琴
2022-12-22 02:19:32,小提琴
2022-12-22 02:20:30,贝斯
2022-12-22 02:21:28,贝斯
2022-12-22 02:22:26,吉他
2022-12-22 02:23:24,钢琴
2022-12-22 02:24:22,圆号
2022-12-22 02:25:20,吉他
2022-12-22 02:26:18,萨克斯风
2022-12-22 02:27:16,小提琴
2022-12-22 02:28:14,小提琴
2022-12-22 02:29:12,钢琴
2022-12-22 02:30:10,钢琴
2022-12-22 02:31:08,钢琴
2022-12-22 02:32:06,贝斯
2022-12-22 02:33:04,小提琴
2022-12-22 02:34:02,贝斯
2022-12-22 02:35:00,圆号
2022-12-22 02:35:58,钢琴
2022-12-22 02:36:56,小提琴
2022-12-22 02:37:54,萨克斯风
2022-12-22 02:38:52,架子鼓
2022-12-22 02:39:50,小提琴
2022-12-22 02:40:48,竖琴
2022-12-22 02:41:46,钢琴
2022-12-22 02:42:44,小提琴
2022-12-22 02:43:42,小提琴
2022-12-22 02:44:40,贝斯
2022-12-22 02:45:38,钢琴
2022-12-22 02:46:36,吉他
2022-12-22 02:47:34,贝斯
2022-12-22 02:48:32,钢琴
2022-12-22 02:49:30,吉他
2022-12-22 02:50:28,贝斯
2022-12-22 02:51:26,钢琴
2022-12-22 02:52:24,贝斯
2022-12-22 02:53:22,钢琴
2022-12-22 02:54:20,小提琴
2022-12-22 02:55:18,架子鼓
2022-12-22 02:56:16,贝斯
2022-12-22 02:57:14,贝斯
2022-12-22 02:58:12,钢琴
2022-12-22 02:59:10,吉他
2022-12-22 03:00:08,吉他
2022-12-22 03:01:06,竖琴
2022-12-22 03:02:04,小提琴
2022-12-22 03:03:02,贝斯
2022-12-22 03:04:00,贝斯
2022-12-22 03:04:58,贝斯
2022-12-22 03:05:56,小提琴
2022-12-22 03:06:54,钢琴
2022-12-22 03:07:52,架子鼓
2022-12-22 03:08:50,小提琴
2022-12-22 03:09:48,吉他
2022-12-22 03:10:46,贝斯
2022-12-22 03:11:44,钢琴
2022-12-22 03:12:42,吉他
2022-12-22 03:13:40,架子鼓
2022-12-22 03:14:38,架子鼓
2022-12-22 03:15:36,钢琴
2022-12-22 03:16:34,小提琴
2022-12-22 03:17:32,小提琴
2022-12-22 03:18:30,架子鼓
2022-12-22 03:19:28,贝斯
2022-12-22 03:20:26,贝斯
2022-12-22 03:21:24,钢琴
2022-12-22 03:22:22,吉他
2022-12-22 03:23:20,小提琴
2022-12-22 03:24:18,贝斯
2022-12-22 03:25:16,吉他
2022-12-22 03:26:14,贝斯
2022-12-22 03:27:12,钢琴
2022-12-22 03:28:10,吉他
2022-12-22 03:29:08,钢琴
2022-12-22 03:30:06,钢琴
2022-12-22 03:31:04,吉他
2022-12-22 03:32:02,贝斯
2022-12-22 03:33:00,吉他
2022-12-22 03:33:58,架子鼓
2022-12-22 03:34:56,贝斯
2022-12-22 03:35:54,架子鼓
2022-12-22 03:36:52,钢琴
2022-12-22 03:37:50,架子鼓
2022-12-22 03:38:48,钢琴
2022-12-22 03:39:46,贝斯
2022-12-22 03:40:44,钢琴
2022-12-22 03:41:42,钢琴
2022-12-22 03:42:40,吉他
2022-12-22 03:43:38,架子鼓
2022-12-22 03:44:36,小提琴
2022-12-22 03:45:34,吉他
2022-12-22 03:46:32,小提琴
2022-12-22 03:47:30,贝斯
2022-12-22 03:48:28,贝斯
2022-12-22 03:49:26,钢琴
2022-12-22 03:50:24,吉他
2022-12-22 03:51:22,小提琴
2022-12-22 03:52:20,小提琴
2022-12-22 03:53:18,钢琴
2022-12-22 03:54:16,萨克斯风
2022-12-22 03:55:14,钢琴
2022-12-22 03:56:12,小提琴
2022-12-22 03:57:10,钢琴
2022-12-22 03:58:08,贝斯
2022-12-22 03:59:06,萨克斯风
2022-12-22 04:00:04,钢琴
2022-12-22 04:01:02,贝斯
2022-12-22 04:02:00,贝斯
2022-12-22 04:02:58,贝斯
2022-12-22 04:03:56,小提琴
2022-12-22 04:04:54,小提琴
2022-12-22 04:05:52,贝斯
2022-12-22 04:06:50,吉他
2022-12-22 04:07:48,小提琴
2022-12-22 04:08:46,贝斯
2022-12-22 04:09:44,贝斯
2022-12-22 04:10:42,吉他
2022-12-22 04:11:40,小提琴
2022-12-22 04:12:38,吉他
2022-12-22 04:13:36,小提琴
2022-12-22 04:14:34,吉他
2022-12-22 04:15:32,萨克斯风
2022-12-22 04:16:30,贝斯
2022-12-22 04:17:28,吉他
2022-12-22 04:18:26,小提琴
2022-12-22 04:19:24,小提琴
2022-12-22 04:20:22,架子鼓
2022-12-22 04:21:20,小提琴
2022-12-22 04:22:18,小提琴
2022-12-22 04:23:16,吉他
2022-12-22 04:24:14,小提琴
2022-12-22 04:25:12,萨克斯风
2022-12-22 04:26:10,贝斯
2022-12-22 04:27:08,贝斯
2022-12-22 04:28:06,钢琴
2022-12-22 04:29:04,贝斯
2022-12-22 04:30:02,吉他
2022-12-22 04:31:00,钢琴
2022-12-22 04:31:58,小提琴
2022-12-22 04:32:56,吉他
2022-12-22 04:33:54,吉他
2022-12-22 04:34:52,架子鼓
2022-12-22 04:35:50,小提琴
2022-12-22 04:36:48,萨克斯风
2022-12-22 04:37:46,贝斯
2022-12-22 04:38:44,贝斯
2022-12-22 04:39:42,吉他
2022-12-22 04:40:40,竖琴
2022-12-22 04:41:38,架子鼓
2022-12-22 04:42:36,钢琴
2022-12-22 04:43:34,贝斯
2022-12-22 04:44:32,贝斯
2022-12-22 04:45:30,贝斯
2022-12-22 04:46:28,贝斯
2022-12-22 04:47:26,吉他
2022-12-22 04:48:24,小提琴
2022-12-22 04:49:22,钢琴
2022-12-22 04:50:20,小提琴
2022-12-22 04:51:18,小提琴
2022-12-22 04:52:16,小提琴
2022-12-22 04:53:14,小提琴
2022-12-22 04:54:12,吉他
2022-12-22 04:55:10,架子鼓
2022-12-22 04:56:08,贝斯
2022-12-22 04:57:06,贝斯
2022-12-22 04:58:04,竖琴
2022-12-22 04:59:02,圆号
2022-12-22 05:00:00,小提琴
2022-12-22 05:00:58,贝斯
2022-12-22 05:01:56,吉他
2022-12-22 05:02:54,萨克斯风
2022-12-22 05:03:52,贝斯
2022-12-22 05:04:50,吉他
2022-12-22 05:05:48,架子鼓
2022-12-22 05:06:46,小提琴
2022-12-22 05:07:44,小提琴
2022-12-22 05:08:42,吉他
2022-12-22 05:09:40,竖琴
2022-12-22 05:10:38,贝斯
2022-12-22 05:11:36,小提琴
2022-12-22 05:12:34,小提琴
2022-12-22 05:13:32,架子鼓
2022-12-22 05:14:30,小提琴
2022-12-22 05:15:28,竖琴
2022-12-22 05:16:26,小提琴
2022-12-22 05:17:24,小提琴
2022-12-22 05:18:22,小提琴
2022-12-22 05:19:20,吉他
2022-12-22 05:20:18,架子鼓
2022-12-22 05:21:16,小提琴
2022-12-22 05:22:14,钢琴
2022-12-22 05:23:12,竖琴
2022-12-22 05:24:10,贝斯
2022-12-22 05:25:08,钢琴
2022-12-22 05:26:06,贝斯
2022-12-22 05:27:04,吉他
2022-12-22 05:28:02,小提琴
2022-12-22 05:29:00,小提琴
2022-12-22 05:29:58,贝斯
2022-12-22 05:30:56,钢琴
2022-12-22 05:31:54,钢琴
2022-12-22 05:32:52,小提琴
2022-12-22 05:33:50,钢琴
2022-12-22 05:34:48,吉他
2022-12-22 05:35:46,小提琴
2022-12-22 05:36:44,吉他
2022-12-22 05:37:42,吉他
2022-12-22 05:38:40,小提琴
2022-12-22 05:39:38,吉他
2022-12-22 05:40:36,架子鼓
2022-12-22 05:41:34,贝斯
2022-12-22 05:42:32,钢琴
2022-12-22 05:43:30,贝斯
2022-12-22 05:44:28,架子鼓
2022-12-22 05:45:26,吉他
2022-12-22 05:46:24,小提琴
2022-12-22 05:47:22,贝斯
2022-12-22 05:48:20,贝斯
2022-12-22 05:49:18,贝斯
2022-12-22 05:50:16,贝斯
2022-12-22 05:51:14,架子鼓
2022-12-22 05:52:12,钢琴
2022-12-22 05:53:10,贝斯
2022-12-22 05:54:08,架子鼓
2022-12-22 05:55:06,钢琴
2022-12-22 05:56:04,小提琴
2022-12-22 05:57:02,吉他
2022-12-22 05:58:00,吉他
2022-12-22 05:58:58,架子鼓
2022-12-22 05:59:56,吉他
2022-12-22 06:00:54,钢琴
2022-12-22 06:01:52,圆号
2022-12-22 06:02:50,钢琴
2022-12-22 06:03:48,贝斯
2022-12-22 06:04:46,钢琴
2022-12-22 06:05:44,贝斯
2022-12-22 06:06:42,竖琴
2022-12-22 06:07:40,圆号
2022-12-22 06:08:38,小提琴
2022-12-22 06:09:36,钢琴
2022-12-22 06:10:34,吉他
2022-12-22 06:11:32,吉他
2022-12-22 06:12:30,萨克斯风
2022-12-22 06:13:28,钢琴
2022-12-22 06:14:26,小提琴
2022-12-22 06:15:24,贝斯
2022-12-22 06:16:22,吉他
2022-12-22 06:17:20,吉他
2022-12-22 06:18:18,小提琴
2022-12-22 06:19:16,贝斯
2022-12-22 06:20:14,吉他
2022-12-22 06:21:12,小提琴
2022-12-22 06:22:10,吉他
2022-12-22 06:23:08,钢琴
2022-12-22 06:24:06,钢琴
2022-12-22 06:25:04,小提琴
2022-12-22 06:26:02,小提琴
2022-12-22 06:27:00,架子鼓
2022-12-22 06:27:58,吉他
2022-12-22 06:28:56,贝斯
2022-12-22 06:29:54,架子鼓
2022-12-22 06:30:52,小提琴
2022-12-22 06:31:50,钢琴
2022-12-22 06:32:48,钢琴
2022-12-22 06:33:46,小提琴
2022-12-22 06:34:44,架子鼓
2022-12-22 06:35:42,架子鼓
2022-12-22 06:36:40,钢琴
2022-12-22 06:37:38,小提琴
2022-12-22 06:38:36,吉他
2022-12-22 06:39:34,贝斯
2022-12-22 06:40:32,架子鼓
2022-12-22 06:41:30,吉他
2022-12-22 06:42:28,钢琴
2022-12-22 06:43:26,吉他
2022-12-22 06:44:24,小提琴
2022-12-22 06:45:22,小提琴
2022-12-22 06:46:20,钢琴
2022-12-22 06:47:18,萨克斯风
2022-12-22 06:48:16,小提琴
2022-12-22 06:49:14,小提琴
2022-12-22 06:50:12,钢琴
2022-12-22 06:51:10,小提琴
2022-12-22 06:52:08,钢琴
2022-12-22 06:53:06,吉他
2022-12-22 06:54:04,吉他
2022-12-22 06:55:02,小提琴
2022-12-22 06:56:00,吉他
2022-12-22 06:56:58,贝斯
2022-12-22 06:57:56,吉他
2022-12-22 06:58:54,钢琴
2022-12-22 06:59:52,吉他
2022-12-22 07:00:50,钢琴
2022-12-22 07:01:48,吉他
2022-12-22 07:03:44,钢琴
2022-12-22 07:04:42,小提琴
2022-12-22 07:05:40,架子鼓
2022-12-22 07:06:38,架子鼓
2022-12-22 07:07:36,小提琴
2022-12-22 07:08:34,贝斯
2022-12-22 07:09:32,钢琴
2022-12-22 07:10:30,吉他
2022-12-22 07:11:28,贝斯
2022-12-22 07:12:26,吉他
2022-12-22 07:13:24,贝斯
2022-12-22 07:14:22,吉他
2022-12-22 07:15:20,小提琴
2022-12-22 07:16:18,吉他
2022-12-22 07:17:16,吉他
2022-12-22 07:18:14,架子鼓
2022-12-22 07:19:12,贝斯
2022-12-22 07:20:10,贝斯
2022-12-22 07:21:08,吉他
2022-12-22 07:22:06,吉他
2022-12-22 07:23:04,钢琴
2022-12-22 07:24:02,小提琴
2022-12-22 07:25:00,贝斯
2022-12-22 07:25:58,竖琴
2022-12-22 07:26:56,小提琴
2022-12-22 07:27:54,贝斯
2022-12-22 07:28:52,钢琴
2022-12-22 07:29:50,贝斯
2022-12-22 07:30:48,竖琴
2022-12-22 07:31:46,吉他
2022-12-22 07:32:44,钢琴
2022-12-22 07:33:42,小提琴
2022-12-22 07:34:40,竖琴
2022-12-22 07:35:38,贝斯
2022-12-22 07:36:36,贝斯
2022-12-22 07:37:34,贝斯
2022-12-22 07:38:32,吉他
2022-12-22 07:39:30,小提琴
2022-12-22 07:40:28,吉他
2022-12-22 07:41:26,吉他
2022-12-22 07:42:24,小提琴
2022-12-22 07:43:22,吉他
2022-12-22 07:44:20,钢琴
2022-12-22 07:45:18,架子鼓
2022-12-22 07:46:16,圆号
2022-12-22 07:47:14,架子鼓
2022-12-22 07:48:12,钢琴
2022-12-22 07:49:10,吉他
2022-12-22 07:50:08,吉他
2022-12-22 07:51:06,吉他
2022-12-22 07:52:04,吉他
2022-12-22 07:53:02,小提琴
2022-12-22 07:54:00,贝斯
2022-12-22 07:54:58,钢琴
2022-12-22 07:55:56,贝斯
2022-12-22 07:56:54,小提琴
2022-12-22 07:57:52,吉他
2022-12-22 07:58:50,吉他
2022-12-22 07:59:48,竖琴
2022-12-22 08:00:46,贝斯
2022-12-22 08:01:44,吉他
2022-12-22 08:02:42,小提琴
2022-12-22 08:03:40,贝斯
2022-12-22 08:04:38,钢琴
2022-12-22 08:05:36,钢琴
2022-12-22 08:06:34,架子鼓
2022-12-22 08:07:32,钢琴
2022-12-22 08:08:30,贝斯
2022-12-22 08:09:28,架子鼓
2022-12-22 08:10:26,钢琴
2022-12-22 08:11:24,钢琴
2022-12-22 08:12:22,小提琴
2022-12-22 08:13:20,小提琴
2022-12-22 08:14:18,架子鼓
2022-12-22 08:15:16,小提琴
2022-12-22 08:16:14,贝斯
2022-12-22 08:17:12,小提琴
2022-12-22 08:18:10,小提琴
2022-12-22 08:19:08,吉他
2022-12-22 08:20:06,小提琴
2022-12-22 08:21:04,钢琴
2022-12-22 08:22:02,钢琴
2022-12-22 08:23:00,贝斯
2022-12-22 08:23:58,吉他
2022-12-22 08:24:56,小提琴
2022-12-22 08:25:54,架子鼓
2022-12-22 08:26:52,吉他
2022-12-22 08:27:50,贝斯
2022-12-22 08:28:48,小提琴
2022-12-22 08:29:46,吉他
2022-12-22 08:30:44,架子鼓
2022-12-22 08:31:42,小提琴
2022-12-22 08:32:40,架子鼓
2022-12-22 08:33:38,吉他
2022-12-22 08:34:36,贝斯
2022-12-22 08:35:34,钢琴
2022-12-22 08:36:32,架子鼓
2022-12-22 08:37:30,贝斯
2022-12-22 08:38:28,吉他
2022-12-22 08:39:26,钢琴
2022-12-22 08:40:24,架子鼓
2022-12-22 08:41:22,小提琴
2022-12-22 08:42:20,小提琴
2022-12-22 08:43:18,小提琴
2022-12-22 08:44:16,钢琴
2022-12-22 08:45:14,萨克斯风
2022-12-22 08:46:12,小提琴
2022-12-22 08:47:10,架子鼓
2022-12-22 08:48:08,贝斯
2022-12-22 08:49:06,竖琴
2022-12-22 08:50:04,钢琴
2022-12-22 08:51:02,吉他
2022-12-22 08:52:00,贝斯
2022-12-22 08:52:58,小提琴
2022-12-22 08:53:56,架子鼓
2022-12-22 08:54:54,架子鼓
2022-12-22 08:55:52,小提琴
2022-12-22 08:56:50,钢琴
2022-12-22 08:57:48,架子鼓
2022-12-22 08:58:46,小提琴
2022-12-22 08:59:44,吉他
2022-12-22 09:00:42,钢琴
2022-12-22 09:01:40,小提琴
2022-12-22 09:02:38,小提琴
2022-12-22 09:03:36,贝斯
2022-12-22 09:04:34,钢琴
2022-12-22 09:05:32,钢琴
2022-12-22 09:06:30,圆号
2022-12-22 09:07:28,吉他
2022-12-22 09:08:26,架子鼓
2022-12-22 09:09:24,吉他
2022-12-22 09:10:22,小提琴
2022-12-22 09:11:20,小提琴
2022-12-22 09:12:18,架子鼓
2022-12-22 09:13:16,钢琴
2022-12-22 09:14:14,钢琴
2022-12-22 09:15:12,架子鼓
2022-12-22 09:16:10,小提琴
2022-12-22 09:17:08,吉他
2022-12-22 09:18:06,钢琴
2022-12-22 09:19:04,吉他
2022-12-22 09:20:02,小提琴
2022-12-22 09:21:00,钢琴
2022-12-22 09:21:58,小提琴
2022-12-22 09:22:56,萨克斯风
2022-12-22 09:23:54,吉他
2022-12-22 09:24:52,钢琴
2022-12-22 09:25:50,吉他
2022-12-22 09:26:48,钢琴
2022-12-22 09:27:46,吉他
2022-12-22 09:28:44,竖琴
2022-12-22 09:29:42,吉他
2022-12-22 09:30:40,贝斯
2022-12-22 09:31:38,小提琴
2022-12-22 09:32:36,钢琴
2022-12-22 09:33:34,吉他
2022-12-22 09:34:32,贝斯
2022-12-22 09:35:30,架子鼓
2022-12-22 09:36:28,吉他
2022-12-22 09:37:26,吉他
2022-12-22 09:38:24,吉他
2022-12-22 09:39:22,小提琴
2022-12-22 09:40:20,吉他
2022-12-22 09:41:18,钢琴
2022-12-22 09:42:16,小提琴
2022-12-22 09:43:14,吉他
2022-12-22 09:44:12,钢琴
2022-12-22 09:45:10,竖琴
2022-12-22 09:46:08,钢琴
2022-12-22 09:47:06,吉他
2022-12-22 09:48:04,贝斯
2022-12-22 09:49:02,贝斯
2022-12-22 09:50:00,贝斯
2022-12-22 09:50:58,贝斯
2022-12-22 09:51:56,钢琴
2022-12-22 09:52:54,小提琴
2022-12-22 09:53:52,小提琴
2022-12-22 09:54:50,吉他
2022-12-22 09:55:48,钢琴
2022-12-22 09:56:46,钢琴
2022-12-22 09:57:44,钢琴
2022-12-22 09:58:42,架子鼓
2022-12-22 09:59:40,竖琴
2022-12-22 10:00:38,吉他
2022-12-22 10:01:36,吉他
2022-12-22 10:02:34,吉他
2022-12-22 10:03:32,小提琴
2022-12-22 10:04:30,架子鼓
2022-12-22 10:05:28,小提琴
2022-12-22 10:06:26,竖琴
2022-12-22 10:07:24,吉他
2022-12-22 10:08:22,小提琴
2022-12-22 10:09:20,吉他
2022-12-22 10:10:18,小提琴
2022-12-22 10:11:16,小提琴
2022-12-22 10:12:14,吉他
2022-12-22 10:13:12,钢琴
2022-12-22 10:14:10,吉他
2022-12-22 10:15:08,贝斯
2022-12-22 10:16:06,贝斯
2022-12-22 10:17:04,钢琴
2022-12-22 10:18:02,架子鼓
2022-12-22 10:19:00,吉他
2022-12-22 10:19:58,贝斯
2022-12-22 10:20:56,小提琴
2022-12-22 10:21:54,钢琴
2022-12-22 10:22:52,吉他
2022-12-22 10:23:50,圆号
2022-12-22 10:24:48,钢琴
2022-12-22 10:25:46,吉他
2022-12-22 10:26:44,贝斯
2022-12-22 10:27:42,小提琴
2022-12-22 10:28:40,小提琴
2022-12-22 10:29:38,钢琴
2022-12-22 10:30:36,吉他
2022-12-22 10:31:34,钢琴
2022-12-22 10:32:32,架子鼓
2022-12-22 10:33:30,吉他
2022-12-22 10:34:28,小提琴
2022-12-22 10:35:26,钢琴
2022-12-22 10:36:24,贝斯
2022-12-22 10:37:22,贝斯
2022-12-22 10:38:20,钢琴
2022-12-22 10:39:18,小提琴
2022-12-22 10:40:16,小提琴
2022-12-22 10:41:14,贝斯
2022-12-22 10:42:12,贝斯
2022-12-22 10:43:10,贝斯
2022-12-22 10:44:08,钢琴
2022-12-22 10:45:06,吉他
2022-12-22 10:46:04,小提琴
2022-12-22 10:47:02,吉他
2022-12-22 10:48:00,贝斯
2022-12-22 10:48:58,贝斯
2022-12-22 10:49:56,贝斯
2022-12-22 10:50:54,贝斯
2022-12-22 10:51:52,贝斯
2022-12-22 10:52:50,贝斯
2022-12-22 10:53:48,钢琴
2022-12-22 10:54:46,钢琴
2022-12-22 10:55:44,吉他
2022-12-22 10:56:42,钢琴
2022-12-22 10:57:40,吉他
2022-12-22 10:58:38,吉他
2022-12-22 10:59:36,架子鼓
2022-12-22 11:00:34,贝斯
2022-12-22 11:01:32,架子鼓
2022-12-22 11:02:30,贝斯
2022-12-22 11:03:28,吉他
2022-12-22 11:04:26,小提琴
2022-12-22 11:05:24,小提琴
2022-12-22 11:06:22,竖琴
2022-12-22 11:07:20,钢琴
2022-12-22 11:08:18,钢琴
2022-12-22 11:09:16,钢琴
2022-12-22 11:10:14,钢琴
2022-12-22 11:11:12,小提琴
2022-12-22 11:12:10,贝斯
2022-12-22 11:13:08,小提琴
2022-12-22 11:14:06,架子鼓
2022-12-22 11:15:04,贝斯
2022-12-22 11:16:02,小提琴
2022-12-22 11:17:00,钢琴
2022-12-22 11:17:58,小提琴
2022-12-22 11:18:56,贝斯
2022-12-22 11:19:54,吉他
2022-12-22 11:20:52,吉他
2022-12-22 11:21:50,贝斯
2022-12-22 11:22:48,吉他
2022-12-22 11:23:46,小提琴
2022-12-22 11:24:44,吉他
2022-12-22 11:25:42,小提琴
2022-12-22 11:26:40,钢琴
2022-12-22 11:27:38,吉他
2022-12-22 11:28:36,小提琴
2022-12-22 11:29:34,吉他
2022-12-22 11:30:32,萨克斯风
2022-12-22 11:31:30,贝斯
2022-12-22 11:32:28,小提琴
2022-12-22 11:33:26,小提琴
2022-12-22 11:34:24,小提琴
2022-12-22 11:35:22,钢琴
2022-12-22 11:36:20,吉他
2022-12-22 11:37:18,小提琴
2022-12-22 11:38:16,贝斯
2022-12-22 11:39:14,吉他
2022-12-22 11:40:12,小提琴
2022-12-22 11:41:10,钢琴
2022-12-22 11:42:08,贝斯
2022-12-22 11:43:06,吉他
2022-12-22 11:44:04,架子鼓
2022-12-22 11:45:02,吉他
2022-12-22 11:46:00,吉他
2022-12-22 11:46:58,贝斯
2022-12-22 11:47:56,贝斯
2022-12-22 11:48:54,吉他
2022-12-22 11:49:52,小提琴
2022-12-22 11:50:50,竖琴
2022-12-22 11:51:48,吉他
2022-12-22 11:52:46,吉他
2022-12-22 11:53:44,贝斯
2022-12-22 11:54:42,贝斯
2022-12-22 11:55:40,架子鼓
2022-12-22 11:56:38,吉他
2022-12-22 11:57:36,贝斯
2022-12-22 11:58:34,钢琴
2022-12-22 11:59:32,架子鼓
2022-12-22 12:00:30,钢琴
2022-12-22 12:01:28,钢琴
2022-12-22 12:02:26,竖琴
2022-12-22 12:03:24,小提琴
2022-12-22 12:04:22,吉他
2022-12-22 12:05:20,贝斯
2022-12-22 12:06:18,架子鼓
2022-12-22 12:07:16,贝斯
2022-12-22 12:08:14,贝斯
2022-12-22 12:09:12,小提琴
2022-12-22 12:10:10,贝斯
2022-12-22 12:11:08,贝斯
2022-12-22 12:12:06,架子鼓
2022-12-22 12:13:04,竖琴
2022-12-22 12:14:02,架子鼓
2022-12-22 12:15:00,圆号
2022-12-22 12:15:58,吉他
2022-12-22 12:16:56,贝斯
2022-12-22 12:17:54,钢琴
2022-12-22 12:18:52,吉他
2022-12-22 12:19:50,钢琴
2022-12-22 12:20:48,钢琴
2022-12-22 12:21:46,吉他
2022-12-22 12:22:44,吉他
2022-12-22 12:23:42,钢琴
2022-12-22 12:24:40,钢琴
2022-12-22 12:25:38,萨克斯风
2022-12-22 12:26:36,圆号
2022-12-22 12:27:34,架子鼓
2022-12-22 12:28:32,贝斯
2022-12-22 12:29:30,架子鼓
2022-12-22 12:30:28,吉他
2022-12-22 12:31:26,架子鼓
2022-12-22 12:32:24,吉他
2022-12-22 12:33:22,吉他
2022-12-22 12:34:20,吉他
2022-12-22 12:35:18,钢琴
2022-12-22 12:36:16,吉他
2022-12-22 12:37:14,架子鼓
2022-12-22 12:38:12,钢琴
2022-12-22 12:39:10,钢琴
2022-12-22 12:40:08,贝斯
2022-12-22 12:41:06,小提琴
2022-12-22 12:42:04,吉他
2022-12-22 12:43:02,架子鼓
2022-12-22 12:44:00,小提琴
2022-12-22 12:44:58,吉他
2022-12-22 12:45:56,小提琴
2022-12-22 12:46:54,小提琴
2022-12-22 12:47:52,吉他
2022-12-22 12:48:50,萨克斯风
2022-12-22 12:49:48,萨克斯风
2022-12-22 12:50:46,吉他
2022-12-22 12:51:44,贝斯
2022-12-22 12:52:42,钢琴
2022-12-22 12:53:40,架子鼓
2022-12-22 12:54:38,圆号
2022-12-22 12:55:36,钢琴
2022-12-22 12:56:34,小提琴
2022-12-22 12:57:32,钢琴
2022-12-22 12:58:30,小提琴
2022-12-22 12:59:28,萨克斯风
2022-12-22 13:00:26,竖琴
2022-12-22 13:01:24,贝斯
2022-12-22 13:02:22,吉他
2022-12-22 13:03:20,贝斯
2022-12-22 13:04:18,贝斯
2022-12-22 13:05:16,吉他
2022-12-22 13:06:14,小提琴
2022-12-22 13:07:12,小提琴
2022-12-22 13:08:10,钢琴
2022-12-22 13:09:08,吉他
2022-12-22 13:10:06,萨克斯风
2022-12-22 13:11:04,钢琴
2022-12-22 13:12:02,吉他
2022-12-22 13:13:00,钢琴
2022-12-22 13:13:58,钢琴
2022-12-22 13:14:56,小提琴
2022-12-22 13:15:54,贝斯
2022-12-22 13:16:52,萨克斯风
2022-12-22 13:17:50,吉他
2022-12-22 13:18:48,贝斯
2022-12-22 13:19:46,钢琴
2022-12-22 13:20:44,钢琴
2022-12-22 13:21:42,小提琴
2022-12-22 13:22:40,吉他
2022-12-22 13:23:38,架子鼓
2022-12-22 13:24:36,架子鼓
2022-12-22 13:25:34,钢琴
2022-12-22 13:26:32,吉他
2022-12-22 13:27:30,小提琴
2022-12-22 13:28:28,小提琴
2022-12-22 13:29:26,吉他
2022-12-22 13:30:24,架子鼓
2022-12-22 13:31:22,吉他
2022-12-22 13:32:20,钢琴
2022-12-22 13:33:18,吉他
2022-12-22 13:34:16,钢琴
2022-12-22 13:35:14,吉他
2022-12-22 13:36:12,钢琴
2022-12-22 13:37:10,贝斯
2022-12-22 13:38:08,贝斯
2022-12-22 13:39:06,钢琴
2022-12-22 13:40:04,小提琴
2022-12-22 13:41:02,架子鼓
2022-12-22 13:42:00,小提琴
2022-12-22 13:42:58,吉他
2022-12-22 13:43:56,架子鼓
2022-12-22 13:44:54,小提琴
2022-12-22 13:45:52,小提琴
2022-12-22 13:46:50,贝斯
2022-12-22 13:47:48,吉他
2022-12-22 13:48:46,吉他
2022-12-22 13:49:44,贝斯
2022-12-22 13:50:42,钢琴
2022-12-22 13:51:40,钢琴
2022-12-22 13:52:38,贝斯
2022-12-22 13:53:36,小提琴
2022-12-22 13:54:34,贝斯
2022-12-22 13:55:32,吉他
2022-12-22 13:56:30,吉他
2022-12-22 13:57:28,钢琴
2022-12-22 13:58:26,钢琴
2022-12-22 13:59:24,吉他
2022-12-22 14:00:22,贝斯
2022-12-22 14:01:20,钢琴
2022-12-22 14:02:18,贝斯
2022-12-22 14:03:16,钢琴
2022-12-22 14:04:14,小提琴
2022-12-22 14:05:12,贝斯
2022-12-22 14:06:10,吉他
2022-12-22 14:07:08,小提琴
2022-12-22 14:08:06,萨克斯风
2022-12-22 14:09:04,钢琴
2022-12-22 14:10:02,贝斯
2022-12-22 14:11:00,贝斯
2022-12-22 14:11:58,圆号
2022-12-22 14:12:56,钢琴
2022-12-22 14:13:54,贝斯
2022-12-22 14:14:52,萨克斯风
2022-12-22 14:15:50,小提琴
2022-12-22 14:16:48,贝斯
2022-12-22 14:17:46,钢琴
2022-12-22 14:18:44,贝斯
2022-12-22 14:19:42,贝斯
2022-12-22 14:20:40,小提琴
2022-12-22 14:21:38,吉他
2022-12-22 14:22:36,吉他
2022-12-22 14:23:34,吉他
2022-12-22 14:24:32,钢琴
2022-12-22 14:25:30,贝斯
2022-12-22 14:26:28,钢琴
2022-12-22 14:27:26,小提琴
2022-12-22 14:28:24,架子鼓
2022-12-22 14:29:22,萨克斯风
2022-12-22 14:30:20,小提琴
2022-12-22 14:31:18,贝斯
2022-12-22 14:32:16,贝斯
2022-12-22 14:33:14,萨克斯风
2022-12-22 14:34:12,小提琴
2022-12-22 14:35:10,贝斯
2022-12-22 14:36:08,竖琴
2022-12-22 14:37:06,贝斯
2022-12-22 14:38:04,吉他
2022-12-22 14:39:02,小提琴
2022-12-22 14:40:00,钢琴
2022-12-22 14:40:58,竖琴
2022-12-22 14:41:56,吉他
2022-12-22 14:42:54,吉他
2022-12-22 14:43:52,小提琴
2022-12-22 14:44:50,钢琴
2022-12-22 14:45:48,钢琴
2022-12-22 14:46:46,吉他
2022-12-22 14:47:44,贝斯
2022-12-22 14:48:42,架子鼓
2022-12-22 14:49:40,贝斯
2022-12-22 14:50:38,贝斯
2022-12-22 14:51:36,小提琴
2022-12-22 14:52:34,小提琴
2022-12-22 14:53:32,贝斯
2022-12-22 14:54:30,竖琴
2022-12-22 14:55:28,小提琴
2022-12-22 14:56:26,小提琴
2022-12-22 14:57:24,小提琴
2022-12-22 14:58:22,钢琴
2022-12-22 14:59:20,萨克斯风
2022-12-22 15:00:18,架子鼓
2022-12-22 15:01:16,小提琴
2022-12-22 15:02:14,贝斯
2022-12-22 15:03:12,小提琴
2022-12-22 15:04:10,吉他
2022-12-22 15:05:08,贝斯
2022-12-22 15:06:06,钢琴
2022-12-22 15:07:04,小提琴
2022-12-22 15:08:02,吉他
2022-12-22 15:09:00,小提琴
2022-12-22 15:09:58,钢琴
2022-12-22 15:10:56,贝斯
2022-12-22 15:11:54,吉他
2022-12-22 15:12:52,吉他
2022-12-22 15:13:50,钢琴
2022-12-22 15:14:48,小提琴
2022-12-22 15:15:46,贝斯
2022-12-22 15:16:44,贝斯
2022-12-22 15:17:42,小提琴
2022-12-22 15:18:40,吉他
2022-12-22 15:19:38,小提琴
2022-12-22 15:20:36,小提琴
2022-12-22 15:21:34,竖琴
2022-12-22 15:22:32,吉他
2022-12-22 15:23:30,小提琴
2022-12-22 15:24:28,小提琴
2022-12-22 15:25:26,架子鼓
2022-12-22 15:26:24,钢琴
2022-12-22 15:27:22,钢琴
2022-12-22 15:28:20,钢琴
2022-12-22 15:29:18,贝斯
2022-12-22 15:30:16,钢琴
2022-12-22 15:31:14,吉他
2022-12-22 15:32:12,萨克斯风
2022-12-22 15:33:10,钢琴
2022-12-22 15:34:08,吉他
2022-12-22 15:35:06,钢琴
2022-12-22 15:36:04,吉他
2022-12-22 15:37:02,贝斯
2022-12-22 15:38:00,钢琴
2022-12-22 15:38:58,小提琴
2022-12-22 15:39:56,吉他
2022-12-22 15:40:54,吉他
2022-12-22 15:41:52,钢琴
2022-12-22 15:42:50,小提琴
2022-12-22 15:43:48,吉他
2022-12-22 15:44:46,贝斯
2022-12-22 15:45:44,贝斯
2022-12-22 15:46:42,小提琴
2022-12-22 15:47:40,钢琴
2022-12-22 15:48:38,萨克斯风
2022-12-22 15:49:36,吉他
2022-12-22 15:50:34,小提琴
2022-12-22 15:51:32,小提琴
2022-12-22 15:52:30,钢琴
2022-12-22 15:53:28,小提琴
2022-12-22 15:54:26,贝斯
2022-12-22 15:55:24,小提琴
2022-12-22 15:56:22,竖琴
2022-12-22 15:57:20,贝斯
2022-12-22 15:58:18,贝斯
2022-12-22 15:59:16,贝斯
2022-12-22 16:00:14,钢琴
2022-12-22 16:01:12,吉他
2022-12-22 16:02:10,小提琴
2022-12-22 16:03:08,钢琴
2022-12-22 16:04:06,萨克斯风
2022-12-22 16:05:04,钢琴
2022-12-22 16:06:02,架子鼓
2022-12-22 16:07:00,小提琴
2022-12-22 16:07:58,贝斯
2022-12-22 16:08:56,架子鼓
2022-12-22 16:09:54,竖琴
2022-12-22 16:10:52,钢琴
2022-12-22 16:11:50,吉他
2022-12-22 16:12:48,钢琴
2022-12-22 16:13:46,竖琴
2022-12-22 16:14:44,钢琴
2022-12-22 16:15:42,竖琴
2022-12-22 16:16:40,吉他
2022-12-22 16:17:38,贝斯
2022-12-22 16:18:36,竖琴
2022-12-22 16:19:34,小提琴
