2022-11-09 00:00:30,钢琴
2022-11-09 00:01:28,贝斯
2022-11-09 00:02:26,钢琴
2022-11-09 00:03:24,萨克斯风
2022-11-09 00:04:22,钢琴
2022-11-09 00:05:20,吉他
2022-11-09 00:06:18,钢琴
2022-11-09 00:07:16,钢琴
2022-11-09 00:08:14,小提琴
2022-11-09 00:09:12,小提琴
2022-11-09 00:10:10,钢琴
2022-11-09 00:11:08,钢琴
2022-11-09 00:12:06,小提琴
2022-11-09 00:13:04,钢琴
2022-11-09 00:14:02,吉他
2022-11-09 00:15:00,小提琴
2022-11-09 00:15:58,贝斯
2022-11-09 00:16:56,钢琴
2022-11-09 00:17:54,竖琴
2022-11-09 00:18:52,架子鼓
2022-11-09 00:19:50,钢琴
2022-11-09 00:20:48,吉他
2022-11-09 00:21:46,竖琴
2022-11-09 00:22:44,贝斯
2022-11-09 00:23:42,吉他
2022-11-09 00:24:40,架子鼓
2022-11-09 00:25:38,钢琴
2022-11-09 00:26:36,钢琴
2022-11-09 00:27:34,贝斯
2022-11-09 00:28:32,吉他
2022-11-09 00:29:30,贝斯
2022-11-09 00:30:28,吉他
2022-11-09 00:31:26,吉他
2022-11-09 00:32:24,小提琴
2022-11-09 00:33:22,小提琴
2022-11-09 00:34:20,吉他
2022-11-09 00:35:18,吉他
2022-11-09 00:36:16,架子鼓
2022-11-09 00:37:14,架子鼓
2022-11-09 00:38:12,吉他
2022-11-09 00:39:10,贝斯
2022-11-09 00:40:08,贝斯
2022-11-09 00:41:06,钢琴
2022-11-09 00:42:04,吉他
2022-11-09 00:43:02,小提琴
2022-11-09 00:44:00,钢琴
2022-11-09 00:44:58,吉他
2022-11-09 00:45:56,吉他
2022-11-09 00:46:54,架子鼓
2022-11-09 00:47:52,贝斯
2022-11-09 00:48:50,小提琴
2022-11-09 00:49:48,吉他
2022-11-09 00:50:46,钢琴
2022-11-09 00:51:44,钢琴
2022-11-09 00:52:42,吉他
2022-11-09 00:53:40,小提琴
2022-11-09 00:54:38,小提琴
2022-11-09 00:55:36,钢琴
2022-11-09 00:56:34,钢琴
2022-11-09 00:57:32,贝斯
2022-11-09 00:58:30,钢琴
2022-11-09 00:59:28,小提琴
2022-11-09 01:00:26,架子鼓
2022-11-09 01:01:24,吉他
2022-11-09 01:02:22,萨克斯风
2022-11-09 01:03:20,吉他
2022-11-09 01:04:18,钢琴
2022-11-09 01:05:16,竖琴
2022-11-09 01:06:14,贝斯
2022-11-09 01:07:12,钢琴
2022-11-09 01:08:10,钢琴
2022-11-09 01:09:08,架子鼓
2022-11-09 01:10:06,吉他
2022-11-09 01:11:04,钢琴
2022-11-09 01:12:02,贝斯
2022-11-09 01:13:00,贝斯
2022-11-09 01:13:58,钢琴
2022-11-09 01:14:56,架子鼓
2022-11-09 01:15:54,架子鼓
2022-11-09 01:16:52,小提琴
2022-11-09 01:17:50,小提琴
2022-11-09 01:18:48,小提琴
2022-11-09 01:19:46,小提琴
2022-11-09 01:20:44,小提琴
2022-11-09 01:21:42,吉他
2022-11-09 01:22:40,贝斯
2022-11-09 01:23:38,钢琴
2022-11-09 01:24:36,小提琴
2022-11-09 01:25:34,贝斯
2022-11-09 01:26:32,架子鼓
2022-11-09 01:27:30,钢琴
2022-11-09 01:28:28,钢琴
2022-11-09 01:29:26,小提琴
2022-11-09 01:30:24,钢琴
2022-11-09 01:31:22,萨克斯风
2022-11-09 01:32:20,吉他
2022-11-09 01:33:18,小提琴
2022-11-09 01:34:16,小提琴
2022-11-09 01:35:14,钢琴
2022-11-09 01:36:12,贝斯
2022-11-09 01:37:10,贝斯
2022-11-09 01:38:08,贝斯
2022-11-09 01:39:06,贝斯
2022-11-09 01:40:04,小提琴
2022-11-09 01:41:02,小提琴
2022-11-09 01:42:00,贝斯
2022-11-09 01:42:58,萨克斯风
2022-11-09 01:43:56,小提琴
2022-11-09 01:44:54,钢琴
2022-11-09 01:45:52,吉他
2022-11-09 01:46:50,贝斯
2022-11-09 01:47:48,贝斯
2022-11-09 01:48:46,架子鼓
2022-11-09 01:49:44,小提琴
2022-11-09 01:50:42,架子鼓
2022-11-09 01:51:40,小提琴
2022-11-09 01:52:38,贝斯
2022-11-09 01:53:36,钢琴
2022-11-09 01:54:34,钢琴
2022-11-09 01:55:32,吉他
2022-11-09 01:56:30,吉他
2022-11-09 01:57:28,吉他
2022-11-09 01:58:26,钢琴
2022-11-09 01:59:24,小提琴
2022-11-09 02:00:22,贝斯
2022-11-09 02:01:20,钢琴
2022-11-09 02:02:18,贝斯
2022-11-09 02:03:16,吉他
2022-11-09 02:04:14,竖琴
2022-11-09 02:05:12,吉他
2022-11-09 02:06:10,钢琴
2022-11-09 02:07:08,架子鼓
2022-11-09 02:08:06,吉他
2022-11-09 02:09:04,钢琴
2022-11-09 02:10:02,小提琴
2022-11-09 02:11:00,吉他
2022-11-09 02:11:58,钢琴
2022-11-09 02:12:56,架子鼓
2022-11-09 02:13:54,架子鼓
2022-11-09 02:14:52,钢琴
2022-11-09 02:15:50,吉他
2022-11-09 02:16:48,小提琴
2022-11-09 02:17:46,贝斯
2022-11-09 02:18:44,架子鼓
2022-11-09 02:19:42,吉他
2022-11-09 02:20:40,竖琴
2022-11-09 02:21:38,小提琴
2022-11-09 02:22:36,钢琴
2022-11-09 02:23:34,小提琴
2022-11-09 02:24:32,贝斯
2022-11-09 02:25:30,小提琴
2022-11-09 02:26:28,小提琴
2022-11-09 02:27:26,吉他
2022-11-09 02:28:24,小提琴
2022-11-09 02:29:22,钢琴
2022-11-09 02:30:20,萨克斯风
2022-11-09 02:31:18,贝斯
2022-11-09 02:32:16,钢琴
2022-11-09 02:33:14,架子鼓
2022-11-09 02:34:12,吉他
2022-11-09 02:35:10,圆号
2022-11-09 02:36:08,小提琴
2022-11-09 02:37:06,钢琴
2022-11-09 02:38:04,吉他
2022-11-09 02:39:02,钢琴
2022-11-09 02:40:00,小提琴
2022-11-09 02:40:58,钢琴
2022-11-09 02:41:56,贝斯
2022-11-09 02:42:54,钢琴
2022-11-09 02:43:52,吉他
2022-11-09 02:44:50,钢琴
2022-11-09 02:45:48,小提琴
2022-11-09 02:46:46,架子鼓
2022-11-09 02:47:44,吉他
2022-11-09 02:48:42,钢琴
2022-11-09 02:49:40,小提琴
2022-11-09 02:50:38,吉他
2022-11-09 02:51:36,吉他
2022-11-09 02:52:34,钢琴
2022-11-09 02:53:32,钢琴
2022-11-09 02:54:30,贝斯
2022-11-09 02:55:28,贝斯
2022-11-09 02:56:26,贝斯
2022-11-09 02:57:24,小提琴
2022-11-09 02:58:22,钢琴
2022-11-09 02:59:20,小提琴
2022-11-09 03:00:18,竖琴
2022-11-09 03:01:16,钢琴
2022-11-09 03:02:14,贝斯
2022-11-09 03:03:12,小提琴
2022-11-09 03:04:10,架子鼓
2022-11-09 03:05:08,贝斯
2022-11-09 03:06:06,钢琴
2022-11-09 03:07:04,吉他
2022-11-09 03:08:02,钢琴
2022-11-09 03:09:00,钢琴
2022-11-09 03:09:58,贝斯
2022-11-09 03:10:56,吉他
2022-11-09 03:11:54,贝斯
2022-11-09 03:12:52,钢琴
2022-11-09 03:13:50,竖琴
2022-11-09 03:14:48,小提琴
2022-11-09 03:15:46,贝斯
2022-11-09 03:16:44,萨克斯风
2022-11-09 03:17:42,钢琴
2022-11-09 03:18:40,萨克斯风
2022-11-09 03:19:38,吉他
2022-11-09 03:20:36,贝斯
2022-11-09 03:21:34,贝斯
2022-11-09 03:22:32,小提琴
2022-11-09 03:23:30,钢琴
2022-11-09 03:24:28,架子鼓
2022-11-09 03:25:26,贝斯
2022-11-09 03:26:24,钢琴
2022-11-09 03:27:22,小提琴
2022-11-09 03:28:20,小提琴
2022-11-09 03:29:18,吉他
2022-11-09 03:30:16,钢琴
2022-11-09 03:31:14,钢琴
2022-11-09 03:32:12,吉他
2022-11-09 03:33:10,钢琴
2022-11-09 03:34:08,架子鼓
2022-11-09 03:35:06,吉他
2022-11-09 03:36:04,吉他
2022-11-09 03:37:02,贝斯
2022-11-09 03:38:00,钢琴
2022-11-09 03:38:58,贝斯
2022-11-09 03:39:56,小提琴
2022-11-09 03:40:54,小提琴
2022-11-09 03:41:52,钢琴
2022-11-09 03:42:50,架子鼓
2022-11-09 03:43:48,吉他
2022-11-09 03:44:46,钢琴
2022-11-09 03:45:44,吉他
2022-11-09 03:46:42,小提琴
2022-11-09 03:47:40,吉他
2022-11-09 03:48:38,贝斯
2022-11-09 03:49:36,小提琴
2022-11-09 03:50:34,钢琴
2022-11-09 03:51:32,小提琴
2022-11-09 03:52:30,萨克斯风
2022-11-09 03:53:28,贝斯
2022-11-09 03:54:26,小提琴
2022-11-09 03:55:24,吉他
2022-11-09 03:56:22,架子鼓
2022-11-09 03:57:20,小提琴
2022-11-09 03:58:18,贝斯
2022-11-09 03:59:16,贝斯
2022-11-09 04:00:14,贝斯
2022-11-09 04:01:12,圆号
2022-11-09 04:02:10,吉他
2022-11-09 04:03:08,贝斯
2022-11-09 04:04:06,小提琴
2022-11-09 04:05:04,吉他
2022-11-09 04:06:02,贝斯
2022-11-09 04:07:00,小提琴
2022-11-09 04:07:58,钢琴
2022-11-09 04:08:56,架子鼓
2022-11-09 04:09:54,钢琴
2022-11-09 04:10:52,小提琴
2022-11-09 04:11:50,钢琴
2022-11-09 04:12:48,萨克斯风
2022-11-09 04:13:46,架子鼓
2022-11-09 04:14:44,吉他
2022-11-09 04:15:42,圆号
2022-11-09 04:16:40,吉他
2022-11-09 04:17:38,小提琴
2022-11-09 04:18:36,贝斯
2022-11-09 04:19:34,贝斯
2022-11-09 04:20:32,架子鼓
2022-11-09 04:21:30,吉他
2022-11-09 04:22:28,吉他
2022-11-09 04:23:26,钢琴
2022-11-09 04:24:24,钢琴
2022-11-09 04:25:22,吉他
2022-11-09 04:26:20,圆号
2022-11-09 04:27:18,钢琴
2022-11-09 04:28:16,钢琴
2022-11-09 04:29:14,贝斯
2022-11-09 04:30:12,钢琴
2022-11-09 04:31:10,吉他
2022-11-09 04:32:08,小提琴
2022-11-09 04:33:06,贝斯
2022-11-09 04:34:04,竖琴
2022-11-09 04:35:02,吉他
2022-11-09 04:36:00,架子鼓
2022-11-09 04:36:58,小提琴
2022-11-09 04:37:56,吉他
2022-11-09 04:38:54,圆号
2022-11-09 04:39:52,吉他
2022-11-09 04:40:50,贝斯
2022-11-09 04:41:48,吉他
2022-11-09 04:42:46,萨克斯风
2022-11-09 04:43:44,小提琴
2022-11-09 04:44:42,小提琴
2022-11-09 04:45:40,贝斯
2022-11-09 04:46:38,钢琴
2022-11-09 04:47:36,吉他
2022-11-09 04:48:34,贝斯
2022-11-09 04:49:32,小提琴
2022-11-09 04:50:30,吉他
2022-11-09 04:51:28,吉他
2022-11-09 04:52:26,钢琴
2022-11-09 04:53:24,架子鼓
2022-11-09 04:54:22,小提琴
2022-11-09 04:55:20,吉他
2022-11-09 04:56:18,竖琴
2022-11-09 04:57:16,贝斯
2022-11-09 04:58:14,小提琴
2022-11-09 04:59:12,钢琴
2022-11-09 05:00:10,贝斯
2022-11-09 05:01:08,钢琴
2022-11-09 05:02:06,萨克斯风
2022-11-09 05:03:04,竖琴
2022-11-09 05:04:02,吉他
2022-11-09 05:05:00,钢琴
2022-11-09 05:05:58,吉他
2022-11-09 05:06:56,吉他
2022-11-09 05:07:54,吉他
2022-11-09 05:08:52,架子鼓
2022-11-09 05:09:50,小提琴
2022-11-09 05:10:48,架子鼓
2022-11-09 05:11:46,小提琴
2022-11-09 05:12:44,小提琴
2022-11-09 05:13:42,贝斯
2022-11-09 05:14:40,贝斯
2022-11-09 05:15:38,小提琴
2022-11-09 05:16:36,小提琴
2022-11-09 05:17:34,萨克斯风
2022-11-09 05:18:32,小提琴
2022-11-09 05:19:30,小提琴
2022-11-09 05:20:28,小提琴
2022-11-09 05:21:26,钢琴
2022-11-09 05:22:24,圆号
2022-11-09 05:23:22,钢琴
2022-11-09 05:24:20,吉他
2022-11-09 05:25:18,小提琴
2022-11-09 05:26:16,钢琴
2022-11-09 05:27:14,小提琴
2022-11-09 05:28:12,钢琴
2022-11-09 05:29:10,小提琴
2022-11-09 05:30:08,贝斯
2022-11-09 05:31:06,吉他
2022-11-09 05:32:04,吉他
2022-11-09 05:33:02,圆号
2022-11-09 05:34:00,吉他
2022-11-09 05:34:58,架子鼓
2022-11-09 05:35:56,钢琴
2022-11-09 05:36:54,小提琴
2022-11-09 05:37:52,贝斯
2022-11-09 05:38:50,小提琴
2022-11-09 05:39:48,小提琴
2022-11-09 05:40:46,架子鼓
2022-11-09 05:41:44,吉他
2022-11-09 05:42:42,竖琴
2022-11-09 05:43:40,钢琴
2022-11-09 05:44:38,钢琴
2022-11-09 05:45:36,贝斯
2022-11-09 05:46:34,钢琴
2022-11-09 05:47:32,钢琴
2022-11-09 05:48:30,钢琴
2022-11-09 05:49:28,小提琴
2022-11-09 05:50:26,圆号
2022-11-09 05:51:24,吉他
2022-11-09 05:52:22,圆号
2022-11-09 05:53:20,吉他
2022-11-09 05:54:18,钢琴
2022-11-09 05:55:16,钢琴
2022-11-09 05:56:14,吉他
2022-11-09 05:57:12,圆号
2022-11-09 05:58:10,贝斯
2022-11-09 05:59:08,钢琴
2022-11-09 06:00:06,吉他
2022-11-09 06:01:04,小提琴
2022-11-09 06:02:02,贝斯
2022-11-09 06:03:00,钢琴
2022-11-09 06:03:58,小提琴
2022-11-09 06:04:56,小提琴
2022-11-09 06:05:54,吉他
2022-11-09 06:06:52,贝斯
2022-11-09 06:07:50,吉他
2022-11-09 06:08:48,小提琴
2022-11-09 06:09:46,架子鼓
2022-11-09 06:10:44,钢琴
2022-11-09 06:11:42,贝斯
2022-11-09 06:12:40,吉他
2022-11-09 06:13:38,吉他
2022-11-09 06:14:36,钢琴
2022-11-09 06:15:34,吉他
2022-11-09 06:16:32,吉他
2022-11-09 06:17:30,贝斯
2022-11-09 06:18:28,贝斯
2022-11-09 06:19:26,吉他
2022-11-09 06:20:24,架子鼓
2022-11-09 06:21:22,小提琴
2022-11-09 06:22:20,萨克斯风
2022-11-09 06:23:18,钢琴
2022-11-09 06:24:16,吉他
2022-11-09 06:25:14,贝斯
2022-11-09 06:26:12,吉他
2022-11-09 06:27:10,钢琴
2022-11-09 06:28:08,钢琴
2022-11-09 06:29:06,钢琴
2022-11-09 06:30:04,钢琴
2022-11-09 06:31:02,钢琴
2022-11-09 06:32:00,贝斯
2022-11-09 06:32:58,贝斯
2022-11-09 06:33:56,小提琴
2022-11-09 06:34:54,贝斯
2022-11-09 06:35:52,小提琴
2022-11-09 06:36:50,钢琴
2022-11-09 06:37:48,钢琴
2022-11-09 06:38:46,架子鼓
2022-11-09 06:39:44,架子鼓
2022-11-09 06:40:42,小提琴
2022-11-09 06:41:40,贝斯
2022-11-09 06:42:38,小提琴
2022-11-09 06:43:36,贝斯
2022-11-09 06:44:34,钢琴
2022-11-09 06:45:32,吉他
2022-11-09 06:46:30,竖琴
2022-11-09 06:47:28,小提琴
2022-11-09 06:48:26,小提琴
2022-11-09 06:49:24,钢琴
2022-11-09 06:50:22,钢琴
2022-11-09 06:51:20,小提琴
2022-11-09 06:52:18,吉他
2022-11-09 06:53:16,吉他
2022-11-09 06:54:14,钢琴
2022-11-09 06:55:12,钢琴
2022-11-09 06:56:10,钢琴
2022-11-09 06:57:08,竖琴
2022-11-09 06:58:06,小提琴
2022-11-09 06:59:04,钢琴
2022-11-09 07:00:02,架子鼓
2022-11-09 07:01:00,吉他
2022-11-09 07:01:58,吉他
2022-11-09 07:02:56,贝斯
2022-11-09 07:03:54,钢琴
2022-11-09 07:04:52,架子鼓
2022-11-09 07:05:50,架子鼓
2022-11-09 07:06:48,竖琴
2022-11-09 07:07:46,钢琴
2022-11-09 07:08:44,竖琴
2022-11-09 07:09:42,小提琴
2022-11-09 07:10:40,钢琴
2022-11-09 07:11:38,小提琴
2022-11-09 07:12:36,贝斯
2022-11-09 07:13:34,吉他
2022-11-09 07:14:32,小提琴
2022-11-09 07:15:30,贝斯
2022-11-09 07:16:28,贝斯
2022-11-09 07:17:26,架子鼓
2022-11-09 07:18:24,小提琴
2022-11-09 07:19:22,小提琴
2022-11-09 07:20:20,贝斯
2022-11-09 07:21:18,吉他
2022-11-09 07:22:16,钢琴
2022-11-09 07:23:14,架子鼓
2022-11-09 07:24:12,小提琴
2022-11-09 07:25:10,小提琴
2022-11-09 07:26:08,钢琴
2022-11-09 07:27:06,小提琴
2022-11-09 07:28:04,小提琴
2022-11-09 07:29:02,架子鼓
2022-11-09 07:30:00,贝斯
2022-11-09 07:30:58,吉他
2022-11-09 07:31:56,小提琴
2022-11-09 07:32:54,贝斯
2022-11-09 07:33:52,吉他
2022-11-09 07:34:50,钢琴
2022-11-09 07:35:48,小提琴
2022-11-09 07:36:46,贝斯
2022-11-09 07:37:44,竖琴
2022-11-09 07:38:42,小提琴
2022-11-09 07:39:40,贝斯
2022-11-09 07:40:38,小提琴
2022-11-09 07:41:36,钢琴
2022-11-09 07:42:34,钢琴
2022-11-09 07:43:32,圆号
2022-11-09 07:44:30,竖琴
2022-11-09 07:45:28,贝斯
2022-11-09 07:46:26,竖琴
2022-11-09 07:47:24,吉他
2022-11-09 07:48:22,竖琴
2022-11-09 07:49:20,小提琴
2022-11-09 07:50:18,贝斯
2022-11-09 07:51:16,贝斯
2022-11-09 07:52:14,贝斯
2022-11-09 07:53:12,吉他
2022-11-09 07:54:10,吉他
2022-11-09 07:55:08,贝斯
2022-11-09 07:56:06,钢琴
2022-11-09 07:57:04,小提琴
2022-11-09 07:58:02,架子鼓
2022-11-09 07:59:00,钢琴
2022-11-09 07:59:58,吉他
2022-11-09 08:00:56,架子鼓
2022-11-09 08:01:54,萨克斯风
2022-11-09 08:02:52,吉他
2022-11-09 08:03:50,贝斯
2022-11-09 08:04:48,钢琴
2022-11-09 08:05:46,圆号
2022-11-09 08:06:44,小提琴
2022-11-09 08:07:42,竖琴
2022-11-09 08:08:40,贝斯
2022-11-09 08:09:38,贝斯
2022-11-09 08:10:36,圆号
2022-11-09 08:11:34,圆号
2022-11-09 08:12:32,钢琴
2022-11-09 08:13:30,钢琴
2022-11-09 08:14:28,贝斯
2022-11-09 08:15:26,钢琴
2022-11-09 08:16:24,架子鼓
2022-11-09 08:17:22,小提琴
2022-11-09 08:18:20,小提琴
2022-11-09 08:19:18,吉他
2022-11-09 08:20:16,小提琴
2022-11-09 08:21:14,小提琴
2022-11-09 08:22:12,贝斯
2022-11-09 08:23:10,贝斯
2022-11-09 08:24:08,钢琴
2022-11-09 08:25:06,贝斯
2022-11-09 08:26:04,小提琴
2022-11-09 08:27:02,架子鼓
2022-11-09 08:28:00,吉他
2022-11-09 08:28:58,贝斯
2022-11-09 08:29:56,小提琴
2022-11-09 08:30:54,萨克斯风
2022-11-09 08:31:52,吉他
2022-11-09 08:32:50,钢琴
2022-11-09 08:33:48,钢琴
2022-11-09 08:34:46,小提琴
2022-11-09 08:35:44,小提琴
2022-11-09 08:36:42,贝斯
2022-11-09 08:37:40,架子鼓
2022-11-09 08:38:38,架子鼓
2022-11-09 08:39:36,吉他
2022-11-09 08:40:34,小提琴
2022-11-09 08:41:32,架子鼓
2022-11-09 08:42:30,小提琴
2022-11-09 08:43:28,小提琴
2022-11-09 08:44:26,吉他
2022-11-09 08:45:24,小提琴
2022-11-09 08:46:22,吉他
2022-11-09 08:47:20,吉他
2022-11-09 08:48:18,贝斯
2022-11-09 08:49:16,贝斯
2022-11-09 08:50:14,吉他
2022-11-09 08:51:12,小提琴
2022-11-09 08:52:10,圆号
2022-11-09 08:53:08,贝斯
2022-11-09 08:54:06,架子鼓
2022-11-09 08:55:04,小提琴
2022-11-09 08:56:02,小提琴
2022-11-09 08:57:00,贝斯
2022-11-09 08:57:58,小提琴
2022-11-09 08:58:56,钢琴
2022-11-09 08:59:54,架子鼓
2022-11-09 09:00:52,吉他
2022-11-09 09:01:50,架子鼓
2022-11-09 09:02:48,架子鼓
2022-11-09 09:03:46,竖琴
2022-11-09 09:04:44,吉他
2022-11-09 09:05:42,架子鼓
2022-11-09 09:06:40,贝斯
2022-11-09 09:07:38,吉他
2022-11-09 09:08:36,圆号
2022-11-09 09:09:34,钢琴
2022-11-09 09:10:32,贝斯
2022-11-09 09:11:30,吉他
2022-11-09 09:12:28,吉他
2022-11-09 09:13:26,小提琴
2022-11-09 09:14:24,吉他
2022-11-09 09:15:22,吉他
2022-11-09 09:16:20,贝斯
2022-11-09 09:17:18,小提琴
2022-11-09 09:18:16,吉他
2022-11-09 09:19:14,钢琴
2022-11-09 09:20:12,吉他
2022-11-09 09:21:10,吉他
2022-11-09 09:22:08,小提琴
2022-11-09 09:23:06,吉他
2022-11-09 09:24:04,吉他
2022-11-09 09:25:02,钢琴
2022-11-09 09:26:00,小提琴
2022-11-09 09:26:58,钢琴
2022-11-09 09:27:56,钢琴
2022-11-09 09:28:54,钢琴
2022-11-09 09:29:52,小提琴
2022-11-09 09:30:50,贝斯
2022-11-09 09:31:48,竖琴
2022-11-09 09:32:46,钢琴
2022-11-09 09:33:44,吉他
2022-11-09 09:34:42,圆号
2022-11-09 09:35:40,吉他
2022-11-09 09:36:38,贝斯
2022-11-09 09:37:36,萨克斯风
2022-11-09 09:38:34,吉他
2022-11-09 09:39:32,钢琴
2022-11-09 09:40:30,贝斯
2022-11-09 09:41:28,钢琴
2022-11-09 09:42:26,钢琴
2022-11-09 09:43:24,架子鼓
2022-11-09 09:44:22,贝斯
2022-11-09 09:45:20,贝斯
2022-11-09 09:46:18,小提琴
2022-11-09 09:47:16,钢琴
2022-11-09 09:48:14,小提琴
2022-11-09 09:49:12,小提琴
2022-11-09 09:50:10,贝斯
2022-11-09 09:51:08,钢琴
2022-11-09 09:52:06,钢琴
2022-11-09 09:53:04,竖琴
2022-11-09 09:54:02,圆号
2022-11-09 09:55:00,小提琴
2022-11-09 09:55:58,小提琴
2022-11-09 09:56:56,钢琴
2022-11-09 09:57:54,贝斯
2022-11-09 09:58:52,架子鼓
2022-11-09 09:59:50,小提琴
2022-11-09 10:00:48,钢琴
2022-11-09 10:01:46,吉他
2022-11-09 10:02:44,圆号
2022-11-09 10:03:42,贝斯
2022-11-09 10:04:40,小提琴
2022-11-09 10:05:38,小提琴
2022-11-09 10:06:36,吉他
2022-11-09 10:07:34,贝斯
2022-11-09 10:08:32,贝斯
2022-11-09 10:09:30,吉他
2022-11-09 10:10:28,吉他
2022-11-09 10:11:26,架子鼓
2022-11-09 10:12:24,钢琴
2022-11-09 10:13:22,贝斯
2022-11-09 10:14:20,架子鼓
2022-11-09 10:15:18,贝斯
2022-11-09 10:16:16,贝斯
2022-11-09 10:17:14,架子鼓
2022-11-09 10:18:12,吉他
2022-11-09 10:19:10,架子鼓
2022-11-09 10:20:08,钢琴
2022-11-09 10:21:06,钢琴
2022-11-09 10:22:04,钢琴
2022-11-09 10:23:02,架子鼓
2022-11-09 10:24:00,贝斯
2022-11-09 10:24:58,贝斯
2022-11-09 10:25:56,吉他
2022-11-09 10:26:54,贝斯
2022-11-09 10:27:52,吉他
2022-11-09 10:28:50,贝斯
2022-11-09 10:29:48,吉他
2022-11-09 10:30:46,钢琴
2022-11-09 10:31:44,小提琴
2022-11-09 10:32:42,吉他
2022-11-09 10:33:40,吉他
2022-11-09 10:34:38,吉他
2022-11-09 10:35:36,竖琴
2022-11-09 10:36:34,钢琴
2022-11-09 10:37:32,钢琴
2022-11-09 10:38:30,架子鼓
2022-11-09 10:39:28,吉他
2022-11-09 10:40:26,竖琴
2022-11-09 10:41:24,小提琴
2022-11-09 10:42:22,小提琴
2022-11-09 10:43:20,小提琴
2022-11-09 10:44:18,贝斯
2022-11-09 10:45:16,钢琴
2022-11-09 10:46:14,小提琴
2022-11-09 10:47:12,钢琴
2022-11-09 10:48:10,小提琴
2022-11-09 10:49:08,钢琴
2022-11-09 10:50:06,吉他
2022-11-09 10:51:04,钢琴
2022-11-09 10:52:02,贝斯
2022-11-09 10:53:00,钢琴
2022-11-09 10:53:58,小提琴
2022-11-09 10:54:56,吉他
2022-11-09 10:55:54,吉他
2022-11-09 10:56:52,小提琴
2022-11-09 10:57:50,贝斯
2022-11-09 10:58:48,架子鼓
2022-11-09 10:59:46,钢琴
2022-11-09 11:00:44,吉他
2022-11-09 11:01:42,吉他
2022-11-09 11:02:40,小提琴
2022-11-09 11:03:38,竖琴
2022-11-09 11:04:36,吉他
2022-11-09 11:05:34,吉他
2022-11-09 11:06:32,钢琴
2022-11-09 11:07:30,小提琴
2022-11-09 11:08:28,架子鼓
2022-11-09 11:09:26,贝斯
2022-11-09 11:10:24,架子鼓
2022-11-09 11:11:22,吉他
2022-11-09 11:12:20,小提琴
2022-11-09 11:13:18,吉他
2022-11-09 11:14:16,小提琴
2022-11-09 11:15:14,贝斯
2022-11-09 11:16:12,小提琴
2022-11-09 11:17:10,吉他
2022-11-09 11:18:08,贝斯
2022-11-09 11:19:06,小提琴
2022-11-09 11:20:04,萨克斯风
2022-11-09 11:21:02,小提琴
2022-11-09 11:22:00,贝斯
2022-11-09 11:22:58,圆号
2022-11-09 11:23:56,钢琴
2022-11-09 11:24:54,竖琴
2022-11-09 11:25:52,架子鼓
2022-11-09 11:26:50,贝斯
2022-11-09 11:27:48,贝斯
2022-11-09 11:28:46,吉他
2022-11-09 11:29:44,架子鼓
2022-11-09 11:30:42,架子鼓
2022-11-09 11:31:40,贝斯
2022-11-09 11:32:38,小提琴
2022-11-09 11:33:36,架子鼓
2022-11-09 11:34:34,小提琴
2022-11-09 11:35:32,吉他
2022-11-09 11:36:30,贝斯
2022-11-09 11:37:28,贝斯
2022-11-09 11:38:26,钢琴
2022-11-09 11:39:24,竖琴
2022-11-09 11:40:22,小提琴
2022-11-09 11:41:20,贝斯
2022-11-09 11:42:18,贝斯
2022-11-09 11:43:16,贝斯
2022-11-09 11:44:14,吉他
2022-11-09 11:45:12,贝斯
2022-11-09 11:46:10,钢琴
2022-11-09 11:47:08,小提琴
2022-11-09 11:48:06,贝斯
2022-11-09 11:49:04,吉他
2022-11-09 11:50:02,吉他
2022-11-09 11:51:00,吉他
2022-11-09 11:51:58,贝斯
2022-11-09 11:52:56,吉他
2022-11-09 11:53:54,架子鼓
2022-11-09 11:54:52,吉他
2022-11-09 11:55:50,架子鼓
2022-11-09 11:56:48,吉他
2022-11-09 11:57:46,钢琴
2022-11-09 11:58:44,贝斯
2022-11-09 11:59:42,竖琴
2022-11-09 12:00:40,吉他
2022-11-09 12:01:38,钢琴
2022-11-09 12:02:36,吉他
2022-11-09 12:03:34,钢琴
2022-11-09 12:04:32,吉他
2022-11-09 12:05:30,架子鼓
2022-11-09 12:06:28,竖琴
2022-11-09 12:07:26,吉他
2022-11-09 12:08:24,吉他
2022-11-09 12:09:22,贝斯
2022-11-09 12:10:20,吉他
2022-11-09 12:11:18,钢琴
2022-11-09 12:12:16,圆号
2022-11-09 12:13:14,钢琴
2022-11-09 12:14:12,小提琴
2022-11-09 12:15:10,小提琴
2022-11-09 12:16:08,架子鼓
2022-11-09 12:17:06,贝斯
2022-11-09 12:18:04,贝斯
2022-11-09 12:19:02,小提琴
2022-11-09 12:20:00,小提琴
2022-11-09 12:20:58,钢琴
2022-11-09 12:21:56,贝斯
2022-11-09 12:22:54,贝斯
2022-11-09 12:23:52,吉他
2022-11-09 12:24:50,小提琴
2022-11-09 12:25:48,吉他
2022-11-09 12:26:46,吉他
2022-11-09 12:27:44,吉他
2022-11-09 12:28:42,小提琴
2022-11-09 12:29:40,吉他
2022-11-09 12:30:38,吉他
2022-11-09 12:31:36,钢琴
2022-11-09 12:32:34,钢琴
2022-11-09 12:33:32,架子鼓
2022-11-09 12:34:30,吉他
2022-11-09 12:35:28,吉他
2022-11-09 12:36:26,吉他
2022-11-09 12:37:24,架子鼓
2022-11-09 12:38:22,贝斯
2022-11-09 12:39:20,吉他
2022-11-09 12:40:18,吉他
2022-11-09 12:41:16,小提琴
2022-11-09 12:42:14,小提琴
2022-11-09 12:43:12,贝斯
2022-11-09 12:44:10,钢琴
2022-11-09 12:45:08,贝斯
2022-11-09 12:46:06,钢琴
2022-11-09 12:47:04,钢琴
2022-11-09 12:48:02,吉他
2022-11-09 12:49:00,小提琴
2022-11-09 12:49:58,圆号
2022-11-09 12:50:56,小提琴
2022-11-09 12:51:54,贝斯
2022-11-09 12:52:52,钢琴
2022-11-09 12:53:50,钢琴
2022-11-09 12:54:48,吉他
2022-11-09 12:55:46,吉他
2022-11-09 12:56:44,贝斯
2022-11-09 12:57:42,小提琴
2022-11-09 12:58:40,吉他
2022-11-09 12:59:38,小提琴
2022-11-09 13:00:36,贝斯
2022-11-09 13:01:34,钢琴
2022-11-09 13:02:32,钢琴
2022-11-09 13:03:30,架子鼓
2022-11-09 13:04:28,架子鼓
2022-11-09 13:05:26,贝斯
2022-11-09 13:06:24,架子鼓
2022-11-09 13:07:22,竖琴
2022-11-09 13:08:20,吉他
2022-11-09 13:09:18,小提琴
2022-11-09 13:10:16,钢琴
2022-11-09 13:11:14,小提琴
2022-11-09 13:12:12,小提琴
2022-11-09 13:13:10,钢琴
2022-11-09 13:14:08,钢琴
2022-11-09 13:15:06,萨克斯风
2022-11-09 13:16:04,竖琴
2022-11-09 13:17:02,吉他
2022-11-09 13:18:00,架子鼓
2022-11-09 13:18:58,吉他
2022-11-09 13:19:56,萨克斯风
2022-11-09 13:20:54,吉他
2022-11-09 13:21:52,钢琴
2022-11-09 13:22:50,吉他
2022-11-09 13:23:48,小提琴
2022-11-09 13:24:46,小提琴
2022-11-09 13:25:44,小提琴
2022-11-09 13:26:42,小提琴
2022-11-09 13:27:40,小提琴
2022-11-09 13:28:38,钢琴
2022-11-09 13:29:36,钢琴
2022-11-09 13:30:34,吉他
2022-11-09 13:31:32,圆号
2022-11-09 13:32:30,贝斯
2022-11-09 13:33:28,吉他
2022-11-09 13:34:26,架子鼓
2022-11-09 13:35:24,竖琴
2022-11-09 13:36:22,小提琴
2022-11-09 13:37:20,贝斯
2022-11-09 13:38:18,小提琴
2022-11-09 13:39:16,贝斯
2022-11-09 13:40:14,贝斯
2022-11-09 13:41:12,吉他
2022-11-09 13:42:10,架子鼓
2022-11-09 13:43:08,吉他
2022-11-09 13:44:06,贝斯
2022-11-09 13:45:04,吉他
2022-11-09 13:46:02,贝斯
2022-11-09 13:47:00,钢琴
2022-11-09 13:47:58,竖琴
2022-11-09 13:48:56,贝斯
2022-11-09 13:49:54,钢琴
2022-11-09 13:50:52,吉他
2022-11-09 13:51:50,吉他
2022-11-09 13:52:48,小提琴
2022-11-09 13:53:46,架子鼓
2022-11-09 13:54:44,钢琴
2022-11-09 13:55:42,吉他
2022-11-09 13:56:40,竖琴
2022-11-09 13:57:38,贝斯
2022-11-09 13:58:36,钢琴
2022-11-09 13:59:34,萨克斯风
2022-11-09 14:00:32,吉他
2022-11-09 14:01:30,萨克斯风
2022-11-09 14:02:28,吉他
2022-11-09 14:03:26,架子鼓
2022-11-09 14:04:24,贝斯
2022-11-09 14:05:22,圆号
2022-11-09 14:06:20,小提琴
2022-11-09 14:07:18,吉他
2022-11-09 14:08:16,钢琴
2022-11-09 14:09:14,贝斯
2022-11-09 14:10:12,钢琴
2022-11-09 14:11:10,贝斯
2022-11-09 14:12:08,吉他
2022-11-09 14:13:06,小提琴
2022-11-09 14:14:04,贝斯
2022-11-09 14:15:02,架子鼓
2022-11-09 14:16:00,架子鼓
2022-11-09 14:16:58,吉他
2022-11-09 14:17:56,小提琴
2022-11-09 14:18:54,贝斯
2022-11-09 14:19:52,贝斯
2022-11-09 14:20:50,小提琴
2022-11-09 14:21:48,吉他
2022-11-09 14:22:46,贝斯
2022-11-09 14:23:44,钢琴
2022-11-09 14:24:42,吉他
2022-11-09 14:25:40,贝斯
2022-11-09 14:26:38,贝斯
2022-11-09 14:27:36,架子鼓
2022-11-09 14:28:34,贝斯
2022-11-09 14:29:32,贝斯
2022-11-09 14:30:30,圆号
2022-11-09 14:31:28,吉他
2022-11-09 14:32:26,萨克斯风
2022-11-09 14:33:24,架子鼓
2022-11-09 14:34:22,萨克斯风
2022-11-09 14:35:20,吉他
2022-11-09 14:36:18,钢琴
2022-11-09 14:37:16,钢琴
2022-11-09 14:38:14,小提琴
2022-11-09 14:39:12,钢琴
2022-11-09 14:40:10,贝斯
2022-11-09 14:41:08,小提琴
2022-11-09 14:42:06,小提琴
2022-11-09 14:43:04,小提琴
2022-11-09 14:44:02,钢琴
2022-11-09 14:45:00,吉他
2022-11-09 14:45:58,贝斯
2022-11-09 14:46:56,贝斯
2022-11-09 14:47:54,吉他
2022-11-09 14:48:52,小提琴
2022-11-09 14:49:50,钢琴
2022-11-09 14:50:48,钢琴
2022-11-09 14:51:46,小提琴
2022-11-09 14:52:44,架子鼓
2022-11-09 14:53:42,钢琴
2022-11-09 14:54:40,贝斯
2022-11-09 14:55:38,小提琴
2022-11-09 14:56:36,贝斯
2022-11-09 14:57:34,吉他
2022-11-09 14:58:32,吉他
2022-11-09 14:59:30,钢琴
2022-11-09 15:00:28,吉他
2022-11-09 15:01:26,贝斯
2022-11-09 15:02:24,贝斯
2022-11-09 15:03:22,小提琴
2022-11-09 15:04:20,钢琴
2022-11-09 15:05:18,小提琴
2022-11-09 15:06:16,架子鼓
2022-11-09 15:07:14,贝斯
2022-11-09 15:08:12,小提琴
2022-11-09 15:09:10,钢琴
2022-11-09 15:10:08,吉他
2022-11-09 15:11:06,吉他
2022-11-09 15:12:04,钢琴
2022-11-09 15:13:02,架子鼓
2022-11-09 15:14:00,贝斯
2022-11-09 15:14:58,圆号
2022-11-09 15:15:56,钢琴
2022-11-09 15:16:54,钢琴
2022-11-09 15:17:52,竖琴
2022-11-09 15:18:50,吉他
2022-11-09 15:19:48,贝斯
2022-11-09 15:20:46,架子鼓
2022-11-09 15:21:44,贝斯
2022-11-09 15:22:42,吉他
2022-11-09 15:23:40,小提琴
2022-11-09 15:24:38,竖琴
2022-11-09 15:25:36,钢琴
2022-11-09 15:26:34,竖琴
2022-11-09 15:27:32,竖琴
2022-11-09 15:28:30,吉他
2022-11-09 15:29:28,竖琴
2022-11-09 15:30:26,贝斯
2022-11-09 15:31:24,贝斯
2022-11-09 15:32:22,小提琴
2022-11-09 15:33:20,钢琴
2022-11-09 15:34:18,钢琴
2022-11-09 15:35:16,钢琴
2022-11-09 15:36:14,贝斯
2022-11-09 15:37:12,贝斯
2022-11-09 15:38:10,钢琴
2022-11-09 15:39:08,钢琴
2022-11-09 15:40:06,钢琴
2022-11-09 15:41:04,钢琴
2022-11-09 15:42:02,贝斯
2022-11-09 15:43:00,吉他
2022-11-09 15:43:58,吉他
2022-11-09 15:44:56,贝斯
2022-11-09 15:45:54,小提琴
2022-11-09 15:46:52,吉他
2022-11-09 15:47:50,小提琴
2022-11-09 15:48:48,贝斯
2022-11-09 15:49:46,吉他
2022-11-09 15:50:44,钢琴
2022-11-09 15:51:42,竖琴
2022-11-09 15:52:40,萨克斯风
2022-11-09 15:53:38,吉他
2022-11-09 15:54:36,钢琴
2022-11-09 15:55:34,钢琴
2022-11-09 15:56:32,贝斯
2022-11-09 15:57:30,钢琴
2022-11-09 15:58:28,钢琴
2022-11-09 15:59:26,贝斯
2022-11-09 16:00:24,竖琴
2022-11-09 16:01:22,贝斯
2022-11-09 16:02:20,小提琴
2022-11-09 16:03:18,吉他
2022-11-09 16:04:16,小提琴
2022-11-09 16:05:14,钢琴
2022-11-09 16:06:12,小提琴
2022-11-09 16:07:10,贝斯
2022-11-09 16:08:08,贝斯
2022-11-09 16:09:06,架子鼓
2022-11-09 16:10:04,贝斯
2022-11-09 16:11:02,贝斯
2022-11-09 16:12:00,贝斯
2022-11-09 16:12:58,架子鼓
2022-11-09 16:13:56,小提琴
2022-11-09 16:14:54,贝斯
2022-11-09 16:15:52,小提琴
2022-11-09 16:16:50,架子鼓
2022-11-09 16:17:48,钢琴
2022-11-09 16:18:46,吉他
2022-11-09 16:19:44,吉他
2022-11-09 16:20:42,贝斯
2022-11-09 16:21:40,钢琴
2022-11-09 16:22:38,贝斯
2022-11-09 16:23:36,钢琴
2022-11-09 16:24:34,吉他
2022-11-09 16:25:32,吉他
2022-11-09 16:26:30,小提琴
2022-11-09 16:27:28,小提琴
2022-11-09 16:28:26,钢琴
2022-11-09 16:29:24,钢琴
2022-11-09 16:30:22,竖琴
2022-11-09 16:31:20,贝斯
2022-11-09 16:32:18,小提琴
2022-11-09 16:33:16,吉他
2022-11-09 16:34:14,钢琴
2022-11-09 16:35:12,吉他
2022-11-09 16:36:10,小提琴
2022-11-09 16:37:08,吉他
2022-11-09 16:38:06,圆号
2022-11-09 16:39:04,小提琴
2022-11-09 16:40:02,贝斯
2022-11-09 16:41:00,架子鼓
2022-11-09 16:41:58,架子鼓
2022-11-09 16:42:56,小提琴
2022-11-09 16:43:54,萨克斯风
2022-11-09 16:44:52,贝斯
2022-11-09 16:45:50,钢琴
2022-11-09 16:46:48,钢琴
2022-11-09 16:47:46,吉他
2022-11-09 16:48:44,钢琴
2022-11-09 16:49:42,吉他
2022-11-09 16:50:40,小提琴
2022-11-09 16:51:38,贝斯
2022-11-09 16:52:36,吉他
2022-11-09 16:53:34,萨克斯风
2022-11-09 16:54:32,吉他
2022-11-09 16:55:30,钢琴
2022-11-09 16:56:28,吉他
2022-11-09 16:57:26,竖琴
2022-11-09 16:58:24,钢琴
2022-11-09 16:59:22,钢琴
2022-11-09 17:00:20,架子鼓
2022-11-09 17:01:18,吉他
2022-11-09 17:02:16,钢琴
2022-11-09 17:03:14,吉他
2022-11-09 17:04:12,吉他
2022-11-09 17:05:10,钢琴
2022-11-09 17:06:08,钢琴
2022-11-09 17:07:06,架子鼓
2022-11-09 17:08:04,小提琴
2022-11-09 17:09:02,小提琴
2022-11-09 17:10:00,吉他
2022-11-09 17:10:58,钢琴
2022-11-09 17:11:56,贝斯
2022-11-09 17:12:54,贝斯
2022-11-09 17:13:52,小提琴
2022-11-09 17:14:50,架子鼓
2022-11-09 17:15:48,贝斯
2022-11-09 17:16:46,钢琴
2022-11-09 17:17:44,钢琴
2022-11-09 17:18:42,架子鼓
2022-11-09 17:19:40,竖琴
2022-11-09 17:20:38,贝斯
2022-11-09 17:21:36,贝斯
2022-11-09 17:22:34,架子鼓
2022-11-09 17:23:32,吉他
2022-11-09 17:24:30,小提琴
2022-11-09 17:25:28,钢琴
2022-11-09 17:26:26,贝斯
2022-11-09 17:27:24,钢琴
2022-11-09 17:28:22,贝斯
2022-11-09 17:29:20,萨克斯风
2022-11-09 17:30:18,钢琴
2022-11-09 17:31:16,钢琴
2022-11-09 17:32:14,吉他
2022-11-09 17:33:12,钢琴
2022-11-09 17:34:10,吉他
2022-11-09 17:35:08,吉他
2022-11-09 17:36:06,小提琴
2022-11-09 17:37:04,小提琴
2022-11-09 17:38:02,圆号
2022-11-09 17:39:00,钢琴
2022-11-09 17:39:58,钢琴
2022-11-09 17:40:56,贝斯
2022-11-09 17:41:54,架子鼓
2022-11-09 17:42:52,钢琴
2022-11-09 17:43:50,吉他
2022-11-09 17:44:48,小提琴
2022-11-09 17:45:46,吉他
2022-11-09 17:46:44,架子鼓
2022-11-09 17:47:42,吉他
2022-11-09 17:48:40,竖琴
2022-11-09 17:49:38,钢琴
2022-11-09 17:50:36,钢琴
2022-11-09 17:51:34,钢琴
2022-11-09 17:52:32,钢琴
2022-11-09 17:53:30,贝斯
2022-11-09 17:54:28,架子鼓
2022-11-09 17:55:26,架子鼓
2022-11-09 17:56:24,萨克斯风
2022-11-09 17:57:22,贝斯
2022-11-09 17:58:20,小提琴
2022-11-09 17:59:18,吉他
2022-11-09 18:00:16,小提琴
2022-11-09 18:01:14,钢琴
2022-11-09 18:02:12,钢琴
2022-11-09 18:03:10,小提琴
2022-11-09 18:04:08,吉他
2022-11-09 18:05:06,贝斯
2022-11-09 18:06:04,吉他
2022-11-09 18:07:02,吉他
2022-11-09 18:08:00,贝斯
2022-11-09 18:08:58,贝斯
2022-11-09 18:09:56,小提琴
2022-11-09 18:10:54,贝斯
2022-11-09 18:11:52,贝斯
2022-11-09 18:12:50,贝斯
2022-11-09 18:13:48,钢琴
2022-11-09 18:14:46,贝斯
2022-11-09 18:15:44,架子鼓
2022-11-09 18:16:42,贝斯
2022-11-09 18:17:40,小提琴
2022-11-09 18:18:38,贝斯
2022-11-09 18:19:36,吉他
2022-11-09 18:20:34,竖琴
2022-11-09 18:21:32,架子鼓
2022-11-09 18:22:30,竖琴
2022-11-09 18:23:28,小提琴
2022-11-09 18:24:26,吉他
2022-11-09 18:25:24,贝斯
2022-11-09 18:26:22,圆号
2022-11-09 18:27:20,贝斯
2022-11-09 18:28:18,钢琴
2022-11-09 18:29:16,小提琴
2022-11-09 18:30:14,竖琴
2022-11-09 18:31:12,钢琴
2022-11-09 18:32:10,钢琴
2022-11-09 18:33:08,吉他
2022-11-09 18:34:06,小提琴
2022-11-09 18:35:04,圆号
2022-11-09 18:36:02,贝斯
2022-11-09 18:37:00,贝斯
2022-11-09 18:37:58,圆号
2022-11-09 18:38:56,钢琴
2022-11-09 18:39:54,吉他
2022-11-09 18:40:52,小提琴
2022-11-09 18:41:50,钢琴
2022-11-09 18:42:48,吉他
2022-11-09 18:43:46,吉他
2022-11-09 18:44:44,架子鼓
2022-11-09 18:45:42,钢琴
2022-11-09 18:46:40,钢琴
2022-11-09 18:47:38,钢琴
2022-11-09 18:48:36,钢琴
2022-11-09 18:49:34,吉他
2022-11-09 18:50:32,小提琴
2022-11-09 18:51:30,吉他
2022-11-09 18:52:28,竖琴
2022-11-09 18:53:26,小提琴
2022-11-09 18:54:24,贝斯
2022-11-09 18:55:22,架子鼓
2022-11-09 18:56:20,贝斯
2022-11-09 18:57:18,吉他
2022-11-09 18:58:16,架子鼓
2022-11-09 18:59:14,架子鼓
2022-11-09 19:00:12,吉他
2022-11-09 19:01:10,吉他
2022-11-09 19:02:08,贝斯
2022-11-09 19:03:06,贝斯
2022-11-09 19:04:04,架子鼓
2022-11-09 19:05:02,小提琴
2022-11-09 19:06:00,贝斯
2022-11-09 19:06:58,钢琴
2022-11-09 19:07:56,吉他
2022-11-09 19:08:54,贝斯
2022-11-09 19:09:52,贝斯
2022-11-09 19:10:50,贝斯
2022-11-09 19:11:48,贝斯
2022-11-09 19:12:46,钢琴
2022-11-09 19:13:44,贝斯
2022-11-09 19:14:42,吉他
2022-11-09 19:15:40,小提琴
2022-11-09 19:16:38,竖琴
2022-11-09 19:17:36,吉他
2022-11-09 19:18:34,钢琴
2022-11-09 19:19:32,圆号
2022-11-09 19:20:30,贝斯
2022-11-09 19:21:28,吉他
2022-11-09 19:22:26,萨克斯风
2022-11-09 19:23:24,吉他
2022-11-09 19:24:22,竖琴
2022-11-09 19:25:20,萨克斯风
2022-11-09 19:26:18,小提琴
2022-11-09 19:27:16,钢琴
2022-11-09 19:28:14,萨克斯风
2022-11-09 19:29:12,贝斯
2022-11-09 19:30:10,小提琴
2022-11-09 19:31:08,钢琴
2022-11-09 19:32:06,竖琴
2022-11-09 19:33:04,钢琴
2022-11-09 19:34:02,贝斯
2022-11-09 19:35:00,吉他
2022-11-09 19:35:58,贝斯
2022-11-09 19:36:56,贝斯
2022-11-09 19:37:54,钢琴
2022-11-09 19:38:52,钢琴
2022-11-09 19:39:50,小提琴
2022-11-09 19:40:48,吉他
2022-11-09 19:41:46,小提琴
2022-11-09 19:42:44,小提琴
2022-11-09 19:43:42,钢琴
2022-11-09 19:44:40,小提琴
2022-11-09 19:45:38,小提琴
2022-11-09 19:46:36,架子鼓
2022-11-09 19:47:34,小提琴
2022-11-09 19:48:32,贝斯
2022-11-09 19:49:30,吉他
2022-11-09 19:50:28,吉他
2022-11-09 19:51:26,吉他
2022-11-09 19:52:24,架子鼓
2022-11-09 19:53:22,吉他
2022-11-09 19:54:20,贝斯
2022-11-09 19:55:18,贝斯
2022-11-09 19:56:16,吉他
2022-11-09 19:57:14,架子鼓
2022-11-09 19:58:12,钢琴
2022-11-09 19:59:10,圆号
2022-11-09 20:00:08,钢琴
2022-11-09 20:01:06,钢琴
2022-11-09 20:02:04,萨克斯风
2022-11-09 20:03:02,萨克斯风
2022-11-09 20:04:00,萨克斯风
2022-11-09 20:04:58,钢琴
2022-11-09 20:05:56,贝斯
2022-11-09 20:06:54,吉他
2022-11-09 20:07:52,贝斯
2022-11-09 20:08:50,吉他
2022-11-09 20:09:48,小提琴
2022-11-09 20:10:46,小提琴
2022-11-09 20:11:44,钢琴
2022-11-09 20:12:42,钢琴
2022-11-09 20:13:40,钢琴
2022-11-09 20:14:38,架子鼓
2022-11-09 20:15:36,吉他
2022-11-09 20:16:34,小提琴
2022-11-09 20:17:32,钢琴
2022-11-09 20:18:30,贝斯
2022-11-09 20:19:28,钢琴
2022-11-09 20:20:26,吉他
2022-11-09 20:21:24,小提琴
2022-11-09 20:22:22,钢琴
2022-11-09 20:23:20,钢琴
2022-11-09 20:24:18,钢琴
2022-11-09 20:25:16,小提琴
2022-11-09 20:26:14,小提琴
2022-11-09 20:27:12,贝斯
2022-11-09 20:28:10,小提琴
2022-11-09 20:29:08,小提琴
2022-11-09 20:30:06,吉他
2022-11-09 20:31:04,吉他
2022-11-09 20:32:02,吉他
2022-11-09 20:33:00,竖琴
2022-11-09 20:33:58,钢琴
2022-11-09 20:34:56,贝斯
2022-11-09 20:35:54,钢琴
2022-11-09 20:36:52,贝斯
2022-11-09 20:37:50,钢琴
2022-11-09 20:38:48,架子鼓
2022-11-09 20:39:46,钢琴
2022-11-09 20:40:44,架子鼓
2022-11-09 20:41:42,竖琴
2022-11-09 20:42:40,钢琴
2022-11-09 20:43:38,钢琴
2022-11-09 20:44:36,吉他
2022-11-09 20:45:34,吉他
2022-11-09 20:46:32,钢琴
2022-11-09 20:47:30,贝斯
2022-11-09 20:48:28,贝斯
2022-11-09 20:49:26,钢琴
2022-11-09 20:50:24,贝斯
2022-11-09 20:51:22,贝斯
2022-11-09 20:52:20,小提琴
2022-11-09 20:53:18,钢琴
2022-11-09 20:54:16,架子鼓
2022-11-09 20:55:14,贝斯
2022-11-09 20:56:12,吉他
2022-11-09 20:57:10,贝斯
2022-11-09 20:58:08,贝斯
2022-11-09 20:59:06,架子鼓
2022-11-09 21:00:04,贝斯
2022-11-09 21:01:02,吉他
2022-11-09 21:02:00,贝斯
2022-11-09 21:02:58,小提琴
2022-11-09 21:03:56,吉他
2022-11-09 21:04:54,贝斯
2022-11-09 21:05:52,架子鼓
2022-11-09 21:06:50,贝斯
2022-11-09 21:07:48,贝斯
2022-11-09 21:08:46,钢琴
2022-11-09 21:09:44,吉他
2022-11-09 21:10:42,贝斯
2022-11-09 21:11:40,圆号
2022-11-09 21:12:38,钢琴
2022-11-09 21:13:36,吉他
2022-11-09 21:14:34,小提琴
2022-11-09 21:15:32,吉他
2022-11-09 21:16:30,小提琴
2022-11-09 21:17:28,吉他
2022-11-09 21:18:26,萨克斯风
2022-11-09 21:19:24,架子鼓
2022-11-09 21:20:22,吉他
2022-11-09 21:21:20,钢琴
2022-11-09 21:22:18,钢琴
2022-11-09 21:23:16,钢琴
2022-11-09 21:24:14,贝斯
2022-11-09 21:25:12,小提琴
2022-11-09 21:26:10,钢琴
2022-11-09 21:27:08,吉他
2022-11-09 21:28:06,钢琴
2022-11-09 21:29:04,萨克斯风
2022-11-09 21:30:02,钢琴
2022-11-09 21:31:00,萨克斯风
2022-11-09 21:31:58,架子鼓
2022-11-09 21:32:56,小提琴
2022-11-09 21:33:54,贝斯
2022-11-09 21:34:52,吉他
2022-11-09 21:35:50,钢琴
2022-11-09 21:36:48,钢琴
2022-11-09 21:37:46,钢琴
2022-11-09 21:38:44,小提琴
2022-11-09 21:39:42,竖琴
2022-11-09 21:40:40,贝斯
2022-11-09 21:41:38,钢琴
2022-11-09 21:42:36,竖琴
2022-11-09 21:43:34,小提琴
2022-11-09 21:44:32,钢琴
2022-11-09 21:45:30,贝斯
2022-11-09 21:46:28,吉他
2022-11-09 21:47:26,贝斯
2022-11-09 21:48:24,小提琴
2022-11-09 21:49:22,钢琴
2022-11-09 21:50:20,钢琴
2022-11-09 21:51:18,小提琴
2022-11-09 21:52:16,钢琴
2022-11-09 21:53:14,贝斯
2022-11-09 21:54:12,小提琴
2022-11-09 21:55:10,小提琴
2022-11-09 21:56:08,钢琴
2022-11-09 21:57:06,贝斯
2022-11-09 21:58:04,吉他
2022-11-09 21:59:02,吉他
2022-11-09 22:00:00,吉他
2022-11-09 22:00:58,萨克斯风
2022-11-09 22:01:56,钢琴
2022-11-09 22:02:54,钢琴
2022-11-09 22:03:52,吉他
2022-11-09 22:04:50,吉他
2022-11-09 22:05:48,钢琴
2022-11-09 22:06:46,贝斯
2022-11-09 22:07:44,钢琴
2022-11-09 22:08:42,小提琴
2022-11-09 22:09:40,小提琴
2022-11-09 22:10:38,架子鼓
2022-11-09 22:11:36,吉他
2022-11-09 22:12:34,吉他
2022-11-09 22:13:32,小提琴
2022-11-09 22:14:30,钢琴
2022-11-09 22:24:10,贝斯
2022-11-09 22:25:08,架子鼓
2022-11-09 22:26:06,钢琴
2022-11-09 22:27:04,吉他
2022-11-09 22:28:02,贝斯
2022-11-09 22:29:00,贝斯
2022-11-09 22:29:58,小提琴
2022-11-09 22:30:56,竖琴
2022-11-09 22:31:54,竖琴
2022-11-09 22:32:52,吉他
2022-11-09 22:33:50,吉他
2022-11-09 22:34:48,架子鼓
2022-11-09 22:35:46,小提琴
2022-11-09 22:36:44,吉他
2022-11-09 22:37:42,钢琴
2022-11-09 22:38:40,小提琴
2022-11-09 22:39:38,小提琴
2022-11-09 22:40:36,吉他
2022-11-09 22:41:34,吉他
2022-11-09 22:42:32,小提琴
2022-11-09 22:43:30,吉他
2022-11-09 22:44:28,钢琴
2022-11-09 22:45:26,吉他
2022-11-09 22:46:24,钢琴
2022-11-09 22:47:22,钢琴
2022-11-09 22:48:20,萨克斯风
2022-11-09 22:49:18,小提琴
2022-11-09 22:50:16,吉他
2022-11-09 22:51:14,吉他
2022-11-09 22:52:12,竖琴
2022-11-09 22:53:10,吉他
2022-11-09 22:54:08,钢琴
2022-11-09 22:55:06,钢琴
2022-11-09 22:56:04,钢琴
2022-11-09 22:57:02,吉他
2022-11-09 22:58:00,小提琴
2022-11-09 22:58:58,吉他
2022-11-09 22:59:56,小提琴
2022-11-09 23:00:54,架子鼓
2022-11-09 23:01:52,钢琴
2022-11-09 23:02:50,贝斯
2022-11-09 23:03:48,吉他
2022-11-09 23:04:46,吉他
2022-11-09 23:05:44,圆号
2022-11-09 23:06:42,小提琴
2022-11-09 23:07:40,钢琴
2022-11-09 23:08:38,竖琴
2022-11-09 23:09:36,吉他
2022-11-09 23:10:34,钢琴
2022-11-09 23:11:32,钢琴
2022-11-09 23:12:30,架子鼓
2022-11-09 23:13:28,贝斯
2022-11-09 23:14:26,小提琴
2022-11-09 23:15:24,竖琴
2022-11-09 23:16:22,小提琴
2022-11-09 23:17:20,钢琴
2022-11-09 23:18:18,吉他
2022-11-09 23:19:16,小提琴
2022-11-09 23:20:14,钢琴
2022-11-09 23:21:12,小提琴
2022-11-09 23:22:10,小提琴
2022-11-09 23:23:08,钢琴
2022-11-09 23:24:06,吉他
2022-11-09 23:25:04,吉他
2022-11-09 23:26:02,小提琴
2022-11-09 23:27:00,小提琴
2022-11-09 23:27:58,小提琴
2022-11-09 23:28:56,小提琴
2022-11-09 23:29:54,小提琴
2022-11-09 23:30:52,小提琴
2022-11-09 23:31:50,钢琴
2022-11-09 23:32:48,钢琴
2022-11-09 23:33:46,竖琴
2022-11-09 23:34:44,圆号
2022-11-09 23:35:42,贝斯
2022-11-09 23:36:40,吉他
2022-11-09 23:37:38,小提琴
2022-11-09 23:38:36,竖琴
2022-11-09 23:39:34,架子鼓
2022-11-09 23:40:32,萨克斯风
2022-11-09 23:41:30,钢琴
2022-11-09 23:42:28,钢琴
2022-11-09 23:43:26,小提琴
2022-11-09 23:44:24,吉他
2022-11-09 23:45:22,架子鼓
2022-11-09 23:46:20,小提琴
2022-11-09 23:47:18,吉他
2022-11-09 23:48:16,贝斯
2022-11-09 23:49:14,吉他
2022-11-09 23:50:12,竖琴
2022-11-09 23:51:10,吉他
2022-11-09 23:52:08,小提琴
2022-11-09 23:53:06,小提琴
2022-11-09 23:54:04,竖琴
2022-11-09 23:55:02,钢琴
2022-11-09 23:56:00,贝斯
2022-11-09 23:56:58,钢琴
2022-11-09 23:57:56,小提琴
2022-11-09 23:58:54,圆号
2022-11-09 23:59:52,钢琴