2022-12-04 18:19:14,小提琴
2022-12-04 18:20:12,钢琴
2022-12-04 18:21:10,钢琴
2022-12-04 18:22:08,钢琴
2022-12-04 18:23:06,架子鼓
2022-12-04 18:24:04,架子鼓
2022-12-04 18:25:02,钢琴
2022-12-04 18:26:00,贝斯
2022-12-04 18:26:58,吉他
2022-12-04 18:27:56,小提琴
2022-12-04 18:28:54,贝斯
2022-12-04 18:29:52,竖琴
2022-12-04 18:30:50,钢琴
2022-12-04 18:31:48,吉他
2022-12-04 18:32:46,萨克斯风
2022-12-04 18:33:44,贝斯
2022-12-04 18:34:42,钢琴
2022-12-04 18:35:40,架子鼓
2022-12-04 18:36:38,钢琴
2022-12-04 18:37:36,竖琴
2022-12-04 18:38:34,钢琴
2022-12-04 18:39:32,小提琴
2022-12-04 18:40:30,小提琴
2022-12-04 18:41:28,吉他
2022-12-04 18:42:26,钢琴
2022-12-04 18:43:24,架子鼓
2022-12-04 18:44:22,小提琴
2022-12-04 18:45:20,贝斯
2022-12-04 18:46:18,钢琴
2022-12-04 18:47:16,钢琴
2022-12-04 18:48:14,贝斯
2022-12-04 18:49:12,吉他
2022-12-04 18:50:10,小提琴
2022-12-04 18:51:08,贝斯
2022-12-04 18:52:06,钢琴
2022-12-04 18:53:04,钢琴
2022-12-04 18:54:02,小提琴
2022-12-04 18:55:00,吉他
2022-12-04 18:55:58,钢琴
2022-12-04 18:56:56,竖琴
2022-12-04 18:57:54,吉他
2022-12-04 18:58:52,竖琴
2022-12-04 18:59:50,吉他
2022-12-04 19:00:48,吉他
2022-12-04 19:01:46,钢琴
2022-12-04 19:02:44,贝斯
2022-12-04 19:03:42,吉他
2022-12-04 19:04:40,吉他
2022-12-04 19:05:38,架子鼓
2022-12-04 19:06:36,吉他
2022-12-04 19:07:34,圆号
2022-12-04 19:08:32,小提琴
2022-12-04 19:09:30,吉他
2022-12-04 19:10:28,竖琴
2022-12-04 19:11:26,贝斯
2022-12-04 19:12:24,小提琴
2022-12-04 19:13:22,竖琴
2022-12-04 19:14:20,小提琴
2022-12-04 19:15:18,小提琴
2022-12-04 19:16:16,钢琴
2022-12-04 19:17:14,贝斯
2022-12-04 19:18:12,小提琴
2022-12-04 19:19:10,竖琴
2022-12-04 19:20:08,吉他
2022-12-04 19:21:06,吉他
2022-12-04 19:22:04,架子鼓
2022-12-04 19:23:02,钢琴
2022-12-04 19:24:00,小提琴
2022-12-04 19:24:58,贝斯
2022-12-04 19:25:56,钢琴
2022-12-04 19:26:54,竖琴
2022-12-04 19:27:52,吉他
2022-12-04 19:28:50,钢琴
2022-12-04 19:29:48,竖琴
2022-12-04 19:30:46,吉他
2022-12-04 19:31:44,吉他
2022-12-04 19:32:42,贝斯
2022-12-04 19:33:40,小提琴
2022-12-04 19:34:38,贝斯
2022-12-04 19:35:36,架子鼓
2022-12-04 19:36:34,贝斯
2022-12-04 19:37:32,贝斯
2022-12-04 19:38:30,小提琴
2022-12-04 19:39:28,小提琴
2022-12-04 19:40:26,小提琴
2022-12-04 19:41:24,钢琴
2022-12-04 19:42:22,吉他
2022-12-04 19:43:20,贝斯
2022-12-04 19:44:18,钢琴
2022-12-04 19:45:16,吉他
2022-12-04 19:46:14,钢琴
2022-12-04 19:47:12,贝斯
2022-12-04 19:48:10,吉他
2022-12-04 19:49:08,贝斯
2022-12-04 19:50:06,小提琴
2022-12-04 19:51:04,钢琴
2022-12-04 19:52:02,竖琴
2022-12-04 19:53:00,贝斯
2022-12-04 19:53:58,架子鼓
2022-12-04 19:54:56,钢琴
2022-12-04 19:55:54,钢琴
2022-12-04 19:56:52,贝斯
2022-12-04 19:57:50,萨克斯风
2022-12-04 19:58:48,钢琴
2022-12-04 19:59:46,钢琴
2022-12-04 20:00:44,贝斯
2022-12-04 20:01:42,竖琴
2022-12-04 20:02:40,贝斯
2022-12-04 20:03:38,钢琴
2022-12-04 20:04:36,吉他
2022-12-04 20:05:34,架子鼓
2022-12-04 20:06:32,贝斯
2022-12-04 20:07:30,钢琴
2022-12-04 20:08:28,钢琴
2022-12-04 20:09:26,架子鼓
2022-12-04 20:10:24,圆号
2022-12-04 20:11:22,吉他
2022-12-04 20:12:20,小提琴
2022-12-04 20:13:18,贝斯
2022-12-04 20:14:16,钢琴
2022-12-04 20:15:14,小提琴
2022-12-04 20:16:12,贝斯
2022-12-04 20:17:10,萨克斯风
2022-12-04 20:18:08,钢琴
2022-12-04 20:19:06,小提琴
2022-12-04 20:20:04,小提琴
2022-12-04 20:21:02,钢琴
2022-12-04 20:22:00,架子鼓
2022-12-04 20:22:58,吉他
2022-12-04 20:23:56,吉他
2022-12-04 20:24:54,小提琴
2022-12-04 20:25:52,小提琴
2022-12-04 20:26:50,小提琴
2022-12-04 20:27:48,小提琴
2022-12-04 20:28:46,吉他
2022-12-04 20:29:44,架子鼓
2022-12-04 20:30:42,小提琴
2022-12-04 20:31:40,钢琴
2022-12-04 20:32:38,钢琴
2022-12-04 20:33:36,贝斯
2022-12-04 20:34:34,架子鼓
2022-12-04 20:35:32,钢琴
2022-12-04 20:36:30,贝斯
2022-12-04 20:37:28,贝斯
2022-12-04 20:38:26,钢琴
2022-12-04 20:39:24,小提琴
2022-12-04 20:40:22,吉他
2022-12-04 20:41:20,萨克斯风
2022-12-04 20:42:18,萨克斯风
2022-12-04 20:43:16,竖琴
2022-12-04 20:44:14,竖琴
2022-12-04 20:45:12,钢琴
2022-12-04 20:46:10,竖琴
2022-12-04 20:47:08,贝斯
2022-12-04 20:48:06,吉他
2022-12-04 20:49:04,吉他
2022-12-04 20:50:02,钢琴
2022-12-04 20:51:00,小提琴
2022-12-04 20:51:58,小提琴
2022-12-04 20:52:56,贝斯
2022-12-04 20:53:54,贝斯
2022-12-04 20:54:52,钢琴
2022-12-04 20:55:50,架子鼓
2022-12-04 20:56:48,钢琴
2022-12-04 20:57:46,吉他
2022-12-04 20:58:44,吉他
2022-12-04 20:59:42,吉他
2022-12-04 21:00:40,竖琴
2022-12-04 21:01:38,贝斯
2022-12-04 21:02:36,小提琴
2022-12-04 21:03:34,竖琴
2022-12-04 21:04:32,架子鼓
2022-12-04 21:05:30,小提琴
2022-12-04 21:06:28,贝斯
2022-12-04 21:07:26,小提琴
2022-12-04 21:08:24,吉他
2022-12-04 21:09:22,小提琴
2022-12-04 21:10:20,贝斯
2022-12-04 21:11:18,吉他
2022-12-04 21:12:16,小提琴
2022-12-04 21:13:14,钢琴
2022-12-04 21:14:12,钢琴
2022-12-04 21:15:10,贝斯
2022-12-04 21:16:08,萨克斯风
2022-12-04 21:17:06,贝斯
2022-12-04 21:18:04,吉他
2022-12-04 21:19:02,贝斯
2022-12-04 21:20:00,吉他
2022-12-04 21:20:58,钢琴
2022-12-04 21:21:56,小提琴
2022-12-04 21:22:54,贝斯
2022-12-04 21:23:52,小提琴
2022-12-04 21:24:50,竖琴
2022-12-04 21:25:48,小提琴
2022-12-04 21:26:46,钢琴
2022-12-04 21:27:44,钢琴
2022-12-04 21:28:42,吉他
2022-12-04 21:29:40,钢琴
2022-12-04 21:30:38,钢琴
2022-12-04 21:31:36,钢琴
2022-12-04 21:32:34,贝斯
2022-12-04 21:33:32,架子鼓
2022-12-04 21:34:30,贝斯
2022-12-04 21:35:28,吉他
2022-12-04 21:36:26,架子鼓
2022-12-04 21:37:24,萨克斯风
2022-12-04 21:38:22,小提琴
2022-12-04 21:39:20,萨克斯风
2022-12-04 21:40:18,小提琴
2022-12-04 21:41:16,吉他
2022-12-04 21:42:14,钢琴
2022-12-04 21:43:12,钢琴
2022-12-04 21:44:10,萨克斯风
2022-12-04 21:45:08,钢琴
2022-12-04 21:46:06,小提琴
2022-12-04 21:47:04,贝斯
2022-12-04 21:48:02,架子鼓
2022-12-04 21:49:00,小提琴
2022-12-04 21:49:58,贝斯
2022-12-04 21:50:56,钢琴
2022-12-04 21:51:54,小提琴
2022-12-04 21:52:52,贝斯
2022-12-04 21:53:50,小提琴
2022-12-04 21:54:48,贝斯
2022-12-04 21:55:46,架子鼓
2022-12-04 21:56:44,小提琴
2022-12-04 21:57:42,钢琴
2022-12-04 21:58:40,钢琴
2022-12-04 21:59:38,吉他
2022-12-04 22:00:36,架子鼓
2022-12-04 22:01:34,贝斯
2022-12-04 22:02:32,小提琴
2022-12-04 22:03:30,贝斯
2022-12-04 22:04:28,钢琴
2022-12-04 22:05:26,吉他
2022-12-04 22:06:24,钢琴
2022-12-04 22:07:22,钢琴
2022-12-04 22:08:20,架子鼓
2022-12-04 22:09:18,吉他
2022-12-04 22:10:16,小提琴
2022-12-04 22:11:14,架子鼓
2022-12-04 22:12:12,钢琴
2022-12-04 22:13:10,钢琴
2022-12-04 22:14:08,吉他
2022-12-04 22:15:06,竖琴
2022-12-04 22:16:04,吉他
2022-12-04 22:17:02,吉他
2022-12-04 22:18:00,贝斯
2022-12-04 22:18:58,小提琴
2022-12-04 22:19:56,小提琴
2022-12-04 22:20:54,吉他
2022-12-04 22:21:52,架子鼓
2022-12-04 22:22:50,小提琴
2022-12-04 22:23:48,吉他
2022-12-04 22:24:46,萨克斯风
2022-12-04 22:25:44,吉他
2022-12-04 22:26:42,钢琴
2022-12-04 22:27:40,钢琴
2022-12-04 22:28:38,贝斯
2022-12-04 22:29:36,贝斯
2022-12-04 22:30:34,钢琴
2022-12-04 22:31:32,钢琴
2022-12-04 22:32:30,小提琴
2022-12-04 22:33:28,贝斯
2022-12-04 22:34:26,架子鼓
2022-12-04 22:35:24,架子鼓
2022-12-04 22:36:22,吉他
2022-12-04 22:37:20,钢琴
2022-12-04 22:38:18,架子鼓
2022-12-04 22:39:16,吉他
2022-12-04 22:40:14,小提琴
2022-12-04 22:41:12,吉他
2022-12-04 22:42:10,萨克斯风
2022-12-04 22:43:08,架子鼓
2022-12-04 22:44:06,贝斯
2022-12-04 22:45:04,贝斯
2022-12-04 22:46:02,架子鼓
2022-12-04 22:47:00,竖琴
2022-12-04 22:47:58,小提琴
2022-12-04 22:48:56,架子鼓
2022-12-04 22:49:54,小提琴
2022-12-04 22:50:52,贝斯
2022-12-04 22:51:50,钢琴
2022-12-04 22:52:48,小提琴
2022-12-04 22:53:46,钢琴
2022-12-04 22:54:44,吉他
2022-12-04 22:55:42,吉他
2022-12-04 22:56:40,吉他
2022-12-04 22:57:38,钢琴
2022-12-04 22:58:36,小提琴
2022-12-04 22:59:34,小提琴
2022-12-04 23:00:32,贝斯
2022-12-04 23:01:30,吉他
2022-12-04 23:02:28,钢琴
2022-12-04 23:03:26,小提琴
2022-12-04 23:04:24,竖琴
2022-12-04 23:05:22,吉他
2022-12-04 23:06:20,小提琴
2022-12-04 23:07:18,钢琴
2022-12-04 23:08:16,钢琴
2022-12-04 23:09:14,吉他
2022-12-04 23:10:12,贝斯
2022-12-04 23:11:10,小提琴
2022-12-04 23:12:08,贝斯
2022-12-04 23:13:06,贝斯
2022-12-04 23:14:04,贝斯
2022-12-04 23:15:02,钢琴
2022-12-04 23:16:00,小提琴
2022-12-04 23:16:58,吉他
2022-12-04 23:17:56,小提琴
2022-12-04 23:18:54,小提琴
2022-12-04 23:19:52,小提琴
2022-12-04 23:20:50,钢琴
2022-12-04 23:21:48,钢琴
2022-12-04 23:22:46,小提琴
2022-12-04 23:23:44,架子鼓
2022-12-04 23:24:42,钢琴
2022-12-04 23:25:40,贝斯
2022-12-04 23:26:38,小提琴
2022-12-04 23:27:36,钢琴
2022-12-04 23:28:34,小提琴
2022-12-04 23:29:32,小提琴
2022-12-04 23:30:30,钢琴
2022-12-04 23:31:28,小提琴
2022-12-04 23:32:26,小提琴
2022-12-04 23:33:24,小提琴
2022-12-04 23:34:22,圆号
2022-12-04 23:35:20,吉他
2022-12-04 23:36:18,架子鼓
2022-12-04 23:37:16,钢琴
2022-12-04 23:38:14,小提琴
2022-12-04 23:39:12,萨克斯风
2022-12-04 23:40:10,竖琴
2022-12-04 23:41:08,贝斯
2022-12-04 23:42:06,架子鼓
2022-12-04 23:43:04,架子鼓
2022-12-04 23:44:02,贝斯
2022-12-04 23:45:00,贝斯
2022-12-04 23:45:58,吉他
2022-12-04 23:46:56,钢琴
2022-12-04 23:47:54,贝斯
2022-12-04 23:48:52,贝斯
2022-12-04 23:49:50,吉他
2022-12-04 23:50:48,吉他
2022-12-04 23:51:46,小提琴
2022-12-04 23:52:44,钢琴
2022-12-04 23:53:42,架子鼓
2022-12-04 23:54:40,小提琴
2022-12-04 23:55:38,钢琴
2022-12-04 23:56:36,架子鼓
2022-12-04 23:57:34,贝斯
2022-12-04 23:58:32,小提琴
2022-12-04 23:59:30,钢琴
2022-12-05 00:00:28,吉他
2022-12-05 00:01:26,萨克斯风
2022-12-05 00:02:24,小提琴
2022-12-05 00:03:22,贝斯
2022-12-05 00:04:20,贝斯
2022-12-05 00:05:18,小提琴
2022-12-05 00:06:16,吉他
2022-12-05 00:07:14,贝斯
2022-12-05 00:08:12,小提琴
2022-12-05 00:09:10,竖琴
2022-12-05 00:10:08,吉他
2022-12-05 00:11:06,小提琴
2022-12-05 00:12:04,吉他
2022-12-05 00:13:02,贝斯
2022-12-05 00:14:00,吉他
2022-12-05 00:14:58,贝斯
2022-12-05 00:15:56,贝斯
2022-12-05 00:16:54,贝斯
2022-12-05 00:17:52,架子鼓
2022-12-05 00:18:50,钢琴
2022-12-05 00:19:48,钢琴
2022-12-05 00:20:46,贝斯
2022-12-05 00:21:44,钢琴
2022-12-05 00:22:42,吉他
2022-12-05 00:23:40,钢琴
2022-12-05 00:24:38,吉他
2022-12-05 00:25:36,贝斯
2022-12-05 00:26:34,钢琴
2022-12-05 00:27:32,小提琴
2022-12-05 00:28:30,圆号
2022-12-05 00:29:28,小提琴
2022-12-05 00:30:26,吉他
2022-12-05 00:31:24,贝斯
2022-12-05 00:32:22,小提琴
2022-12-05 00:33:20,吉他
2022-12-05 00:34:18,小提琴
2022-12-05 00:35:16,架子鼓
2022-12-05 00:36:14,贝斯
2022-12-05 00:37:12,吉他
2022-12-05 00:38:10,吉他
2022-12-05 00:39:08,萨克斯风
2022-12-05 00:40:06,吉他
2022-12-05 00:41:04,小提琴
2022-12-05 00:42:02,小提琴
2022-12-05 00:43:00,贝斯
2022-12-05 00:43:58,贝斯
2022-12-05 00:44:56,钢琴
2022-12-05 00:45:54,贝斯
2022-12-05 00:46:52,吉他
2022-12-05 00:47:50,贝斯
2022-12-05 00:48:48,小提琴
2022-12-05 00:49:46,小提琴
2022-12-05 00:50:44,小提琴
2022-12-05 00:51:42,贝斯
2022-12-05 00:52:40,圆号
2022-12-05 00:53:38,钢琴
2022-12-05 00:54:36,小提琴
2022-12-05 00:55:34,钢琴
2022-12-05 00:56:32,贝斯
2022-12-05 00:57:30,贝斯
2022-12-05 00:58:28,吉他
2022-12-05 00:59:26,贝斯
2022-12-05 01:00:24,小提琴
2022-12-05 01:01:22,吉他
2022-12-05 01:02:20,贝斯
2022-12-05 01:03:18,萨克斯风
2022-12-05 01:04:16,架子鼓
2022-12-05 01:05:14,钢琴
2022-12-05 01:06:12,小提琴
2022-12-05 01:07:10,小提琴
2022-12-05 01:08:08,吉他
2022-12-05 01:09:06,贝斯
2022-12-05 01:10:04,架子鼓
2022-12-05 01:11:02,钢琴
2022-12-05 01:12:00,钢琴
2022-12-05 01:12:58,小提琴
2022-12-05 01:13:56,架子鼓
2022-12-05 01:14:54,贝斯
2022-12-05 01:15:52,钢琴
2022-12-05 01:16:50,钢琴
2022-12-05 01:17:48,贝斯
2022-12-05 01:18:46,小提琴
2022-12-05 01:19:44,吉他
2022-12-05 01:20:42,钢琴
2022-12-05 01:21:40,架子鼓
2022-12-05 01:22:38,钢琴
2022-12-05 01:23:36,贝斯
2022-12-05 01:24:34,萨克斯风
2022-12-05 01:25:32,贝斯
2022-12-05 01:26:30,吉他
2022-12-05 01:27:28,吉他
2022-12-05 01:28:26,贝斯
2022-12-05 01:29:24,吉他
2022-12-05 01:30:22,架子鼓
2022-12-05 01:31:20,吉他
2022-12-05 01:32:18,架子鼓
2022-12-05 01:33:16,吉他
2022-12-05 01:34:14,小提琴
2022-12-05 01:35:12,吉他
2022-12-05 01:36:10,架子鼓
2022-12-05 01:37:08,贝斯
2022-12-05 01:38:06,小提琴
2022-12-05 01:39:04,贝斯
2022-12-05 01:40:02,小提琴
2022-12-05 01:41:00,钢琴
2022-12-05 01:41:58,小提琴
2022-12-05 01:42:56,竖琴
2022-12-05 01:43:54,架子鼓
2022-12-05 01:44:52,小提琴
2022-12-05 01:45:50,钢琴
2022-12-05 01:46:48,贝斯
2022-12-05 01:47:46,钢琴
2022-12-05 01:48:44,贝斯
2022-12-05 01:49:42,吉他
2022-12-05 01:50:40,贝斯
2022-12-05 01:51:38,钢琴
2022-12-05 01:52:36,小提琴
2022-12-05 01:53:34,贝斯
2022-12-05 01:54:32,圆号
2022-12-05 01:55:30,钢琴
2022-12-05 01:56:28,小提琴
2022-12-05 01:57:26,贝斯
2022-12-05 01:58:24,吉他
2022-12-05 01:59:22,吉他
2022-12-05 02:00:20,贝斯
2022-12-05 02:01:18,贝斯
2022-12-05 02:02:16,吉他
2022-12-05 02:03:14,小提琴
2022-12-05 02:04:12,钢琴
2022-12-05 02:05:10,吉他
2022-12-05 02:06:08,架子鼓
2022-12-05 02:07:06,钢琴
2022-12-05 02:08:04,架子鼓
2022-12-05 02:09:02,圆号
2022-12-05 02:10:00,萨克斯风
2022-12-05 02:10:58,钢琴
2022-12-05 02:11:56,小提琴
2022-12-05 02:12:54,架子鼓
2022-12-05 02:13:52,小提琴
2022-12-05 02:14:50,贝斯
2022-12-05 02:15:48,吉他
2022-12-05 02:16:46,吉他
2022-12-05 02:17:44,贝斯
2022-12-05 02:18:42,贝斯
2022-12-05 02:19:40,贝斯
2022-12-05 02:20:38,吉他
2022-12-05 02:21:36,竖琴
2022-12-05 02:22:34,贝斯
2022-12-05 02:23:32,萨克斯风
2022-12-05 02:24:30,贝斯
2022-12-05 02:25:28,钢琴
2022-12-05 02:26:26,钢琴
2022-12-05 02:27:24,小提琴
2022-12-05 02:28:22,竖琴
2022-12-05 02:29:20,钢琴
2022-12-05 02:30:18,钢琴
2022-12-05 02:31:16,吉他
2022-12-05 02:32:14,贝斯
2022-12-05 02:33:12,萨克斯风
2022-12-05 02:34:10,贝斯
2022-12-05 02:35:08,小提琴
2022-12-05 02:36:06,贝斯
2022-12-05 02:37:04,钢琴
2022-12-05 02:38:02,贝斯
2022-12-05 02:39:00,贝斯
2022-12-05 02:39:58,贝斯
2022-12-05 02:40:56,小提琴
2022-12-05 02:41:54,架子鼓
2022-12-05 02:42:52,钢琴
2022-12-05 02:43:50,小提琴
2022-12-05 02:44:48,贝斯
2022-12-05 02:45:46,贝斯
2022-12-05 02:46:44,吉他
2022-12-05 02:47:42,吉他
2022-12-05 02:48:40,小提琴
2022-12-05 02:49:38,小提琴
2022-12-05 02:50:36,钢琴
2022-12-05 02:51:34,吉他
2022-12-05 02:52:32,架子鼓
2022-12-05 02:53:30,钢琴
2022-12-05 02:54:28,钢琴
2022-12-05 02:55:26,贝斯
2022-12-05 02:56:24,小提琴
2022-12-05 02:57:22,小提琴
2022-12-05 02:58:20,小提琴
2022-12-05 02:59:18,钢琴
2022-12-05 03:00:16,贝斯
2022-12-05 03:01:14,竖琴
2022-12-05 03:02:12,圆号
2022-12-05 03:03:10,钢琴
2022-12-05 03:04:08,吉他
2022-12-05 03:05:06,钢琴
2022-12-05 03:06:04,钢琴
2022-12-05 03:07:02,钢琴
2022-12-05 03:08:00,钢琴
2022-12-05 03:08:58,架子鼓
2022-12-05 03:09:56,吉他
2022-12-05 03:10:54,竖琴
2022-12-05 03:11:52,小提琴
2022-12-05 03:12:50,吉他
2022-12-05 03:13:48,吉他
2022-12-05 03:14:46,吉他
2022-12-05 03:15:44,贝斯
2022-12-05 03:16:42,小提琴
2022-12-05 03:17:40,贝斯
2022-12-05 03:18:38,吉他
2022-12-05 03:19:36,小提琴
2022-12-05 03:20:34,小提琴
2022-12-05 03:21:32,架子鼓
2022-12-05 03:22:30,小提琴
2022-12-05 03:23:28,小提琴
2022-12-05 03:24:26,架子鼓
2022-12-05 03:25:24,吉他
2022-12-05 03:26:22,贝斯
2022-12-05 03:27:20,钢琴
2022-12-05 03:28:18,吉他
2022-12-05 03:29:16,吉他
2022-12-05 03:30:14,贝斯
2022-12-05 03:31:12,贝斯
2022-12-05 03:32:10,钢琴
2022-12-05 03:33:08,吉他
2022-12-05 03:34:06,贝斯
2022-12-05 03:35:04,钢琴
2022-12-05 03:36:02,贝斯
2022-12-05 03:37:00,萨克斯风
2022-12-05 03:37:58,钢琴
2022-12-05 03:38:56,小提琴
2022-12-05 03:39:54,吉他
2022-12-05 03:40:52,竖琴
2022-12-05 03:41:50,吉他
2022-12-05 03:42:48,架子鼓
2022-12-05 03:43:46,钢琴
2022-12-05 03:44:44,钢琴
2022-12-05 03:45:42,吉他
2022-12-05 03:46:40,吉他
2022-12-05 03:47:38,架子鼓
2022-12-05 03:48:36,小提琴
2022-12-05 03:49:34,小提琴
2022-12-05 03:50:32,钢琴
2022-12-05 03:51:30,钢琴
2022-12-05 03:52:28,钢琴
2022-12-05 03:53:26,钢琴
2022-12-05 03:54:24,小提琴
2022-12-05 03:55:22,钢琴
2022-12-05 03:56:20,架子鼓
2022-12-05 03:57:18,吉他
2022-12-05 03:58:16,吉他
2022-12-05 03:59:14,架子鼓
2022-12-05 04:00:12,钢琴
2022-12-05 04:01:10,小提琴
2022-12-05 04:02:08,竖琴
2022-12-05 04:03:06,小提琴
2022-12-05 04:04:04,架子鼓
2022-12-05 04:05:02,贝斯
2022-12-05 04:06:00,贝斯
2022-12-05 04:06:58,贝斯
2022-12-05 04:07:56,小提琴
2022-12-05 04:08:54,吉他
2022-12-05 04:09:52,贝斯
2022-12-05 04:10:50,钢琴
2022-12-05 04:11:48,小提琴
2022-12-05 04:12:46,吉他
2022-12-05 04:13:44,竖琴
2022-12-05 04:14:42,钢琴
2022-12-05 04:15:40,小提琴
2022-12-05 04:16:38,小提琴
2022-12-05 04:17:36,吉他
2022-12-05 04:18:34,贝斯
2022-12-05 04:19:32,小提琴
2022-12-05 04:20:30,小提琴
2022-12-05 04:21:28,架子鼓
2022-12-05 04:22:26,贝斯
2022-12-05 04:23:24,架子鼓
2022-12-05 04:24:22,架子鼓
2022-12-05 04:25:20,吉他
2022-12-05 04:26:18,架子鼓
2022-12-05 04:27:16,小提琴
2022-12-05 04:28:14,吉他
2022-12-05 04:29:12,贝斯
2022-12-05 04:30:10,钢琴
2022-12-05 04:31:08,钢琴
2022-12-05 04:32:06,架子鼓
2022-12-05 04:33:04,吉他
2022-12-05 04:34:02,吉他
2022-12-05 04:35:00,钢琴
2022-12-05 04:35:58,竖琴
2022-12-05 04:36:56,竖琴
2022-12-05 04:37:54,架子鼓
2022-12-05 04:38:52,吉他
2022-12-05 04:39:50,吉他
2022-12-05 04:40:48,钢琴
2022-12-05 04:41:46,小提琴
2022-12-05 04:42:44,贝斯
2022-12-05 04:43:42,吉他
2022-12-05 04:44:40,架子鼓
2022-12-05 04:45:38,吉他
2022-12-05 04:46:36,吉他
2022-12-05 04:47:34,圆号
2022-12-05 04:48:32,吉他
2022-12-05 04:49:30,小提琴
2022-12-05 04:50:28,架子鼓
2022-12-05 04:51:26,贝斯
2022-12-05 04:52:24,小提琴
2022-12-05 04:53:22,圆号
2022-12-05 04:54:20,架子鼓
2022-12-05 04:55:18,小提琴
2022-12-05 04:56:16,钢琴
2022-12-05 04:57:14,钢琴
2022-12-05 04:58:12,贝斯
2022-12-05 04:59:10,小提琴
2022-12-05 05:00:08,钢琴
2022-12-05 05:01:06,架子鼓
2022-12-05 05:02:04,吉他
2022-12-05 05:03:02,小提琴
2022-12-05 05:04:00,贝斯
2022-12-05 05:04:58,架子鼓
2022-12-05 05:05:56,贝斯
2022-12-05 05:06:54,小提琴
2022-12-05 05:07:52,贝斯
2022-12-05 05:08:50,小提琴
2022-12-05 05:09:48,钢琴
2022-12-05 05:10:46,小提琴
2022-12-05 05:11:44,萨克斯风
2022-12-05 05:12:42,钢琴
2022-12-05 05:13:40,贝斯
2022-12-05 05:14:38,架子鼓
2022-12-05 05:15:36,小提琴
2022-12-05 05:16:34,小提琴
2022-12-05 05:17:32,钢琴
2022-12-05 05:18:30,萨克斯风
2022-12-05 05:19:28,吉他
2022-12-05 05:20:26,吉他
2022-12-05 05:21:24,架子鼓
2022-12-05 05:22:22,小提琴
2022-12-05 05:23:20,钢琴
2022-12-05 05:24:18,架子鼓
2022-12-05 05:25:16,吉他
2022-12-05 05:26:14,贝斯
2022-12-05 05:27:12,吉他
2022-12-05 05:28:10,吉他
2022-12-05 05:29:08,架子鼓
2022-12-05 05:30:06,吉他
2022-12-05 05:31:04,小提琴
2022-12-05 05:32:02,架子鼓
2022-12-05 05:33:00,小提琴
2022-12-05 05:33:58,钢琴
2022-12-05 05:34:56,竖琴
2022-12-05 05:35:54,小提琴
2022-12-05 05:36:52,钢琴
2022-12-05 05:37:50,贝斯
2022-12-05 05:38:48,吉他
2022-12-05 05:39:46,贝斯
2022-12-05 05:40:44,小提琴
2022-12-05 05:41:42,小提琴
2022-12-05 05:42:40,圆号
2022-12-05 05:43:38,架子鼓
2022-12-05 05:44:36,吉他
2022-12-05 05:45:34,钢琴
2022-12-05 05:46:32,钢琴
2022-12-05 05:47:30,钢琴
2022-12-05 05:48:28,吉他
2022-12-05 05:49:26,贝斯
2022-12-05 05:50:24,贝斯
2022-12-05 05:51:22,小提琴
2022-12-05 05:52:20,贝斯
2022-12-05 05:53:18,贝斯
2022-12-05 05:54:16,贝斯
2022-12-05 05:55:14,吉他
2022-12-05 05:56:12,架子鼓
2022-12-05 05:57:10,吉他
2022-12-05 05:58:08,钢琴
2022-12-05 05:59:06,贝斯
2022-12-05 06:00:04,圆号
2022-12-05 06:01:02,架子鼓
2022-12-05 06:02:00,架子鼓
2022-12-05 06:02:58,钢琴
2022-12-05 06:03:56,小提琴
2022-12-05 06:04:54,架子鼓
2022-12-05 06:05:52,吉他
2022-12-05 06:06:50,吉他
2022-12-05 06:07:48,吉他
2022-12-05 06:08:46,架子鼓
2022-12-05 06:09:44,贝斯
2022-12-05 06:10:42,贝斯
2022-12-05 06:11:40,吉他
2022-12-05 06:12:38,小提琴
2022-12-05 06:13:36,吉他
2022-12-05 06:14:34,钢琴
2022-12-05 06:15:32,钢琴
2022-12-05 06:16:30,架子鼓
2022-12-05 06:17:28,钢琴
2022-12-05 06:18:26,架子鼓
2022-12-05 06:19:24,吉他
2022-12-05 06:20:22,吉他
2022-12-05 06:21:20,贝斯
2022-12-05 06:22:18,吉他
2022-12-05 06:23:16,小提琴
2022-12-05 06:24:14,小提琴
2022-12-05 06:25:12,贝斯
2022-12-05 06:26:10,钢琴
2022-12-05 06:27:08,小提琴
2022-12-05 06:28:06,圆号
2022-12-05 06:29:04,萨克斯风
2022-12-05 06:30:02,贝斯
2022-12-05 06:31:00,小提琴
2022-12-05 06:31:58,吉他
2022-12-05 06:32:56,吉他
2022-12-05 06:33:54,贝斯
2022-12-05 06:34:52,贝斯
2022-12-05 06:35:50,吉他
2022-12-05 06:36:48,贝斯
2022-12-05 06:37:46,小提琴
2022-12-05 06:38:44,钢琴
2022-12-05 06:39:42,钢琴
2022-12-05 06:40:40,贝斯
2022-12-05 06:41:38,小提琴
2022-12-05 06:42:36,贝斯
2022-12-05 06:43:34,小提琴
2022-12-05 06:44:32,钢琴
2022-12-05 06:45:30,架子鼓
2022-12-05 06:46:28,小提琴
2022-12-05 06:47:26,吉他
2022-12-05 06:48:24,小提琴
2022-12-05 06:49:22,贝斯
2022-12-05 06:50:20,小提琴
2022-12-05 06:51:18,吉他
2022-12-05 06:52:16,贝斯
2022-12-05 06:53:14,贝斯
2022-12-05 06:54:12,贝斯
2022-12-05 06:55:10,钢琴
2022-12-05 06:56:08,钢琴
2022-12-05 06:57:06,竖琴
2022-12-05 06:58:04,竖琴
2022-12-05 06:59:02,吉他
2022-12-05 07:00:00,钢琴
2022-12-05 07:00:58,萨克斯风
2022-12-05 07:01:56,贝斯
2022-12-05 07:02:54,萨克斯风
2022-12-05 07:03:52,吉他
2022-12-05 07:04:50,贝斯
2022-12-05 07:05:48,钢琴
2022-12-05 07:06:46,钢琴
2022-12-05 07:07:44,架子鼓
2022-12-05 07:08:42,贝斯
2022-12-05 07:09:40,圆号
2022-12-05 07:10:38,吉他
2022-12-05 07:11:36,贝斯
2022-12-05 07:12:34,小提琴
2022-12-05 07:13:32,小提琴
2022-12-05 07:14:30,贝斯
2022-12-05 07:15:28,小提琴
2022-12-05 07:16:26,小提琴
2022-12-05 07:17:24,钢琴
2022-12-05 07:18:22,贝斯
2022-12-05 07:19:20,贝斯
2022-12-05 07:20:18,钢琴
2022-12-05 07:21:16,钢琴
2022-12-05 07:22:14,竖琴
2022-12-05 07:23:12,贝斯
2022-12-05 07:24:10,吉他
2022-12-05 07:25:08,贝斯
2022-12-05 07:26:06,钢琴
2022-12-05 07:27:04,架子鼓
2022-12-05 07:28:02,钢琴
2022-12-05 07:29:00,钢琴
2022-12-05 07:29:58,吉他
2022-12-05 07:30:56,贝斯
2022-12-05 07:31:54,吉他
2022-12-05 07:32:52,吉他
2022-12-05 07:33:50,吉他
2022-12-05 07:34:48,钢琴
2022-12-05 07:35:46,萨克斯风
2022-12-05 07:36:44,圆号
2022-12-05 07:37:42,钢琴
2022-12-05 07:38:40,吉他
2022-12-05 07:39:38,钢琴
2022-12-05 07:40:36,钢琴
2022-12-05 07:41:34,贝斯
2022-12-05 07:42:32,小提琴
2022-12-05 07:43:30,钢琴
2022-12-05 07:44:28,钢琴
2022-12-05 07:45:26,小提琴
2022-12-05 07:46:24,小提琴
2022-12-05 07:47:22,萨克斯风
2022-12-05 07:48:20,贝斯
2022-12-05 07:49:18,钢琴
2022-12-05 07:50:16,吉他
2022-12-05 07:51:14,吉他
2022-12-05 07:52:12,贝斯
2022-12-05 07:53:10,圆号
2022-12-05 07:54:08,钢琴
2022-12-05 07:55:06,吉他
2022-12-05 07:56:04,钢琴
2022-12-05 07:57:02,贝斯
2022-12-05 07:58:00,贝斯
2022-12-05 07:58:58,贝斯
2022-12-05 07:59:56,吉他
2022-12-05 08:00:54,吉他
2022-12-05 08:01:52,钢琴
2022-12-05 08:02:50,小提琴
2022-12-05 08:03:48,钢琴
2022-12-05 08:04:46,钢琴
2022-12-05 08:05:44,竖琴
2022-12-05 08:06:42,钢琴
2022-12-05 08:07:40,钢琴
2022-12-05 08:08:38,吉他
2022-12-05 08:09:36,架子鼓
2022-12-05 08:10:34,贝斯
2022-12-05 08:11:32,钢琴
2022-12-05 08:12:30,钢琴
2022-12-05 08:13:28,贝斯
2022-12-05 08:14:26,贝斯
2022-12-05 08:15:24,钢琴
2022-12-05 08:16:22,小提琴
2022-12-05 08:17:20,钢琴
2022-12-05 08:18:18,吉他
2022-12-05 08:19:16,小提琴
2022-12-05 08:20:14,贝斯
2022-12-05 08:21:12,圆号
2022-12-05 08:22:10,贝斯
2022-12-05 08:23:08,架子鼓
2022-12-05 08:24:06,贝斯
2022-12-05 08:25:04,钢琴
2022-12-05 08:26:02,贝斯
2022-12-05 08:27:00,钢琴
2022-12-05 08:27:58,贝斯
2022-12-05 08:28:56,钢琴
2022-12-05 08:29:54,贝斯
2022-12-05 08:30:52,钢琴
2022-12-05 08:31:50,贝斯
2022-12-05 08:32:48,吉他
2022-12-05 08:33:46,贝斯
2022-12-05 08:34:44,架子鼓
2022-12-05 08:35:42,钢琴
2022-12-05 08:36:40,小提琴
2022-12-05 08:37:38,小提琴
2022-12-05 08:38:36,贝斯
2022-12-05 08:39:34,吉他
2022-12-05 08:40:32,贝斯
2022-12-05 08:41:30,贝斯
2022-12-05 08:42:28,贝斯
2022-12-05 08:43:26,贝斯
2022-12-05 08:44:24,小提琴
2022-12-05 08:45:22,小提琴
2022-12-05 08:46:20,架子鼓
2022-12-05 08:47:18,吉他
2022-12-05 08:48:16,小提琴
2022-12-05 08:49:14,架子鼓
2022-12-05 08:50:12,吉他
2022-12-05 08:51:10,吉他
2022-12-05 08:52:08,吉他
2022-12-05 08:53:06,贝斯
2022-12-05 08:54:04,钢琴
2022-12-05 08:55:02,吉他
2022-12-05 08:56:00,圆号
2022-12-05 08:56:58,钢琴
2022-12-05 08:57:56,贝斯
2022-12-05 08:58:54,吉他
2022-12-05 08:59:52,贝斯
2022-12-05 09:00:50,钢琴
2022-12-05 09:01:48,圆号
2022-12-05 09:02:46,钢琴
2022-12-05 09:03:44,吉他
2022-12-05 09:04:42,钢琴
2022-12-05 09:05:40,小提琴
2022-12-05 09:06:38,圆号
2022-12-05 09:07:36,钢琴
2022-12-05 09:08:34,吉他
2022-12-05 09:09:32,贝斯
2022-12-05 09:10:30,小提琴
2022-12-05 09:11:28,贝斯
2022-12-05 09:12:26,小提琴
2022-12-05 09:13:24,架子鼓
2022-12-05 09:14:22,钢琴
2022-12-05 09:15:20,贝斯
2022-12-05 09:16:18,小提琴
2022-12-05 09:17:16,架子鼓
2022-12-05 09:18:14,小提琴
2022-12-05 09:19:12,小提琴
2022-12-05 09:20:10,贝斯
2022-12-05 09:21:08,小提琴
2022-12-05 09:22:06,小提琴
2022-12-05 09:23:04,钢琴
2022-12-05 09:24:02,小提琴
2022-12-05 09:25:00,小提琴
2022-12-05 09:25:58,小提琴
2022-12-05 09:26:56,钢琴
2022-12-05 09:27:54,架子鼓
2022-12-05 09:28:52,贝斯
2022-12-05 09:29:50,架子鼓
2022-12-05 09:30:48,钢琴
2022-12-05 09:31:46,小提琴
2022-12-05 09:32:44,小提琴
2022-12-05 09:33:42,小提琴
2022-12-05 09:34:40,萨克斯风
2022-12-05 09:35:38,吉他
2022-12-05 09:36:36,小提琴
2022-12-05 09:37:34,钢琴
2022-12-05 09:38:32,贝斯
2022-12-05 09:39:30,圆号
2022-12-05 09:40:28,贝斯
2022-12-05 09:41:26,圆号
2022-12-05 09:42:24,钢琴
2022-12-05 09:43:22,钢琴
2022-12-05 09:44:20,吉他
2022-12-05 09:45:18,小提琴
2022-12-05 09:46:16,竖琴
2022-12-05 09:47:14,贝斯
2022-12-05 09:48:12,小提琴
2022-12-05 09:49:10,钢琴
2022-12-05 09:50:08,圆号
2022-12-05 09:51:06,钢琴
2022-12-05 09:52:04,吉他
2022-12-05 09:53:02,吉他
2022-12-05 09:54:00,小提琴
2022-12-05 09:54:58,吉他
2022-12-05 09:55:56,钢琴
2022-12-05 09:56:54,小提琴
2022-12-05 09:57:52,钢琴
2022-12-05 09:58:50,小提琴
2022-12-05 09:59:48,贝斯
2022-12-05 10:00:46,小提琴
2022-12-05 10:01:44,小提琴
2022-12-05 10:02:42,吉他
2022-12-05 10:03:40,萨克斯风
2022-12-05 10:04:38,钢琴
2022-12-05 10:05:36,贝斯
2022-12-05 10:06:34,钢琴
2022-12-05 10:07:32,小提琴
2022-12-05 10:08:30,小提琴
2022-12-05 10:09:28,钢琴
2022-12-05 10:10:26,小提琴
2022-12-05 10:11:24,钢琴
2022-12-05 10:12:22,吉他
2022-12-05 10:13:20,小提琴
2022-12-05 10:14:18,小提琴
2022-12-05 10:15:16,钢琴
2022-12-05 10:16:14,吉他
2022-12-05 10:17:12,小提琴
2022-12-05 10:18:10,架子鼓
2022-12-05 10:19:08,钢琴
2022-12-05 10:20:06,小提琴
2022-12-05 10:21:04,钢琴
2022-12-05 10:22:02,小提琴
2022-12-05 10:23:00,小提琴
2022-12-05 10:23:58,竖琴
2022-12-05 10:24:56,小提琴
2022-12-05 10:25:54,钢琴
2022-12-05 10:26:52,钢琴
2022-12-05 10:27:50,小提琴
2022-12-05 10:28:48,贝斯
2022-12-05 10:29:46,竖琴
2022-12-05 10:30:44,架子鼓
2022-12-05 10:31:42,萨克斯风
2022-12-05 10:32:40,架子鼓
2022-12-05 10:33:38,吉他
2022-12-05 10:34:36,贝斯
2022-12-05 10:35:34,架子鼓
2022-12-05 10:36:32,贝斯
2022-12-05 10:37:30,贝斯
2022-12-05 10:38:28,钢琴
2022-12-05 10:39:26,贝斯
2022-12-05 10:40:24,贝斯
2022-12-05 10:41:22,钢琴
2022-12-05 10:42:20,小提琴
