2022-12-01 21:54:46,小提琴
2022-12-01 21:55:44,钢琴
2022-12-01 21:56:42,吉他
2022-12-01 21:57:40,贝斯
2022-12-01 21:58:38,吉他
2022-12-01 21:59:36,钢琴
2022-12-01 22:00:34,竖琴
2022-12-01 22:01:32,竖琴
2022-12-01 22:02:30,小提琴
2022-12-01 22:03:28,小提琴
2022-12-01 22:04:26,钢琴
2022-12-01 22:05:24,贝斯
2022-12-01 22:06:22,圆号
2022-12-01 22:07:20,竖琴
2022-12-01 22:08:18,吉他
2022-12-01 22:09:16,吉他
2022-12-01 22:10:14,架子鼓
2022-12-01 22:11:12,吉他
2022-12-01 22:12:10,钢琴
2022-12-01 22:13:08,贝斯
2022-12-01 22:14:06,钢琴
2022-12-01 22:15:04,贝斯
2022-12-01 22:16:02,架子鼓
2022-12-01 22:17:00,小提琴
2022-12-01 22:17:58,吉他
2022-12-01 22:18:56,吉他
2022-12-01 22:19:54,圆号
2022-12-01 22:20:52,吉他
2022-12-01 22:21:50,架子鼓
2022-12-01 22:22:48,小提琴
2022-12-01 22:23:46,钢琴
2022-12-01 22:24:44,吉他
2022-12-01 22:25:42,小提琴
2022-12-01 22:26:40,贝斯
2022-12-01 22:27:38,贝斯
2022-12-01 22:28:36,吉他
2022-12-01 22:29:34,吉他
2022-12-01 22:30:32,贝斯
2022-12-01 22:31:30,萨克斯风
2022-12-01 22:32:28,钢琴
2022-12-01 22:33:26,竖琴
2022-12-01 22:34:24,小提琴
2022-12-01 22:35:22,钢琴
2022-12-01 22:36:20,小提琴
2022-12-01 22:37:18,吉他
2022-12-01 22:38:16,架子鼓
2022-12-01 22:39:14,萨克斯风
2022-12-01 22:40:12,小提琴
2022-12-01 22:41:10,小提琴
2022-12-01 22:42:08,贝斯
2022-12-01 22:43:06,吉他
2022-12-01 22:44:04,贝斯
2022-12-01 22:45:02,钢琴
2022-12-01 22:46:00,小提琴
2022-12-01 22:46:58,钢琴
2022-12-01 22:47:56,小提琴
2022-12-01 22:48:54,萨克斯风
2022-12-01 22:49:52,小提琴
2022-12-01 22:50:50,小提琴
2022-12-01 22:51:48,小提琴
2022-12-01 22:53:44,竖琴
2022-12-01 22:54:42,萨克斯风
2022-12-01 22:55:40,贝斯
2022-12-01 22:56:38,钢琴
2022-12-01 22:57:36,吉他
2022-12-01 22:58:34,吉他
2022-12-01 22:59:32,钢琴
2022-12-01 23:00:30,小提琴
2022-12-01 23:01:28,萨克斯风
2022-12-01 23:02:26,小提琴
2022-12-01 23:03:24,钢琴
2022-12-01 23:04:22,架子鼓
2022-12-01 23:05:20,钢琴
2022-12-01 23:06:18,贝斯
2022-12-01 23:07:16,架子鼓
2022-12-01 23:08:14,钢琴
2022-12-01 23:09:12,萨克斯风
2022-12-01 23:10:10,贝斯
2022-12-01 23:11:08,小提琴
2022-12-01 23:12:06,吉他
2022-12-01 23:13:04,小提琴
2022-12-01 23:14:02,小提琴
2022-12-01 23:15:00,贝斯
2022-12-01 23:15:58,小提琴
2022-12-01 23:16:56,小提琴
2022-12-01 23:17:54,小提琴
2022-12-01 23:18:52,架子鼓
2022-12-01 23:19:50,贝斯
2022-12-01 23:20:48,小提琴
2022-12-01 23:21:46,钢琴
2022-12-01 23:22:44,钢琴
2022-12-01 23:23:42,圆号
2022-12-01 23:24:40,架子鼓
2022-12-01 23:25:38,贝斯
2022-12-01 23:26:36,架子鼓
2022-12-01 23:27:34,小提琴
2022-12-01 23:28:32,架子鼓
2022-12-01 23:29:30,架子鼓
2022-12-01 23:30:28,钢琴
2022-12-01 23:31:26,小提琴
2022-12-01 23:32:24,竖琴
2022-12-01 23:33:22,钢琴
2022-12-01 23:34:20,钢琴
2022-12-01 23:35:18,钢琴
2022-12-01 23:36:16,小提琴
2022-12-01 23:37:14,架子鼓
2022-12-01 23:38:12,吉他
2022-12-01 23:39:10,小提琴
2022-12-01 23:40:08,架子鼓
2022-12-01 23:41:06,小提琴
2022-12-01 23:42:04,架子鼓
2022-12-01 23:43:02,吉他
2022-12-01 23:44:00,钢琴
2022-12-01 23:44:58,贝斯
2022-12-01 23:45:56,吉他
2022-12-01 23:46:54,小提琴
2022-12-01 23:47:52,小提琴
2022-12-01 23:48:50,架子鼓
2022-12-01 23:49:48,小提琴
2022-12-01 23:50:46,吉他
2022-12-01 23:51:44,吉他
2022-12-01 23:52:42,架子鼓
2022-12-01 23:53:40,吉他
2022-12-01 23:54:38,贝斯
2022-12-01 23:55:36,小提琴
2022-12-01 23:56:34,吉他
2022-12-01 23:57:32,小提琴
2022-12-01 23:58:30,吉他
2022-12-01 23:59:28,吉他
2022-12-02 00:01:24,小提琴
2022-12-02 00:02:22,小提琴
2022-12-02 00:03:20,贝斯
2022-12-02 00:04:18,贝斯
2022-12-02 00:05:16,贝斯
2022-12-02 00:06:14,小提琴
2022-12-02 00:07:12,架子鼓
2022-12-02 00:08:10,钢琴
2022-12-02 00:09:08,贝斯
2022-12-02 00:10:06,贝斯
2022-12-02 00:11:04,架子鼓
2022-12-02 00:12:02,小提琴
2022-12-02 00:13:00,小提琴
2022-12-02 00:13:58,小提琴
2022-12-02 00:14:56,吉他
2022-12-02 00:15:54,钢琴
2022-12-02 00:16:52,钢琴
2022-12-02 00:17:50,贝斯
2022-12-02 00:18:48,架子鼓
2022-12-02 00:19:46,吉他
2022-12-02 00:20:44,贝斯
2022-12-02 00:21:42,贝斯
2022-12-02 00:22:40,小提琴
2022-12-02 00:23:38,小提琴
2022-12-02 00:24:36,贝斯
2022-12-02 00:25:34,贝斯
2022-12-02 00:26:32,架子鼓
2022-12-02 00:27:30,吉他
2022-12-02 00:28:28,贝斯
2022-12-02 00:29:26,贝斯
2022-12-02 00:30:24,圆号
2022-12-02 00:31:22,贝斯
2022-12-02 00:32:20,钢琴
2022-12-02 00:33:18,架子鼓
2022-12-02 00:34:16,萨克斯风
2022-12-02 00:35:14,萨克斯风
2022-12-02 00:36:12,贝斯
2022-12-02 00:37:10,架子鼓
2022-12-02 00:38:08,钢琴
2022-12-02 00:39:06,贝斯
2022-12-02 00:40:04,贝斯
2022-12-02 00:41:02,吉他
2022-12-02 00:42:00,小提琴
2022-12-02 00:42:58,贝斯
2022-12-02 00:43:56,小提琴
2022-12-02 00:44:54,小提琴
2022-12-02 00:45:52,小提琴
2022-12-02 00:46:50,钢琴
2022-12-02 00:47:48,钢琴
2022-12-02 00:48:46,钢琴
2022-12-02 00:49:44,吉他
2022-12-02 00:50:42,贝斯
2022-12-02 00:51:40,小提琴
2022-12-02 00:52:38,钢琴
2022-12-02 00:53:36,架子鼓
2022-12-02 00:54:34,架子鼓
2022-12-02 00:55:32,架子鼓
2022-12-02 00:56:30,钢琴
2022-12-02 00:57:28,贝斯
2022-12-02 00:58:26,萨克斯风
2022-12-02 00:59:24,钢琴
2022-12-02 01:00:22,小提琴
2022-12-02 01:01:20,钢琴
2022-12-02 01:02:18,小提琴
2022-12-02 01:03:16,贝斯
2022-12-02 01:04:14,架子鼓
2022-12-02 01:05:12,钢琴
2022-12-02 01:06:10,钢琴
2022-12-02 01:07:08,架子鼓
2022-12-02 01:08:06,架子鼓
2022-12-02 01:09:04,吉他
2022-12-02 01:10:02,小提琴
2022-12-02 01:11:00,小提琴
2022-12-02 01:11:58,圆号
2022-12-02 01:12:56,萨克斯风
2022-12-02 01:13:54,钢琴
2022-12-02 01:14:52,钢琴
2022-12-02 01:15:50,贝斯
2022-12-02 01:16:48,贝斯
2022-12-02 01:17:46,小提琴
2022-12-02 01:18:44,小提琴
2022-12-02 01:19:42,贝斯
2022-12-02 01:20:40,小提琴
2022-12-02 01:21:38,钢琴
2022-12-02 01:22:36,小提琴
2022-12-02 01:23:34,架子鼓
2022-12-02 01:24:32,吉他
2022-12-02 01:25:30,贝斯
2022-12-02 01:26:28,钢琴
2022-12-02 01:27:26,吉他
2022-12-02 01:28:24,钢琴
2022-12-02 01:29:22,吉他
2022-12-02 01:30:20,架子鼓
2022-12-02 01:31:18,萨克斯风
2022-12-02 01:32:16,钢琴
2022-12-02 01:33:14,钢琴
2022-12-02 01:34:12,钢琴
2022-12-02 01:35:10,架子鼓
2022-12-02 01:36:08,吉他
2022-12-02 01:37:06,小提琴
2022-12-02 01:38:04,小提琴
2022-12-02 01:39:02,吉他
2022-12-02 01:40:00,贝斯
2022-12-02 01:40:58,竖琴
2022-12-02 01:41:56,竖琴
2022-12-02 01:42:54,贝斯
2022-12-02 01:43:52,架子鼓
2022-12-02 01:44:50,钢琴
2022-12-02 01:45:48,钢琴
2022-12-02 01:46:46,架子鼓
2022-12-02 01:47:44,贝斯
2022-12-02 01:48:42,圆号
2022-12-02 01:49:40,吉他
2022-12-02 01:50:38,贝斯
2022-12-02 01:51:36,钢琴
2022-12-02 01:52:34,钢琴
2022-12-02 01:53:32,萨克斯风
2022-12-02 01:54:30,架子鼓
2022-12-02 01:55:28,钢琴
2022-12-02 01:56:26,钢琴
2022-12-02 01:57:24,钢琴
2022-12-02 01:58:22,小提琴
2022-12-02 01:59:20,萨克斯风
2022-12-02 02:00:18,小提琴
2022-12-02 02:01:16,钢琴
2022-12-02 02:02:14,钢琴
2022-12-02 02:03:12,小提琴
2022-12-02 02:04:10,萨克斯风
2022-12-02 02:05:08,吉他
2022-12-02 02:06:06,钢琴
2022-12-02 02:07:04,吉他
2022-12-02 02:08:02,贝斯
2022-12-02 02:09:00,钢琴
2022-12-02 02:09:58,吉他
2022-12-02 02:10:56,小提琴
2022-12-02 02:11:54,钢琴
2022-12-02 02:12:52,架子鼓
2022-12-02 02:13:50,贝斯
2022-12-02 02:14:48,贝斯
2022-12-02 02:15:46,小提琴
2022-12-02 02:16:44,贝斯
2022-12-02 02:17:42,钢琴
2022-12-02 02:18:40,架子鼓
2022-12-02 02:19:38,钢琴
2022-12-02 02:20:36,吉他
2022-12-02 02:21:34,钢琴
2022-12-02 02:22:32,小提琴
2022-12-02 02:23:30,萨克斯风
2022-12-02 02:24:28,架子鼓
2022-12-02 02:25:26,钢琴
2022-12-02 02:26:24,萨克斯风
2022-12-02 02:27:22,贝斯
2022-12-02 02:28:20,吉他
2022-12-02 02:29:18,萨克斯风
2022-12-02 02:30:16,贝斯
2022-12-02 02:31:14,贝斯
2022-12-02 02:32:12,吉他
2022-12-02 02:33:10,架子鼓
2022-12-02 02:34:08,吉他
2022-12-02 02:35:06,吉他
2022-12-02 02:36:04,竖琴
2022-12-02 02:37:02,钢琴
2022-12-02 02:38:00,吉他
2022-12-02 02:38:58,吉他
2022-12-02 02:39:56,钢琴
2022-12-02 02:40:54,小提琴
2022-12-02 02:41:52,吉他
2022-12-02 02:42:50,贝斯
2022-12-02 02:43:48,钢琴
2022-12-02 02:44:46,吉他
2022-12-02 02:45:44,架子鼓
2022-12-02 02:46:42,小提琴
2022-12-02 02:47:40,架子鼓
2022-12-02 02:48:38,钢琴
2022-12-02 02:49:36,架子鼓
2022-12-02 02:50:34,吉他
2022-12-02 02:51:32,贝斯
2022-12-02 02:52:30,小提琴
2022-12-02 02:53:28,贝斯
2022-12-02 02:54:26,贝斯
2022-12-02 02:55:24,贝斯
2022-12-02 02:56:22,贝斯
2022-12-02 02:57:20,小提琴
2022-12-02 02:58:18,贝斯
2022-12-02 02:59:16,钢琴
2022-12-02 03:00:14,贝斯
2022-12-02 03:01:12,钢琴
2022-12-02 03:02:10,钢琴
2022-12-02 03:03:08,小提琴
2022-12-02 03:04:06,贝斯
2022-12-02 03:05:04,吉他
2022-12-02 03:06:02,贝斯
2022-12-02 03:07:00,小提琴
2022-12-02 03:07:58,小提琴
2022-12-02 03:08:56,小提琴
2022-12-02 03:09:54,架子鼓
2022-12-02 03:10:52,吉他
2022-12-02 03:11:50,吉他
2022-12-02 03:12:48,吉他
2022-12-02 03:13:46,钢琴
2022-12-02 03:14:44,架子鼓
2022-12-02 03:15:42,钢琴
2022-12-02 03:16:40,竖琴
2022-12-02 03:17:38,吉他
2022-12-02 03:18:36,吉他
2022-12-02 03:19:34,贝斯
2022-12-02 03:20:32,贝斯
2022-12-02 03:21:30,小提琴
2022-12-02 03:22:28,吉他
2022-12-02 03:23:26,小提琴
2022-12-02 03:24:24,贝斯
2022-12-02 03:25:22,钢琴
2022-12-02 03:26:20,吉他
2022-12-02 03:27:18,小提琴
2022-12-02 03:28:16,小提琴
2022-12-02 03:29:14,圆号
2022-12-02 03:30:12,吉他
2022-12-02 03:31:10,贝斯
2022-12-02 03:32:08,贝斯
2022-12-02 03:33:06,吉他
2022-12-02 03:34:04,贝斯
2022-12-02 03:35:02,小提琴
2022-12-02 03:36:00,贝斯
2022-12-02 03:36:58,吉他
2022-12-02 03:37:56,贝斯
2022-12-02 03:38:54,小提琴
2022-12-02 03:39:52,贝斯
2022-12-02 03:40:50,小提琴
2022-12-02 03:41:48,钢琴
2022-12-02 03:42:46,钢琴
2022-12-02 03:43:44,贝斯
2022-12-02 03:44:42,吉他
2022-12-02 03:45:40,贝斯
2022-12-02 03:46:38,钢琴
2022-12-02 03:47:36,架子鼓
2022-12-02 03:48:34,钢琴
2022-12-02 03:49:32,贝斯
2022-12-02 03:50:30,吉他
2022-12-02 03:51:28,钢琴
2022-12-02 03:52:26,贝斯
2022-12-02 03:53:24,架子鼓
2022-12-02 03:54:22,贝斯
2022-12-02 03:55:20,贝斯
2022-12-02 03:56:18,小提琴
2022-12-02 03:57:16,钢琴
2022-12-02 03:58:14,贝斯
2022-12-02 03:59:12,吉他
2022-12-02 04:00:10,小提琴
2022-12-02 04:01:08,钢琴
2022-12-02 04:02:06,钢琴
2022-12-02 04:03:04,吉他
2022-12-02 04:04:02,架子鼓
2022-12-02 04:05:00,钢琴
2022-12-02 04:05:58,小提琴
2022-12-02 04:06:56,架子鼓
2022-12-02 04:07:54,吉他
2022-12-02 04:08:52,圆号
2022-12-02 04:09:50,贝斯
2022-12-02 04:10:48,贝斯
2022-12-02 04:11:46,吉他
2022-12-02 04:12:44,贝斯
2022-12-02 04:13:42,贝斯
2022-12-02 04:14:40,小提琴
2022-12-02 04:15:38,圆号
2022-12-02 04:16:36,小提琴
2022-12-02 04:17:34,小提琴
2022-12-02 04:18:32,架子鼓
2022-12-02 04:19:30,架子鼓
2022-12-02 04:20:28,贝斯
2022-12-02 04:21:26,小提琴
2022-12-02 04:22:24,钢琴
2022-12-02 04:23:22,小提琴
2022-12-02 04:24:20,钢琴
2022-12-02 04:25:18,贝斯
2022-12-02 04:26:16,贝斯
2022-12-02 04:27:14,钢琴
2022-12-02 04:28:12,小提琴
2022-12-02 04:29:10,小提琴
2022-12-02 04:30:08,吉他
2022-12-02 04:31:06,钢琴
2022-12-02 04:32:04,钢琴
2022-12-02 04:33:02,萨克斯风
2022-12-02 04:34:00,钢琴
2022-12-02 04:34:58,小提琴
2022-12-02 04:35:56,贝斯
2022-12-02 04:36:54,吉他
2022-12-02 04:37:52,钢琴
2022-12-02 04:38:50,吉他
2022-12-02 04:39:48,贝斯
2022-12-02 04:40:46,小提琴
2022-12-02 04:41:44,萨克斯风
2022-12-02 04:42:42,钢琴
2022-12-02 04:43:40,贝斯
2022-12-02 04:44:38,小提琴
2022-12-02 04:45:36,小提琴
2022-12-02 04:46:34,萨克斯风
2022-12-02 04:47:32,贝斯
2022-12-02 04:48:30,小提琴
2022-12-02 04:49:28,吉他
2022-12-02 04:50:26,吉他
2022-12-02 04:51:24,钢琴
2022-12-02 04:52:22,架子鼓
2022-12-02 04:53:20,吉他
2022-12-02 04:54:18,吉他
2022-12-02 04:55:16,贝斯
2022-12-02 04:56:14,贝斯
2022-12-02 04:57:12,小提琴
2022-12-02 04:58:10,贝斯
2022-12-02 04:59:08,钢琴
2022-12-02 05:00:06,小提琴
2022-12-02 05:01:04,贝斯
2022-12-02 05:02:02,钢琴
2022-12-02 05:03:00,吉他
2022-12-02 05:03:58,吉他
2022-12-02 05:04:56,钢琴
2022-12-02 05:05:54,吉他
2022-12-02 05:06:52,竖琴
2022-12-02 05:07:50,贝斯
2022-12-02 05:08:48,吉他
2022-12-02 05:09:46,钢琴
2022-12-02 05:10:44,小提琴
2022-12-02 05:11:42,贝斯
2022-12-02 05:12:40,吉他
2022-12-02 05:13:38,钢琴
2022-12-02 05:14:36,吉他
2022-12-02 05:15:34,架子鼓
2022-12-02 05:16:32,小提琴
2022-12-02 05:17:30,贝斯
2022-12-02 05:18:28,贝斯
2022-12-02 05:19:26,贝斯
2022-12-02 05:20:24,贝斯
2022-12-02 05:21:22,小提琴
2022-12-02 05:22:20,吉他
2022-12-02 05:23:18,架子鼓
2022-12-02 05:24:16,吉他
2022-12-02 05:25:14,钢琴
2022-12-02 05:26:12,小提琴
2022-12-02 05:27:10,贝斯
2022-12-02 05:28:08,架子鼓
2022-12-02 05:29:06,小提琴
2022-12-02 05:30:04,钢琴
2022-12-02 05:31:02,架子鼓
2022-12-02 05:32:00,吉他
2022-12-02 05:32:58,贝斯
2022-12-02 05:33:56,小提琴
2022-12-02 05:34:54,圆号
2022-12-02 05:35:52,竖琴
2022-12-02 05:36:50,架子鼓
2022-12-02 05:37:48,吉他
2022-12-02 05:38:46,吉他
2022-12-02 05:39:44,钢琴
2022-12-02 05:40:42,小提琴
2022-12-02 05:41:40,架子鼓
2022-12-02 05:42:38,钢琴
2022-12-02 05:43:36,吉他
2022-12-02 05:44:34,小提琴
2022-12-02 05:45:32,贝斯
2022-12-02 05:46:30,吉他
2022-12-02 05:47:28,小提琴
2022-12-02 05:48:26,钢琴
2022-12-02 05:49:24,吉他
2022-12-02 05:50:22,小提琴
2022-12-02 05:51:20,吉他
2022-12-02 05:52:18,贝斯
2022-12-02 05:53:16,钢琴
2022-12-02 05:54:14,贝斯
2022-12-02 05:55:12,小提琴
2022-12-02 05:56:10,吉他
2022-12-02 05:57:08,吉他
2022-12-02 05:58:06,小提琴
2022-12-02 05:59:04,钢琴
2022-12-02 06:00:02,钢琴
2022-12-02 06:01:00,贝斯
2022-12-02 06:01:58,小提琴
2022-12-02 06:02:56,贝斯
2022-12-02 06:03:54,小提琴
2022-12-02 06:04:52,钢琴
2022-12-02 06:05:50,贝斯
2022-12-02 06:06:48,贝斯
2022-12-02 06:07:46,钢琴
2022-12-02 06:08:44,钢琴
2022-12-02 06:09:42,贝斯
2022-12-02 06:10:40,钢琴
2022-12-02 06:11:38,圆号
2022-12-02 06:12:36,小提琴
2022-12-02 06:13:34,吉他
2022-12-02 06:14:32,小提琴
2022-12-02 06:15:30,架子鼓
2022-12-02 06:16:28,架子鼓
2022-12-02 06:17:26,架子鼓
2022-12-02 06:18:24,贝斯
2022-12-02 06:19:22,小提琴
2022-12-02 06:20:20,钢琴
2022-12-02 06:21:18,贝斯
2022-12-02 06:22:16,小提琴
2022-12-02 06:23:14,架子鼓
2022-12-02 06:24:12,吉他
2022-12-02 06:25:10,贝斯
2022-12-02 06:26:08,吉他
2022-12-02 06:27:06,小提琴
2022-12-02 06:28:04,圆号
2022-12-02 06:29:02,贝斯
2022-12-02 06:30:00,钢琴
2022-12-02 06:30:58,架子鼓
2022-12-02 06:31:56,吉他
2022-12-02 06:32:54,架子鼓
2022-12-02 06:33:52,贝斯
2022-12-02 06:34:50,吉他
2022-12-02 06:35:48,贝斯
2022-12-02 06:36:46,钢琴
2022-12-02 06:37:44,钢琴
2022-12-02 06:38:42,小提琴
2022-12-02 06:39:40,吉他
2022-12-02 06:40:38,吉他
2022-12-02 06:41:36,吉他
2022-12-02 06:42:34,钢琴
2022-12-02 06:43:32,贝斯
2022-12-02 06:44:30,小提琴
2022-12-02 06:45:28,小提琴
2022-12-02 06:46:26,钢琴
2022-12-02 06:47:24,小提琴
2022-12-02 06:48:22,竖琴
2022-12-02 06:49:20,吉他
2022-12-02 06:50:18,吉他
2022-12-02 06:51:16,吉他
2022-12-02 06:52:14,小提琴
2022-12-02 06:53:12,吉他
2022-12-02 06:54:10,钢琴
2022-12-02 06:55:08,竖琴
2022-12-02 06:56:06,圆号
2022-12-02 06:57:04,吉他
2022-12-02 06:58:02,吉他
2022-12-02 06:59:00,小提琴
2022-12-02 06:59:58,架子鼓
2022-12-02 07:00:56,吉他
2022-12-02 07:01:54,架子鼓
2022-12-02 07:02:52,小提琴
2022-12-02 07:03:50,吉他
2022-12-02 07:04:48,吉他
2022-12-02 07:05:46,钢琴
2022-12-02 07:06:44,架子鼓
2022-12-02 07:07:42,钢琴
2022-12-02 07:08:40,萨克斯风
2022-12-02 07:09:38,吉他
2022-12-02 07:10:36,小提琴
2022-12-02 07:11:34,贝斯
2022-12-02 07:12:32,萨克斯风
2022-12-02 07:13:30,架子鼓
2022-12-02 07:14:28,小提琴
2022-12-02 07:15:26,吉他
2022-12-02 07:16:24,吉他
2022-12-02 07:17:22,小提琴
2022-12-02 07:18:20,贝斯
2022-12-02 07:19:18,小提琴
2022-12-02 07:20:16,小提琴
2022-12-02 07:21:14,钢琴
2022-12-02 07:22:12,小提琴
2022-12-02 07:23:10,萨克斯风
2022-12-02 07:24:08,钢琴
2022-12-02 07:25:06,小提琴
2022-12-02 07:26:04,贝斯
2022-12-02 07:27:02,吉他
2022-12-02 07:28:00,小提琴
2022-12-02 07:28:58,圆号
2022-12-02 07:29:56,吉他
2022-12-02 07:30:54,吉他
2022-12-02 07:31:52,架子鼓
2022-12-02 07:32:50,小提琴
2022-12-02 07:33:48,小提琴
2022-12-02 07:34:46,架子鼓
2022-12-02 07:35:44,贝斯
2022-12-02 07:36:42,钢琴
2022-12-02 07:37:40,贝斯
2022-12-02 07:38:38,小提琴
2022-12-02 07:39:36,吉他
2022-12-02 07:40:34,吉他
2022-12-02 07:41:32,贝斯
2022-12-02 07:42:30,钢琴
2022-12-02 07:43:28,钢琴
2022-12-02 07:44:26,吉他
2022-12-02 07:45:24,贝斯
2022-12-02 07:46:22,小提琴
2022-12-02 07:47:20,钢琴
2022-12-02 07:48:18,贝斯
2022-12-02 07:49:16,贝斯
2022-12-02 07:50:14,架子鼓
2022-12-02 07:51:12,架子鼓
2022-12-02 07:52:10,吉他
2022-12-02 07:53:08,架子鼓
2022-12-02 07:54:06,架子鼓
2022-12-02 07:55:04,贝斯
2022-12-02 07:56:02,小提琴
2022-12-02 07:57:00,萨克斯风
2022-12-02 07:57:58,吉他
2022-12-02 07:58:56,贝斯
2022-12-02 07:59:54,贝斯
2022-12-02 08:00:52,小提琴
2022-12-02 08:01:50,架子鼓
2022-12-02 08:02:48,小提琴
2022-12-02 08:03:46,架子鼓
2022-12-02 08:04:44,吉他
2022-12-02 08:05:42,钢琴
2022-12-02 08:06:40,架子鼓
2022-12-02 08:07:38,钢琴
2022-12-02 08:08:36,钢琴
2022-12-02 08:09:34,架子鼓
2022-12-02 08:10:32,架子鼓
2022-12-02 08:11:30,贝斯
2022-12-02 08:12:28,架子鼓
2022-12-02 08:13:26,吉他
2022-12-02 08:14:24,钢琴
2022-12-02 08:15:22,小提琴
2022-12-02 08:16:20,贝斯
2022-12-02 08:17:18,小提琴
2022-12-02 08:18:16,萨克斯风
2022-12-02 08:19:14,萨克斯风
2022-12-02 08:20:12,钢琴
2022-12-02 08:21:10,贝斯
2022-12-02 08:22:08,钢琴
2022-12-02 08:23:06,吉他
2022-12-02 08:24:04,吉他
2022-12-02 08:25:02,吉他
2022-12-02 08:26:00,吉他
2022-12-02 08:26:58,贝斯
2022-12-02 08:27:56,吉他
2022-12-02 08:28:54,竖琴
2022-12-02 08:29:52,小提琴
2022-12-02 08:30:50,竖琴
2022-12-02 08:31:48,吉他
2022-12-02 08:32:46,架子鼓
2022-12-02 08:33:44,架子鼓
2022-12-02 08:34:42,吉他
2022-12-02 08:35:40,贝斯
2022-12-02 08:36:38,圆号
2022-12-02 08:37:36,贝斯
2022-12-02 08:38:34,贝斯
2022-12-02 08:39:32,吉他
2022-12-02 08:40:30,钢琴
2022-12-02 08:41:28,小提琴
2022-12-02 08:42:26,贝斯
2022-12-02 08:43:24,萨克斯风
2022-12-02 08:44:22,吉他
2022-12-02 08:45:20,吉他
2022-12-02 08:46:18,小提琴
2022-12-02 08:47:16,竖琴
2022-12-02 08:48:14,吉他
2022-12-02 08:49:12,贝斯
2022-12-02 08:50:10,贝斯
2022-12-02 08:51:08,钢琴
2022-12-02 08:52:06,小提琴
2022-12-02 08:53:04,小提琴
2022-12-02 08:54:02,吉他
2022-12-02 08:55:00,小提琴
2022-12-02 08:55:58,小提琴
2022-12-02 08:56:56,贝斯
2022-12-02 08:57:54,小提琴
2022-12-02 08:58:52,吉他
2022-12-02 08:59:50,吉他
2022-12-02 09:00:48,小提琴
2022-12-02 09:01:46,架子鼓
2022-12-02 09:02:44,吉他
2022-12-02 09:03:42,钢琴
2022-12-02 09:04:40,架子鼓
2022-12-02 09:05:38,贝斯
2022-12-02 09:06:36,钢琴
2022-12-02 09:07:34,钢琴
2022-12-02 09:08:32,架子鼓
2022-12-02 09:09:30,小提琴
2022-12-02 09:10:28,吉他
2022-12-02 09:11:26,竖琴
2022-12-02 09:12:24,吉他
2022-12-02 09:13:22,圆号
2022-12-02 09:14:20,钢琴
2022-12-02 09:15:18,钢琴
2022-12-02 09:16:16,架子鼓
2022-12-02 09:17:14,吉他
2022-12-02 09:18:12,钢琴
2022-12-02 09:19:10,架子鼓
2022-12-02 09:20:08,贝斯
2022-12-02 09:21:06,小提琴
2022-12-02 09:22:04,小提琴
2022-12-02 09:23:02,吉他
2022-12-02 09:24:00,小提琴
2022-12-02 09:24:58,吉他
2022-12-02 09:25:56,小提琴
2022-12-02 09:26:54,贝斯
2022-12-02 09:27:52,钢琴
2022-12-02 09:28:50,吉他
2022-12-02 09:29:48,小提琴
2022-12-02 09:30:46,架子鼓
2022-12-02 09:31:44,贝斯
2022-12-02 09:32:42,吉他
2022-12-02 09:33:40,架子鼓
2022-12-02 09:34:38,贝斯
2022-12-02 09:35:36,吉他
2022-12-02 09:36:34,吉他
2022-12-02 09:37:32,吉他
2022-12-02 09:38:30,圆号
2022-12-02 09:39:28,吉他
2022-12-02 09:41:24,萨克斯风
2022-12-02 09:42:22,吉他
2022-12-02 09:43:20,小提琴
2022-12-02 09:44:18,贝斯
2022-12-02 09:45:16,贝斯
2022-12-02 09:46:14,小提琴
2022-12-02 09:47:12,贝斯
2022-12-02 09:48:10,吉他
2022-12-02 09:49:08,贝斯
2022-12-02 09:50:06,竖琴
2022-12-02 09:51:04,贝斯
2022-12-02 09:52:02,小提琴
2022-12-02 09:53:00,钢琴
2022-12-02 09:53:58,小提琴
2022-12-02 09:54:56,贝斯
2022-12-02 09:55:54,萨克斯风
2022-12-02 09:56:52,钢琴
2022-12-02 09:57:50,吉他
2022-12-02 09:58:48,贝斯
2022-12-02 09:59:46,钢琴
2022-12-02 10:00:44,钢琴
2022-12-02 10:01:42,贝斯
2022-12-02 10:02:40,吉他
2022-12-02 10:03:38,贝斯
2022-12-02 10:04:36,吉他
2022-12-02 10:05:34,吉他
2022-12-02 10:06:32,小提琴
2022-12-02 10:07:30,竖琴
2022-12-02 10:08:28,钢琴
2022-12-02 10:09:26,贝斯
2022-12-02 10:10:24,吉他
2022-12-02 10:11:22,小提琴
2022-12-02 10:12:20,钢琴
2022-12-02 10:13:18,吉他
2022-12-02 10:14:16,贝斯
2022-12-02 10:15:14,架子鼓
2022-12-02 10:16:12,贝斯
2022-12-02 10:17:10,架子鼓
2022-12-02 10:18:08,吉他
2022-12-02 10:19:06,小提琴
2022-12-02 10:20:04,钢琴
2022-12-02 10:21:02,小提琴
2022-12-02 10:22:00,吉他
2022-12-02 10:22:58,竖琴
2022-12-02 10:23:56,贝斯
2022-12-02 10:24:54,贝斯
2022-12-02 10:25:52,贝斯
2022-12-02 10:26:50,竖琴
2022-12-02 10:27:48,贝斯
2022-12-02 10:28:46,小提琴
2022-12-02 10:29:44,钢琴
2022-12-02 10:30:42,圆号
2022-12-02 10:31:40,钢琴
2022-12-02 10:32:38,吉他
2022-12-02 10:33:36,吉他
2022-12-02 10:34:34,小提琴
2022-12-02 10:35:32,小提琴
2022-12-02 10:36:30,钢琴
2022-12-02 10:37:28,小提琴
2022-12-02 10:38:26,钢琴
2022-12-02 10:39:24,小提琴
2022-12-02 10:40:22,钢琴
2022-12-02 10:41:20,钢琴
2022-12-02 10:42:18,小提琴
2022-12-02 10:43:16,小提琴
2022-12-02 10:44:14,贝斯
2022-12-02 10:45:12,吉他
2022-12-02 10:46:10,小提琴
2022-12-02 10:47:08,小提琴
2022-12-02 10:48:06,竖琴
2022-12-02 10:49:04,钢琴
2022-12-02 10:50:02,贝斯
2022-12-02 10:51:00,吉他
2022-12-02 10:51:58,贝斯
2022-12-02 10:52:56,小提琴
2022-12-02 10:53:54,贝斯
2022-12-02 10:54:52,竖琴
2022-12-02 10:55:50,吉他
2022-12-02 10:56:48,小提琴
2022-12-02 10:57:46,萨克斯风
2022-12-02 10:58:44,小提琴
2022-12-02 10:59:42,架子鼓
2022-12-02 11:00:40,圆号
2022-12-02 11:01:38,萨克斯风
2022-12-02 11:02:36,小提琴
2022-12-02 11:03:34,小提琴
2022-12-02 11:04:32,圆号
2022-12-02 11:05:30,吉他
2022-12-02 11:06:28,吉他
2022-12-02 11:07:26,钢琴
2022-12-02 11:08:24,小提琴
2022-12-02 11:09:22,架子鼓
2022-12-02 11:10:20,贝斯
2022-12-02 11:11:18,架子鼓
2022-12-02 11:12:16,钢琴
2022-12-02 11:13:14,贝斯
2022-12-02 11:14:12,吉他
2022-12-02 11:15:10,钢琴
2022-12-02 11:16:08,小提琴
2022-12-02 11:17:06,小提琴
2022-12-02 11:18:04,小提琴
2022-12-02 11:19:02,贝斯
2022-12-02 11:20:00,小提琴
2022-12-02 11:20:58,竖琴
2022-12-02 11:21:56,贝斯
2022-12-02 11:22:54,钢琴
2022-12-02 11:23:52,小提琴
2022-12-02 11:24:50,吉他
2022-12-02 11:25:48,吉他
2022-12-02 11:26:46,贝斯
2022-12-02 11:27:44,吉他
2022-12-02 11:28:42,吉他
2022-12-02 11:29:40,钢琴
2022-12-02 11:30:38,贝斯
2022-12-02 11:31:36,吉他
2022-12-02 11:32:34,架子鼓
2022-12-02 11:33:32,贝斯
2022-12-02 11:34:30,竖琴
2022-12-02 11:35:28,圆号
2022-12-02 11:36:26,贝斯
2022-12-02 11:37:24,吉他
2022-12-02 11:38:22,架子鼓
2022-12-02 11:39:20,吉他
2022-12-02 11:40:18,架子鼓
2022-12-02 11:41:16,钢琴
2022-12-02 11:42:14,贝斯
2022-12-02 11:43:12,钢琴
2022-12-02 11:44:10,贝斯
2022-12-02 11:45:08,吉他
2022-12-02 11:46:06,贝斯
2022-12-02 11:47:04,竖琴
2022-12-02 11:48:02,贝斯
2022-12-02 11:49:00,小提琴
2022-12-02 11:49:58,吉他
2022-12-02 11:50:56,小提琴
2022-12-02 11:51:54,萨克斯风
2022-12-02 11:52:52,小提琴
2022-12-02 11:53:50,钢琴
2022-12-02 11:54:48,贝斯
2022-12-02 11:55:46,钢琴
2022-12-02 11:56:44,贝斯
2022-12-02 11:57:42,贝斯
2022-12-02 11:58:40,贝斯
2022-12-02 11:59:38,贝斯
2022-12-02 12:00:36,小提琴
2022-12-02 12:01:34,架子鼓
2022-12-02 12:02:32,钢琴
2022-12-02 12:03:30,钢琴
2022-12-02 12:04:28,贝斯
2022-12-02 12:05:26,架子鼓
2022-12-02 12:06:24,小提琴
2022-12-02 12:07:22,吉他
2022-12-02 12:08:20,贝斯
2022-12-02 12:09:18,吉他
2022-12-02 12:10:16,圆号
2022-12-02 12:11:14,吉他
2022-12-02 12:12:12,贝斯
2022-12-02 12:13:10,小提琴
2022-12-02 12:14:08,吉他
2022-12-02 12:15:06,架子鼓
2022-12-02 12:16:04,钢琴
2022-12-02 12:17:02,架子鼓
2022-12-02 12:18:00,小提琴
2022-12-02 12:18:58,钢琴
2022-12-02 12:19:56,小提琴
2022-12-02 12:20:54,小提琴
2022-12-02 12:21:52,贝斯
2022-12-02 12:22:50,小提琴
2022-12-02 12:23:48,贝斯
2022-12-02 12:24:46,贝斯
2022-12-02 12:25:44,钢琴
2022-12-02 12:26:42,贝斯
2022-12-02 12:27:40,贝斯
2022-12-02 12:28:38,吉他
2022-12-02 12:29:36,小提琴
2022-12-02 12:30:34,小提琴
2022-12-02 12:31:32,贝斯
2022-12-02 12:32:30,贝斯
2022-12-02 12:33:28,吉他
2022-12-02 12:34:26,钢琴
2022-12-02 12:35:24,小提琴
2022-12-02 12:36:22,钢琴
2022-12-02 12:37:20,小提琴
2022-12-02 12:38:18,小提琴
2022-12-02 12:39:16,贝斯
2022-12-02 12:40:14,架子鼓
2022-12-02 12:41:12,贝斯
2022-12-02 12:42:10,吉他
2022-12-02 12:43:08,钢琴
2022-12-02 12:44:06,钢琴
2022-12-02 12:45:04,小提琴
2022-12-02 12:46:02,吉他
2022-12-02 12:47:00,小提琴
2022-12-02 12:47:58,小提琴
2022-12-02 12:48:56,贝斯
2022-12-02 12:49:54,贝斯
2022-12-02 12:50:52,钢琴
2022-12-02 12:51:50,架子鼓
2022-12-02 12:52:48,小提琴
2022-12-02 12:53:46,小提琴
2022-12-02 12:54:44,贝斯
2022-12-02 12:55:42,钢琴
2022-12-02 12:56:40,吉他
2022-12-02 12:57:38,萨克斯风
2022-12-02 12:58:36,贝斯
2022-12-02 12:59:34,钢琴
2022-12-02 13:00:32,吉他
2022-12-02 13:01:30,贝斯
2022-12-02 13:02:28,贝斯
2022-12-02 13:03:26,贝斯
2022-12-02 13:04:24,吉他
2022-12-02 13:05:22,贝斯
2022-12-02 13:06:20,吉他
2022-12-02 13:07:18,小提琴
2022-12-02 13:08:16,吉他
2022-12-02 13:09:14,吉他
2022-12-02 13:10:12,吉他
2022-12-02 13:11:10,竖琴
2022-12-02 13:12:08,小提琴
2022-12-02 13:13:06,贝斯
2022-12-02 13:14:04,吉他
2022-12-02 13:15:02,贝斯
2022-12-02 13:16:00,贝斯
2022-12-02 13:16:58,吉他
2022-12-02 13:17:56,钢琴
2022-12-02 13:18:54,吉他
2022-12-02 13:19:52,贝斯
2022-12-02 13:20:50,圆号
2022-12-02 13:21:48,钢琴
2022-12-02 13:22:46,小提琴
2022-12-02 13:23:44,钢琴
2022-12-02 13:24:42,小提琴
2022-12-02 13:25:40,小提琴
2022-12-02 13:26:38,竖琴
2022-12-02 13:27:36,吉他
2022-12-02 13:28:34,钢琴
2022-12-02 13:29:32,贝斯
2022-12-02 13:30:30,钢琴
2022-12-02 13:31:28,钢琴
2022-12-02 13:32:26,钢琴
2022-12-02 13:33:24,贝斯
2022-12-02 13:34:22,小提琴
2022-12-02 13:35:20,架子鼓
2022-12-02 13:36:18,架子鼓
2022-12-02 13:37:16,钢琴
2022-12-02 13:38:14,贝斯
2022-12-02 13:39:12,竖琴
2022-12-02 13:40:10,架子鼓
2022-12-02 13:41:08,竖琴
2022-12-02 13:42:06,钢琴
2022-12-02 13:43:04,小提琴
2022-12-02 13:44:02,圆号
2022-12-02 13:45:00,吉他
2022-12-02 13:45:58,钢琴
2022-12-02 13:46:56,钢琴
2022-12-02 13:47:54,圆号
2022-12-02 13:48:52,贝斯
2022-12-02 13:49:50,吉他
2022-12-02 13:50:48,架子鼓
2022-12-02 13:51:46,吉他
2022-12-02 13:52:44,钢琴
2022-12-02 13:53:42,钢琴
2022-12-02 13:54:40,小提琴
2022-12-02 13:55:38,吉他
2022-12-02 13:56:36,钢琴
2022-12-02 13:57:34,小提琴
2022-12-02 13:58:32,竖琴
2022-12-02 13:59:30,吉他
2022-12-02 14:00:28,贝斯
2022-12-02 14:01:26,贝斯
2022-12-02 14:02:24,贝斯
2022-12-02 14:03:22,贝斯
2022-12-02 14:04:20,圆号
2022-12-02 14:05:18,吉他
2022-12-02 14:06:16,钢琴
2022-12-02 14:07:14,贝斯
2022-12-02 14:08:12,贝斯
2022-12-02 14:09:10,架子鼓
2022-12-02 14:10:08,架子鼓
2022-12-02 14:11:06,贝斯
2022-12-02 14:12:04,贝斯
2022-12-02 14:13:02,小提琴
2022-12-02 14:14:00,钢琴
2022-12-02 14:14:58,钢琴
2022-12-02 14:15:56,竖琴
2022-12-02 14:16:54,小提琴
2022-12-02 14:17:52,贝斯
2022-12-02 14:18:50,吉他
2022-12-02 14:19:48,贝斯
2022-12-02 14:20:46,小提琴
2022-12-02 14:21:44,吉他
2022-12-02 14:22:42,小提琴
2022-12-02 14:23:40,钢琴
2022-12-02 14:24:38,吉他
2022-12-02 14:25:36,贝斯
2022-12-02 14:26:34,贝斯
2022-12-02 14:27:32,吉他
2022-12-02 14:28:30,小提琴
2022-12-02 14:29:28,小提琴
2022-12-02 14:30:26,小提琴
2022-12-02 14:31:24,竖琴
2022-12-02 14:32:22,钢琴
2022-12-02 14:33:20,吉他
2022-12-02 14:34:18,钢琴
2022-12-02 14:35:16,贝斯
2022-12-02 14:36:14,小提琴
2022-12-02 14:37:12,架子鼓
2022-12-02 14:38:10,吉他
2022-12-02 14:39:08,小提琴
2022-12-02 14:40:06,贝斯
2022-12-02 14:41:04,吉他
2022-12-02 14:42:02,贝斯
2022-12-02 14:43:00,小提琴
2022-12-02 14:43:58,吉他
2022-12-02 14:44:56,贝斯
2022-12-02 14:45:54,贝斯
2022-12-02 14:46:52,萨克斯风
2022-12-02 14:47:50,小提琴
2022-12-02 14:48:48,小提琴
2022-12-02 14:49:46,小提琴
2022-12-02 14:50:44,贝斯
2022-12-02 14:51:42,贝斯
2022-12-02 14:52:40,吉他
2022-12-02 14:53:38,钢琴
2022-12-02 14:54:36,架子鼓
2022-12-02 14:55:34,小提琴
2022-12-02 14:56:32,吉他
2022-12-02 14:57:30,钢琴
2022-12-02 14:58:28,圆号
2022-12-02 14:59:26,小提琴
2022-12-02 15:00:24,钢琴
2022-12-02 15:01:22,钢琴
2022-12-02 15:02:20,贝斯
2022-12-02 15:03:18,贝斯
2022-12-02 15:04:16,贝斯
2022-12-02 15:05:14,小提琴
2022-12-02 15:06:12,钢琴
2022-12-02 15:07:10,小提琴
2022-12-02 15:08:08,钢琴
2022-12-02 15:09:06,竖琴
2022-12-02 15:10:04,钢琴
2022-12-02 15:11:02,吉他
2022-12-02 15:12:00,吉他
2022-12-02 15:12:58,贝斯
2022-12-02 15:13:56,钢琴
2022-12-02 15:14:54,钢琴
2022-12-02 15:15:52,钢琴
2022-12-02 15:16:50,萨克斯风
2022-12-02 15:17:48,吉他
2022-12-02 15:18:46,吉他
2022-12-02 15:19:44,吉他
2022-12-02 15:20:42,吉他
2022-12-02 15:21:40,小提琴
2022-12-02 15:22:38,吉他
2022-12-02 15:23:36,架子鼓
2022-12-02 15:24:34,钢琴
2022-12-02 15:25:32,钢琴
2022-12-02 15:26:30,小提琴
2022-12-02 15:27:28,贝斯
2022-12-02 15:28:26,小提琴
2022-12-02 15:29:24,贝斯
2022-12-02 15:30:22,架子鼓
2022-12-02 15:31:20,吉他
2022-12-02 15:32:18,钢琴
2022-12-02 15:33:16,小提琴
2022-12-02 15:34:14,钢琴
2022-12-02 15:35:12,小提琴
2022-12-02 15:36:10,小提琴
2022-12-02 15:37:08,贝斯
2022-12-02 15:38:06,竖琴
2022-12-02 15:39:04,钢琴
2022-12-02 15:40:02,竖琴
2022-12-02 15:41:00,贝斯
2022-12-02 15:41:58,小提琴
2022-12-02 15:42:56,吉他
2022-12-02 15:43:54,吉他
2022-12-02 15:44:52,吉他
2022-12-02 15:45:50,贝斯
2022-12-02 15:46:48,小提琴
2022-12-02 15:47:46,小提琴
2022-12-02 15:48:44,架子鼓
2022-12-02 15:49:42,吉他
2022-12-02 15:50:40,钢琴
2022-12-02 15:51:38,钢琴
2022-12-02 15:52:36,贝斯
2022-12-02 15:53:34,钢琴
2022-12-02 15:54:32,钢琴
2022-12-02 15:55:30,钢琴
2022-12-02 15:56:28,吉他
2022-12-02 15:57:26,吉他
2022-12-02 15:58:24,吉他
2022-12-02 15:59:22,贝斯
2022-12-02 16:00:20,小提琴
2022-12-02 16:01:18,贝斯
2022-12-02 16:02:16,萨克斯风
2022-12-02 16:03:14,贝斯
2022-12-02 16:04:12,钢琴
2022-12-02 16:05:10,小提琴
2022-12-02 16:06:08,小提琴
2022-12-02 16:07:06,架子鼓
2022-12-02 16:08:04,萨克斯风
2022-12-02 16:09:02,钢琴
2022-12-02 16:10:00,竖琴
2022-12-02 16:10:58,竖琴
2022-12-02 16:11:56,吉他
2022-12-02 16:12:54,小提琴
2022-12-02 16:13:52,萨克斯风
2022-12-02 16:14:50,贝斯
2022-12-02 16:15:48,钢琴
2022-12-02 16:16:46,吉他
2022-12-02 16:17:44,小提琴
2022-12-02 16:18:42,钢琴
2022-12-02 16:19:40,贝斯
2022-12-02 16:20:38,吉他
2022-12-02 16:21:36,吉他
2022-12-02 16:22:34,吉他
2022-12-02 16:23:32,钢琴
2022-12-02 16:24:30,萨克斯风
2022-12-02 16:25:28,吉他
2022-12-02 16:26:26,吉他
2022-12-02 16:27:24,吉他
2022-12-02 16:28:22,吉他
2022-12-02 16:29:20,贝斯
2022-12-02 16:30:18,吉他
2022-12-02 16:31:16,钢琴
2022-12-02 16:32:14,钢琴
2022-12-02 16:33:12,架子鼓
2022-12-02 16:34:10,架子鼓
2022-12-02 16:35:08,吉他
2022-12-02 16:36:06,小提琴
2022-12-02 16:37:04,钢琴
2022-12-02 16:38:02,吉他
2022-12-02 16:39:00,钢琴
2022-12-02 16:39:58,钢琴
2022-12-02 16:40:56,小提琴
2022-12-02 16:41:54,钢琴
2022-12-02 16:42:52,贝斯
2022-12-02 16:43:50,吉他
2022-12-02 16:44:48,贝斯
2022-12-02 16:45:46,吉他
2022-12-02 16:46:44,钢琴
2022-12-02 16:47:42,贝斯
2022-12-02 16:48:40,贝斯
2022-12-02 16:49:38,吉他
2022-12-02 16:50:36,贝斯
2022-12-02 16:51:34,架子鼓
2022-12-02 16:52:32,贝斯
2022-12-02 16:53:30,钢琴
2022-12-02 16:54:28,吉他
2022-12-02 16:55:26,贝斯
2022-12-02 16:56:24,钢琴
2022-12-02 16:57:22,吉他
2022-12-02 16:58:20,圆号
2022-12-02 16:59:18,贝斯
2022-12-02 17:00:16,小提琴
2022-12-02 17:01:14,贝斯
2022-12-02 17:02:12,吉他
2022-12-02 17:03:10,萨克斯风
2022-12-02 17:04:08,钢琴
2022-12-02 17:05:06,吉他
2022-12-02 17:06:04,钢琴
2022-12-02 17:07:02,钢琴
2022-12-02 17:08:00,小提琴
2022-12-02 17:08:58,贝斯
2022-12-02 17:09:56,钢琴
2022-12-02 17:10:54,贝斯
2022-12-02 17:11:52,钢琴
2022-12-02 17:12:50,贝斯
2022-12-02 17:13:48,贝斯
2022-12-02 17:14:46,小提琴
2022-12-02 17:15:44,竖琴
2022-12-02 17:16:42,贝斯
2022-12-02 17:17:40,钢琴
2022-12-02 17:18:38,钢琴
2022-12-02 17:19:36,贝斯
2022-12-02 17:20:34,贝斯
2022-12-02 17:21:32,架子鼓
2022-12-02 17:22:30,钢琴
2022-12-02 17:23:28,吉他
2022-12-02 17:24:26,贝斯
2022-12-02 17:25:24,圆号
2022-12-02 17:26:22,钢琴
2022-12-02 17:27:20,架子鼓
2022-12-02 17:28:18,吉他
2022-12-02 17:29:16,钢琴
2022-12-02 17:30:14,贝斯
2022-12-02 17:31:12,小提琴
2022-12-02 17:32:10,小提琴
2022-12-02 17:33:08,小提琴
2022-12-02 17:34:06,竖琴
2022-12-02 17:35:04,钢琴
2022-12-02 17:36:02,小提琴
2022-12-02 17:37:00,吉他
2022-12-02 17:37:58,架子鼓
2022-12-02 17:38:56,萨克斯风
2022-12-02 17:39:54,钢琴
2022-12-02 17:40:52,钢琴
2022-12-02 17:41:50,钢琴
2022-12-02 17:42:48,吉他
2022-12-02 17:43:46,钢琴
2022-12-02 17:44:44,小提琴
2022-12-02 17:45:42,萨克斯风
2022-12-02 17:46:40,钢琴
2022-12-02 17:47:38,竖琴
2022-12-02 17:48:36,小提琴
2022-12-02 17:49:34,小提琴
2022-12-02 17:50:32,贝斯
2022-12-02 17:51:30,架子鼓
2022-12-02 17:52:28,吉他
2022-12-02 17:53:26,贝斯
2022-12-02 17:54:24,吉他
2022-12-02 17:55:22,贝斯
2022-12-02 17:56:20,架子鼓
2022-12-02 17:57:18,钢琴
2022-12-02 17:58:16,竖琴
2022-12-02 17:59:14,吉他
2022-12-02 18:00:12,圆号
2022-12-02 18:01:10,小提琴
2022-12-02 18:02:08,圆号
2022-12-02 18:03:06,小提琴
2022-12-02 18:04:04,小提琴
2022-12-02 18:05:02,竖琴
2022-12-02 18:06:00,钢琴
2022-12-02 18:06:58,贝斯
2022-12-02 18:07:56,贝斯
2022-12-02 18:08:54,贝斯
2022-12-02 18:09:52,小提琴
2022-12-02 18:10:50,小提琴
2022-12-02 18:11:48,小提琴
2022-12-02 18:12:46,贝斯
2022-12-02 18:13:44,吉他
2022-12-02 18:14:42,吉他
2022-12-02 18:15:40,贝斯
2022-12-02 18:16:38,架子鼓
2022-12-02 18:17:36,钢琴
2022-12-02 18:18:34,贝斯
2022-12-02 18:19:32,萨克斯风
2022-12-02 18:20:30,萨克斯风
2022-12-02 18:21:28,小提琴
2022-12-02 18:22:26,架子鼓
2022-12-02 18:23:24,吉他
2022-12-02 18:24:22,贝斯
2022-12-02 18:25:20,架子鼓
2022-12-02 18:26:18,吉他
2022-12-02 18:27:16,贝斯
2022-12-02 18:28:14,贝斯
2022-12-02 18:29:12,吉他
2022-12-02 18:30:10,小提琴
2022-12-02 18:31:08,架子鼓
2022-12-02 18:32:06,小提琴
2022-12-02 18:33:04,吉他
2022-12-02 18:34:02,吉他
2022-12-02 18:35:00,钢琴
2022-12-02 18:35:58,架子鼓
2022-12-02 18:36:56,竖琴
2022-12-02 18:37:54,贝斯
2022-12-02 18:38:52,钢琴
2022-12-02 18:39:50,吉他
2022-12-02 18:40:48,吉他
2022-12-02 18:41:46,架子鼓
2022-12-02 18:42:44,架子鼓
2022-12-02 18:43:42,小提琴
2022-12-02 18:44:40,钢琴
2022-12-02 18:45:38,吉他
2022-12-02 18:46:36,架子鼓
2022-12-02 18:47:34,吉他
2022-12-02 18:48:32,钢琴
2022-12-02 18:49:30,贝斯
2022-12-02 18:50:28,贝斯
2022-12-02 18:51:26,钢琴
2022-12-02 18:52:24,吉他
2022-12-02 18:53:22,贝斯
2022-12-02 18:54:20,贝斯
2022-12-02 18:55:18,贝斯
2022-12-02 18:56:16,钢琴
2022-12-02 18:57:14,贝斯
2022-12-02 18:58:12,贝斯
2022-12-02 18:59:10,萨克斯风
2022-12-02 19:00:08,钢琴
2022-12-02 19:01:06,小提琴
2022-12-02 19:02:04,小提琴
2022-12-02 19:03:02,吉他
2022-12-02 19:04:00,钢琴
2022-12-02 19:04:58,小提琴
2022-12-02 19:05:56,贝斯
2022-12-02 19:06:54,贝斯
2022-12-02 19:07:52,萨克斯风
2022-12-02 19:08:50,竖琴
2022-12-02 19:09:48,吉他
2022-12-02 19:10:46,圆号
2022-12-02 19:11:44,钢琴
2022-12-02 19:12:42,吉他
2022-12-02 19:13:40,贝斯
2022-12-02 19:14:38,竖琴
2022-12-02 19:15:36,贝斯
2022-12-02 19:16:34,贝斯
2022-12-02 19:17:32,小提琴
2022-12-02 19:18:30,钢琴
2022-12-02 19:19:28,吉他
2022-12-02 19:20:26,竖琴
2022-12-02 19:21:24,钢琴
2022-12-02 19:22:22,吉他
2022-12-02 19:23:20,小提琴
2022-12-02 19:24:18,圆号
2022-12-02 19:25:16,钢琴
2022-12-02 19:26:14,吉他
2022-12-02 19:27:12,竖琴
2022-12-02 19:28:10,吉他
2022-12-02 19:29:08,小提琴
2022-12-02 19:30:06,小提琴
2022-12-02 19:31:04,架子鼓
2022-12-02 19:32:02,小提琴
2022-12-02 19:33:00,小提琴
2022-12-02 19:33:58,钢琴
2022-12-02 19:34:56,钢琴
2022-12-02 19:35:54,小提琴
2022-12-02 19:36:52,吉他
2022-12-02 19:37:50,钢琴
2022-12-02 19:38:48,钢琴
2022-12-02 19:39:46,贝斯
2022-12-02 19:40:44,钢琴
2022-12-02 19:41:42,钢琴
2022-12-02 19:42:40,萨克斯风
2022-12-02 19:43:38,小提琴
2022-12-02 19:44:36,贝斯
2022-12-02 19:45:34,竖琴
2022-12-02 19:46:32,钢琴
2022-12-02 19:47:30,小提琴
2022-12-02 19:48:28,贝斯
2022-12-02 19:49:26,小提琴
2022-12-02 19:50:24,架子鼓
2022-12-02 19:51:22,吉他
2022-12-02 19:52:20,钢琴
2022-12-02 19:53:18,吉他
2022-12-02 19:54:16,圆号
2022-12-02 19:55:14,贝斯
2022-12-02 19:56:12,钢琴
2022-12-02 19:57:10,萨克斯风
2022-12-02 19:58:08,架子鼓
2022-12-02 19:59:06,萨克斯风
2022-12-02 20:00:04,贝斯
2022-12-02 20:01:02,小提琴
2022-12-02 20:02:00,贝斯
2022-12-02 20:02:58,钢琴
2022-12-02 20:03:56,吉他
2022-12-02 20:04:54,圆号
2022-12-02 20:05:52,萨克斯风
2022-12-02 20:06:50,吉他
2022-12-02 20:07:48,小提琴
2022-12-02 20:08:46,小提琴
2022-12-02 20:09:44,钢琴
2022-12-02 20:10:42,架子鼓
2022-12-02 20:11:40,钢琴
2022-12-02 20:12:38,贝斯
2022-12-02 20:13:36,钢琴
2022-12-02 20:14:34,钢琴
2022-12-02 20:15:32,吉他
2022-12-02 20:16:30,架子鼓
2022-12-02 20:17:28,架子鼓
2022-12-02 20:18:26,吉他
2022-12-02 20:19:24,钢琴
2022-12-02 20:20:22,钢琴
2022-12-02 20:21:20,吉他
2022-12-02 20:22:18,萨克斯风
2022-12-02 20:23:16,贝斯
2022-12-02 20:24:14,钢琴
2022-12-02 20:25:12,架子鼓
2022-12-02 20:26:10,贝斯
2022-12-02 20:27:08,吉他
2022-12-02 20:28:06,贝斯
2022-12-02 20:29:04,钢琴
2022-12-02 20:30:02,贝斯
2022-12-02 20:31:00,吉他
2022-12-02 20:31:58,架子鼓
2022-12-02 20:32:56,架子鼓
2022-12-02 20:33:54,萨克斯风
2022-12-02 20:34:52,吉他
2022-12-02 20:35:50,小提琴
2022-12-02 20:36:48,钢琴
2022-12-02 20:37:46,架子鼓
2022-12-02 20:38:44,吉他
2022-12-02 20:59:02,吉他
2022-12-02 21:00:00,钢琴
2022-12-02 21:00:58,钢琴
2022-12-02 21:01:56,钢琴
2022-12-02 21:02:54,竖琴
2022-12-02 21:03:52,架子鼓
2022-12-02 21:04:50,小提琴
2022-12-02 21:05:48,吉他
2022-12-02 21:06:46,小提琴
2022-12-02 21:07:44,贝斯
2022-12-02 21:08:42,贝斯
2022-12-02 21:09:40,钢琴
2022-12-02 21:10:38,钢琴
2022-12-02 21:11:36,小提琴
2022-12-02 21:12:34,贝斯
2022-12-02 21:13:32,吉他
2022-12-02 21:14:30,小提琴
2022-12-02 21:15:28,小提琴
2022-12-02 21:16:26,贝斯
2022-12-02 21:17:24,吉他
2022-12-02 21:18:22,小提琴
2022-12-02 21:19:20,小提琴
2022-12-02 21:20:18,钢琴
2022-12-02 21:21:16,架子鼓
2022-12-02 21:22:14,贝斯
2022-12-02 21:23:12,吉他
2022-12-02 21:24:10,钢琴
2022-12-02 21:25:08,吉他
2022-12-02 21:26:06,贝斯
2022-12-02 21:27:04,吉他
2022-12-02 21:28:02,钢琴
2022-12-02 21:29:00,小提琴
2022-12-02 21:29:58,小提琴
2022-12-02 21:30:56,吉他
2022-12-02 21:31:54,吉他
2022-12-02 21:32:52,小提琴
2022-12-02 21:33:50,吉他
2022-12-02 21:34:48,竖琴
2022-12-02 21:35:46,钢琴
2022-12-02 21:36:44,钢琴
2022-12-02 21:37:42,贝斯
2022-12-02 21:38:40,贝斯
2022-12-02 21:39:38,小提琴
2022-12-02 21:40:36,贝斯
2022-12-02 21:41:34,钢琴
2022-12-02 21:42:32,吉他
2022-12-02 21:43:30,小提琴
2022-12-02 21:44:28,架子鼓
2022-12-02 21:45:26,吉他
2022-12-02 21:46:24,吉他
2022-12-02 21:47:22,竖琴
2022-12-02 21:48:20,吉他
2022-12-02 21:49:18,竖琴
2022-12-02 21:50:16,吉他
2022-12-02 21:51:14,贝斯
2022-12-02 21:52:12,架子鼓
2022-12-02 21:53:10,小提琴
2022-12-02 21:54:08,吉他
2022-12-02 21:55:06,吉他
2022-12-02 21:56:04,萨克斯风
2022-12-02 21:57:02,吉他
2022-12-02 21:58:00,钢琴
2022-12-02 21:58:58,贝斯
2022-12-02 21:59:56,贝斯
2022-12-02 22:00:54,小提琴
2022-12-02 22:01:52,小提琴
2022-12-02 22:02:50,钢琴
2022-12-02 22:03:48,小提琴
2022-12-02 22:04:46,钢琴
2022-12-02 22:05:44,贝斯
2022-12-02 22:06:42,竖琴
2022-12-02 22:07:40,吉他
2022-12-02 22:08:38,贝斯
2022-12-02 22:09:36,钢琴
2022-12-02 22:10:34,吉他
2022-12-02 22:11:32,贝斯
2022-12-02 22:12:30,贝斯
2022-12-02 22:13:28,贝斯
2022-12-02 22:14:26,竖琴
2022-12-02 22:15:24,钢琴
2022-12-02 22:16:22,萨克斯风
2022-12-02 22:17:20,竖琴
2022-12-02 22:18:18,贝斯
2022-12-02 22:19:16,小提琴
2022-12-02 22:20:14,小提琴
2022-12-02 22:21:12,圆号
2022-12-02 22:22:10,贝斯
2022-12-02 22:23:08,小提琴
2022-12-02 22:24:06,架子鼓
2022-12-02 22:25:04,贝斯
2022-12-02 22:26:02,贝斯
2022-12-02 22:27:00,架子鼓
2022-12-02 22:27:58,钢琴
2022-12-02 22:28:56,圆号
2022-12-02 22:29:54,吉他
2022-12-02 22:30:52,圆号
2022-12-02 22:31:50,小提琴
2022-12-02 22:32:48,吉他
2022-12-02 22:33:46,吉他
2022-12-02 22:34:44,小提琴
2022-12-02 22:35:42,小提琴
2022-12-02 22:36:40,贝斯
2022-12-02 22:37:38,架子鼓
2022-12-02 22:38:36,竖琴
2022-12-02 22:39:34,贝斯
2022-12-02 22:40:32,小提琴
2022-12-02 22:41:30,贝斯
2022-12-02 22:42:28,吉他
2022-12-02 22:43:26,小提琴
2022-12-02 22:44:24,钢琴
2022-12-02 22:45:22,吉他
2022-12-02 22:46:20,钢琴
2022-12-02 22:47:18,架子鼓
2022-12-02 22:48:16,钢琴
2022-12-02 22:49:14,贝斯
2022-12-02 22:50:12,架子鼓
2022-12-02 22:51:10,钢琴
2022-12-02 22:52:08,小提琴
2022-12-02 22:53:06,贝斯
2022-12-02 22:54:04,贝斯
2022-12-02 22:55:02,圆号
2022-12-02 22:56:00,吉他
2022-12-02 22:56:58,小提琴
2022-12-02 22:57:56,钢琴
2022-12-02 22:58:54,小提琴
2022-12-02 22:59:52,吉他
2022-12-02 23:00:50,钢琴
2022-12-02 23:01:48,小提琴
2022-12-02 23:02:46,贝斯
2022-12-02 23:03:44,吉他
2022-12-02 23:04:42,架子鼓
2022-12-02 23:05:40,小提琴
2022-12-02 23:06:38,萨克斯风
2022-12-02 23:07:36,小提琴
2022-12-02 23:08:34,贝斯
2022-12-02 23:09:32,吉他
2022-12-02 23:10:30,钢琴
2022-12-02 23:11:28,吉他
2022-12-02 23:12:26,吉他
2022-12-02 23:13:24,圆号
2022-12-02 23:14:22,贝斯
2022-12-02 23:15:20,钢琴
2022-12-02 23:16:18,小提琴
2022-12-02 23:17:16,小提琴
2022-12-02 23:18:14,小提琴
2022-12-02 23:19:12,竖琴
2022-12-02 23:20:10,竖琴
2022-12-02 23:21:08,小提琴
2022-12-02 23:22:06,小提琴
2022-12-02 23:23:04,小提琴
2022-12-02 23:24:02,钢琴
2022-12-02 23:25:00,钢琴
2022-12-02 23:25:58,钢琴
2022-12-02 23:26:56,贝斯
2022-12-02 23:27:54,小提琴
2022-12-02 23:28:52,小提琴
2022-12-02 23:29:50,架子鼓
2022-12-02 23:30:48,吉他
2022-12-02 23:31:46,贝斯
2022-12-02 23:32:44,小提琴
2022-12-02 23:33:42,吉他
2022-12-02 23:34:40,钢琴
2022-12-02 23:35:38,圆号
2022-12-02 23:36:36,架子鼓
2022-12-02 23:37:34,吉他
2022-12-02 23:38:32,架子鼓
2022-12-02 23:39:30,吉他
2022-12-02 23:40:28,小提琴
2022-12-02 23:41:26,小提琴
2022-12-02 23:42:24,架子鼓
2022-12-02 23:43:22,钢琴
2022-12-02 23:44:20,钢琴
2022-12-02 23:45:18,贝斯
2022-12-02 23:46:16,小提琴
2022-12-02 23:47:14,萨克斯风
2022-12-02 23:48:12,钢琴
2022-12-02 23:49:10,贝斯
2022-12-02 23:50:08,小提琴
2022-12-02 23:51:06,小提琴
2022-12-02 23:52:04,钢琴
2022-12-02 23:53:02,圆号
2022-12-02 23:54:00,钢琴
2022-12-02 23:55:56,圆号
2022-12-02 23:56:54,小提琴
2022-12-02 23:57:52,架子鼓
2022-12-02 23:58:50,小提琴
2022-12-02 23:59:48,架子鼓
2022-12-03 00:00:46,小提琴
2022-12-03 00:01:44,贝斯
2022-12-03 00:02:42,圆号
2022-12-03 00:04:38,架子鼓
2022-12-03 00:05:36,钢琴
2022-12-03 00:06:34,萨克斯风
2022-12-03 00:07:32,小提琴
2022-12-03 00:08:30,圆号
2022-12-03 00:09:28,小提琴
2022-12-03 00:10:26,钢琴
2022-12-03 00:11:24,钢琴
2022-12-03 00:12:22,贝斯
2022-12-03 00:13:20,吉他
2022-12-03 00:14:18,贝斯
2022-12-03 00:15:16,吉他
2022-12-03 00:16:14,钢琴
2022-12-03 00:17:12,贝斯
2022-12-03 00:18:10,贝斯
2022-12-03 00:19:08,钢琴
2022-12-03 00:20:06,吉他
2022-12-03 00:21:04,钢琴
2022-12-03 00:22:02,吉他
2022-12-03 00:23:00,钢琴
2022-12-03 00:23:58,小提琴
2022-12-03 00:24:56,吉他
2022-12-03 00:25:54,吉他
2022-12-03 00:26:52,小提琴
2022-12-03 00:27:50,小提琴
2022-12-03 00:28:48,吉他
2022-12-03 00:29:46,小提琴
2022-12-03 00:30:44,钢琴
2022-12-03 00:31:42,小提琴
2022-12-03 00:32:40,钢琴
2022-12-03 00:33:38,圆号
2022-12-03 00:34:36,圆号
2022-12-03 00:35:34,吉他
2022-12-03 00:36:32,钢琴
2022-12-03 00:37:30,小提琴
2022-12-03 00:38:28,贝斯
2022-12-03 00:39:26,竖琴
2022-12-03 00:40:24,吉他
2022-12-03 00:41:22,小提琴
2022-12-03 00:42:20,小提琴
2022-12-03 00:43:18,吉他
2022-12-03 00:44:16,钢琴
2022-12-03 00:45:14,贝斯
2022-12-03 00:46:12,吉他
2022-12-03 00:47:10,贝斯
2022-12-03 00:48:08,小提琴
2022-12-03 00:49:06,钢琴
2022-12-03 00:50:04,贝斯
2022-12-03 00:51:02,吉他
2022-12-03 00:52:00,钢琴
2022-12-03 00:52:58,贝斯
2022-12-03 00:53:56,钢琴
2022-12-03 00:54:54,架子鼓
2022-12-03 00:55:52,贝斯
2022-12-03 00:56:50,圆号
2022-12-03 00:57:48,钢琴
2022-12-03 00:58:46,钢琴
2022-12-03 00:59:44,竖琴
2022-12-03 01:00:42,小提琴
2022-12-03 01:01:40,吉他
2022-12-03 01:02:38,钢琴
2022-12-03 01:03:36,架子鼓
2022-12-03 01:04:34,架子鼓
2022-12-03 01:05:32,钢琴
2022-12-03 01:06:30,小提琴
2022-12-03 01:07:28,架子鼓
2022-12-03 01:08:26,吉他
2022-12-03 01:09:24,钢琴
2022-12-03 01:10:22,钢琴
2022-12-03 01:11:20,小提琴
2022-12-03 01:12:18,竖琴
2022-12-03 01:13:16,吉他
2022-12-03 01:14:14,贝斯
2022-12-03 01:15:12,吉他
2022-12-03 01:16:10,小提琴
2022-12-03 01:17:08,吉他
2022-12-03 01:18:06,小提琴
2022-12-03 01:19:04,贝斯
2022-12-03 01:20:02,吉他
2022-12-03 01:21:00,钢琴
2022-12-03 01:21:58,小提琴
2022-12-03 01:22:56,吉他
2022-12-03 01:23:54,钢琴
2022-12-03 01:24:52,钢琴
2022-12-03 01:25:50,贝斯
2022-12-03 01:26:48,吉他
2022-12-03 01:27:46,小提琴
2022-12-03 01:28:44,钢琴
2022-12-03 01:29:42,钢琴
2022-12-03 01:30:40,小提琴
2022-12-03 01:31:38,竖琴
2022-12-03 01:32:36,小提琴
2022-12-03 01:33:34,架子鼓
2022-12-03 01:34:32,吉他
2022-12-03 01:35:30,小提琴
2022-12-03 01:36:28,吉他
2022-12-03 01:37:26,小提琴
2022-12-03 01:38:24,吉他
2022-12-03 01:39:22,小提琴
2022-12-03 01:40:20,贝斯
2022-12-03 01:41:18,小提琴
2022-12-03 01:42:16,钢琴
2022-12-03 01:43:14,钢琴
2022-12-03 01:44:12,竖琴
2022-12-03 01:45:10,吉他
2022-12-03 01:46:08,萨克斯风
2022-12-03 01:47:06,吉他
2022-12-03 01:48:04,贝斯
2022-12-03 01:49:02,小提琴
2022-12-03 01:50:00,小提琴
2022-12-03 01:50:58,小提琴
2022-12-03 01:51:56,贝斯
2022-12-03 01:52:54,竖琴
2022-12-03 01:53:52,架子鼓
2022-12-03 01:54:50,吉他
2022-12-03 01:55:48,架子鼓
2022-12-03 01:56:46,萨克斯风
2022-12-03 01:57:44,贝斯
2022-12-03 01:58:42,贝斯
2022-12-03 01:59:40,小提琴
2022-12-03 02:00:38,贝斯
2022-12-03 02:01:36,吉他
2022-12-03 02:02:34,钢琴
2022-12-03 02:03:32,贝斯
2022-12-03 02:04:30,竖琴
2022-12-03 02:05:28,钢琴
2022-12-03 02:06:26,吉他
2022-12-03 02:07:24,贝斯
2022-12-03 02:08:22,钢琴
2022-12-03 02:09:20,小提琴
2022-12-03 02:10:18,钢琴
2022-12-03 02:11:16,小提琴
2022-12-03 02:12:14,圆号
2022-12-03 02:13:12,吉他
2022-12-03 02:14:10,吉他
2022-12-03 02:15:08,贝斯
2022-12-03 02:16:06,吉他
2022-12-03 02:17:04,架子鼓
2022-12-03 02:18:02,贝斯
2022-12-03 02:19:0,吉他
2022-12-03 02:19:58,钢琴
2022-12-03 02:20:56,贝斯
2022-12-03 02:21:54,小提琴
2022-12-03 02:22:52,架子鼓
2022-12-03 02:23:50,贝斯
2022-12-03 02:24:48,架子鼓
2022-12-03 02:25:46,圆号
2022-12-03 02:26:44,贝斯
2022-12-03 02:27:42,钢琴
2022-12-03 02:28:40,贝斯
2022-12-03 02:29:38,吉他
2022-12-03 02:30:36,小提琴
2022-12-03 02:31:34,贝斯
2022-12-03 02:32:32,萨克斯风
2022-12-03 02:33:30,小提琴
2022-12-03 02:34:28,贝斯
2022-12-03 02:35:26,钢琴
2022-12-03 02:36:24,小提琴
2022-12-03 02:37:22,竖琴
2022-12-03 02:38:20,贝斯
2022-12-03 02:39:18,钢琴
2022-12-03 02:40:16,吉他
2022-12-03 02:41:14,小提琴
2022-12-03 02:42:12,竖琴
2022-12-03 02:43:10,钢琴
2022-12-03 02:44:08,吉他
2022-12-03 02:45:06,吉他
2022-12-03 02:46:04,钢琴
2022-12-03 02:47:02,贝斯
2022-12-03 02:48:00,架子鼓
2022-12-03 02:48:58,小提琴
2022-12-03 02:49:56,架子鼓
2022-12-03 02:50:54,贝斯
2022-12-03 02:51:52,钢琴
2022-12-03 02:52:50,贝斯
2022-12-03 02:53:48,小提琴
2022-12-03 02:54:46,贝斯
2022-12-03 02:55:44,小提琴
2022-12-03 02:56:42,贝斯
2022-12-03 02:57:40,贝斯
2022-12-03 02:58:38,钢琴
2022-12-03 02:59:36,架子鼓
2022-12-03 03:00:34,圆号
2022-12-03 03:01:32,小提琴
2022-12-03 03:02:30,竖琴
2022-12-03 03:03:28,钢琴
2022-12-03 03:04:26,架子鼓
2022-12-03 03:05:24,钢琴
2022-12-03 03:06:22,吉他
2022-12-03 03:07:20,贝斯
2022-12-03 03:08:18,钢琴
2022-12-03 03:09:16,贝斯
2022-12-03 03:10:14,钢琴
2022-12-03 03:11:12,竖琴
2022-12-03 03:12:10,小提琴
2022-12-03 03:13:08,钢琴
2022-12-03 03:14:06,吉他
2022-12-03 03:15:04,小提琴
2022-12-03 03:16:02,钢琴
2022-12-03 03:17:00,贝斯
2022-12-03 03:17:58,小提琴
2022-12-03 03:18:56,吉他
2022-12-03 03:19:54,钢琴
2022-12-03 03:20:52,贝斯
2022-12-03 03:21:50,贝斯
2022-12-03 03:22:48,贝斯
2022-12-03 03:23:46,钢琴
2022-12-03 03:24:44,吉他
2022-12-03 03:25:42,吉他
2022-12-03 03:26:40,贝斯
2022-12-03 03:27:38,小提琴
2022-12-03 03:28:36,贝斯
2022-12-03 03:29:34,萨克斯风
2022-12-03 03:30:32,竖琴
2022-12-03 03:31:30,架子鼓
2022-12-03 03:32:28,圆号
2022-12-03 03:33:26,架子鼓
2022-12-03 03:34:24,架子鼓
2022-12-03 03:35:22,钢琴
2022-12-03 03:36:20,小提琴
2022-12-03 03:37:18,竖琴
2022-12-03 03:38:16,贝斯
2022-12-03 03:39:14,吉他
2022-12-03 03:40:12,钢琴
2022-12-03 03:41:10,贝斯
2022-12-03 03:42:08,圆号
2022-12-03 03:43:06,贝斯
2022-12-03 03:44:04,钢琴
2022-12-03 03:45:02,贝斯
2022-12-03 03:46:00,架子鼓
2022-12-03 03:46:58,吉他
2022-12-03 03:47:56,钢琴
2022-12-03 03:48:54,贝斯
2022-12-03 03:49:52,钢琴
2022-12-03 03:50:50,贝斯
2022-12-03 03:51:48,钢琴
2022-12-03 03:52:46,贝斯
2022-12-03 03:53:44,吉他
2022-12-03 03:54:42,钢琴
2022-12-03 03:55:40,吉他
2022-12-03 03:56:38,架子鼓
2022-12-03 03:57:36,小提琴
2022-12-03 03:58:34,钢琴
2022-12-03 03:59:32,架子鼓
2022-12-03 04:00:30,小提琴
2022-12-03 04:01:28,小提琴
2022-12-03 04:02:26,钢琴
2022-12-03 04:03:24,贝斯
2022-12-03 04:04:22,钢琴
2022-12-03 04:05:20,架子鼓
2022-12-03 04:06:18,钢琴
2022-12-03 04:07:16,贝斯
2022-12-03 04:08:14,小提琴
2022-12-03 04:09:12,架子鼓
2022-12-03 04:10:10,架子鼓
2022-12-03 04:11:08,吉他
2022-12-03 04:12:06,萨克斯风
2022-12-03 04:13:04,钢琴
2022-12-03 04:14:02,小提琴
2022-12-03 04:15:00,吉他
2022-12-03 04:15:58,小提琴
2022-12-03 04:16:56,架子鼓
2022-12-03 04:17:54,小提琴
2022-12-03 04:18:52,贝斯
2022-12-03 04:19:50,钢琴
2022-12-03 04:20:48,钢琴
2022-12-03 04:21:46,钢琴
2022-12-03 04:22:44,贝斯
2022-12-03 04:23:42,贝斯
2022-12-03 04:24:40,架子鼓
2022-12-03 04:25:38,钢琴
2022-12-03 04:26:36,小提琴
2022-12-03 04:27:34,贝斯
2022-12-03 04:28:32,贝斯
2022-12-03 04:29:30,钢琴
2022-12-03 04:30:28,贝斯
2022-12-03 04:31:26,吉他
2022-12-03 04:32:24,吉他
2022-12-03 04:33:22,贝斯
2022-12-03 04:34:20,吉他
2022-12-03 04:35:18,贝斯
2022-12-03 04:36:16,小提琴
2022-12-03 04:37:14,贝斯
2022-12-03 04:38:12,萨克斯风
2022-12-03 04:39:10,钢琴
2022-12-03 04:40:08,钢琴
2022-12-03 04:41:06,贝斯
2022-12-03 04:42:04,小提琴
2022-12-03 04:43:02,小提琴
2022-12-03 04:44:00,贝斯
2022-12-03 04:44:58,吉他
2022-12-03 04:45:56,钢琴
2022-12-03 04:46:54,小提琴
2022-12-03 04:47:52,小提琴
2022-12-03 04:48:50,小提琴
2022-12-03 04:49:48,贝斯
2022-12-03 04:50:46,贝斯
2022-12-03 04:51:44,钢琴
2022-12-03 04:52:42,贝斯
2022-12-03 04:53:40,吉他
2022-12-03 04:54:38,钢琴
2022-12-03 04:55:36,吉他
2022-12-03 04:56:34,吉他
2022-12-03 04:57:32,钢琴
2022-12-03 04:58:30,萨克斯风
2022-12-03 04:59:28,钢琴
2022-12-03 05:00:26,钢琴
2022-12-03 05:01:24,钢琴
2022-12-03 05:02:22,贝斯
2022-12-03 05:03:20,贝斯
2022-12-03 05:04:18,架子鼓
2022-12-03 05:05:16,吉他
2022-12-03 05:06:14,圆号
2022-12-03 05:07:12,吉他
2022-12-03 05:08:10,萨克斯风
2022-12-03 05:09:08,架子鼓
2022-12-03 05:10:06,吉他
2022-12-03 05:11:04,贝斯
2022-12-03 05:12:02,小提琴
2022-12-03 05:13:00,小提琴
2022-12-03 05:13:58,吉他
2022-12-03 05:14:56,小提琴
2022-12-03 05:15:54,架子鼓
2022-12-03 05:16:52,小提琴
2022-12-03 05:17:50,圆号
2022-12-03 05:18:48,吉他
2022-12-03 05:19:46,贝斯
2022-12-03 05:20:44,贝斯
2022-12-03 05:21:42,吉他
2022-12-03 05:22:40,小提琴
2022-12-03 05:23:38,架子鼓
2022-12-03 05:24:36,钢琴
2022-12-03 05:25:34,钢琴
2022-12-03 05:26:32,竖琴
2022-12-03 05:27:30,架子鼓
2022-12-03 05:28:28,钢琴
2022-12-03 05:29:26,吉他
2022-12-03 05:30:24,钢琴
2022-12-03 05:31:22,小提琴
2022-12-03 05:32:20,吉他
2022-12-03 05:33:18,吉他
2022-12-03 05:34:16,吉他
2022-12-03 05:35:14,钢琴
2022-12-03 05:36:12,钢琴
2022-12-03 05:37:10,钢琴
2022-12-03 05:38:08,钢琴
2022-12-03 05:39:06,竖琴
2022-12-03 05:40:04,萨克斯风
2022-12-03 05:41:02,竖琴
2022-12-03 05:42:00,吉他
2022-12-03 05:42:58,吉他
2022-12-03 05:43:56,贝斯
2022-12-03 05:44:54,吉他
2022-12-03 05:45:52,钢琴
2022-12-03 05:46:50,吉他
2022-12-03 05:47:48,吉他
2022-12-03 05:48:46,贝斯
2022-12-03 05:49:44,萨克斯风
2022-12-03 05:50:42,贝斯
2022-12-03 05:51:40,吉他
2022-12-03 05:52:38,吉他
2022-12-03 05:53:36,小提琴
2022-12-03 05:54:34,萨克斯风
2022-12-03 05:55:32,吉他
2022-12-03 05:56:30,小提琴
2022-12-03 05:57:28,小提琴
2022-12-03 05:58:26,钢琴
2022-12-03 05:59:24,钢琴
2022-12-03 06:00:22,架子鼓
2022-12-03 06:01:20,架子鼓
2022-12-03 06:02:18,竖琴
2022-12-03 06:03:16,竖琴
2022-12-03 06:04:14,贝斯
2022-12-03 06:05:12,吉他
2022-12-03 06:06:10,圆号
2022-12-03 06:07:08,吉他
2022-12-03 06:08:06,吉他
2022-12-03 06:09:04,钢琴
2022-12-03 06:10:02,架子鼓
2022-12-03 06:11:00,吉他
2022-12-03 06:11:58,钢琴
2022-12-03 06:12:56,圆号
2022-12-03 06:13:54,竖琴
2022-12-03 06:14:52,贝斯
2022-12-03 06:15:50,小提琴
2022-12-03 06:16:48,小提琴
2022-12-03 06:17:46,萨克斯风
2022-12-03 06:18:44,吉他
2022-12-03 06:19:42,小提琴
2022-12-03 06:20:40,小提琴
2022-12-03 06:21:38,架子鼓
2022-12-03 06:22:36,钢琴
2022-12-03 06:23:34,贝斯
2022-12-03 06:24:32,竖琴
2022-12-03 06:25:30,吉他
2022-12-03 06:26:28,吉他
2022-12-03 06:27:26,钢琴
2022-12-03 06:28:24,架子鼓
2022-12-03 06:29:22,钢琴
2022-12-03 06:30:20,钢琴
2022-12-03 06:31:18,竖琴
2022-12-03 06:32:16,小提琴
2022-12-03 06:33:14,小提琴
2022-12-03 06:34:12,圆号
2022-12-03 06:35:10,小提琴
2022-12-03 06:36:08,小提琴
2022-12-03 06:37:06,架子鼓
2022-12-03 06:38:04,小提琴
2022-12-03 06:39:02,小提琴
2022-12-03 06:40:00,钢琴
2022-12-03 06:40:58,吉他
2022-12-03 06:41:56,竖琴
2022-12-03 06:42:54,钢琴
2022-12-03 06:43:52,钢琴
2022-12-03 06:44:50,吉他
2022-12-03 06:45:48,小提琴
2022-12-03 06:46:46,吉他
2022-12-03 06:47:44,小提琴
2022-12-03 06:48:42,贝斯
2022-12-03 06:49:40,贝斯
2022-12-03 06:50:38,钢琴
2022-12-03 06:51:36,贝斯
2022-12-03 06:52:34,小提琴
2022-12-03 06:53:32,贝斯
2022-12-03 06:54:30,吉他
2022-12-03 06:55:28,架子鼓
2022-12-03 06:56:26,钢琴
2022-12-03 06:57:24,贝斯
2022-12-03 06:58:22,钢琴
2022-12-03 06:59:20,架子鼓
2022-12-03 07:00:18,吉他
2022-12-03 07:01:16,贝斯
2022-12-03 07:02:14,钢琴
2022-12-03 07:03:12,小提琴
2022-12-03 07:04:10,吉他
2022-12-03 07:05:08,架子鼓
2022-12-03 07:06:06,贝斯
2022-12-03 07:07:04,钢琴
2022-12-03 07:08:02,贝斯
2022-12-03 07:09:00,钢琴
2022-12-03 07:09:58,萨克斯风
2022-12-03 07:10:56,钢琴
2022-12-03 07:11:54,小提琴
2022-12-03 07:12:52,贝斯
2022-12-03 07:13:50,小提琴
2022-12-03 07:14:48,钢琴
2022-12-03 07:15:46,贝斯
2022-12-03 07:16:44,吉他
2022-12-03 07:17:42,吉他
2022-12-03 07:18:40,圆号
2022-12-03 07:19:38,架子鼓
2022-12-03 07:20:36,萨克斯风
2022-12-03 07:21:34,钢琴
2022-12-03 07:22:32,架子鼓
2022-12-03 07:23:30,吉他
2022-12-03 07:24:28,钢琴
2022-12-03 07:25:26,竖琴
2022-12-03 07:26:24,贝斯
2022-12-03 07:27:22,竖琴
2022-12-03 07:28:20,贝斯
2022-12-03 07:29:18,钢琴
2022-12-03 07:30:16,竖琴
2022-12-03 07:31:14,小提琴
2022-12-03 07:32:12,小提琴
2022-12-03 07:33:10,贝斯
2022-12-03 07:34:08,吉他
2022-12-03 07:35:06,钢琴
2022-12-03 07:36:04,吉他
2022-12-03 07:37:02,小提琴
2022-12-03 07:38:00,钢琴
2022-12-03 07:38:58,吉他
2022-12-03 07:39:56,钢琴
2022-12-03 07:40:54,吉他
2022-12-03 07:41:52,竖琴
2022-12-03 07:42:50,小提琴
2022-12-03 07:43:48,贝斯
2022-12-03 07:44:46,贝斯
2022-12-03 07:45:44,小提琴
2022-12-03 07:46:42,贝斯
2022-12-03 07:47:40,贝斯
2022-12-03 07:48:38,小提琴
2022-12-03 07:49:36,架子鼓
2022-12-03 07:50:34,钢琴
2022-12-03 07:51:32,小提琴
2022-12-03 07:52:30,架子鼓
2022-12-03 07:53:28,竖琴
2022-12-03 07:54:26,贝斯
2022-12-03 07:55:24,架子鼓
2022-12-03 07:56:22,贝斯
2022-12-03 07:57:20,钢琴
2022-12-03 07:58:18,贝斯
2022-12-03 07:59:16,钢琴
2022-12-03 08:00:14,贝斯
2022-12-03 08:01:12,竖琴
2022-12-03 08:02:10,吉他
2022-12-03 08:03:08,架子鼓
2022-12-03 08:04:06,萨克斯风
2022-12-03 08:05:04,贝斯
2022-12-03 08:06:02,钢琴
2022-12-03 08:07:00,贝斯
2022-12-03 08:07:58,钢琴
2022-12-03 08:08:56,钢琴
2022-12-03 08:09:54,圆号
2022-12-03 08:10:52,贝斯
2022-12-03 08:11:50,吉他
2022-12-03 08:12:48,贝斯
2022-12-03 08:13:46,吉他
2022-12-03 08:14:44,小提琴
2022-12-03 08:15:42,吉他
2022-12-03 08:16:40,钢琴
2022-12-03 08:17:38,钢琴
2022-12-03 08:18:36,钢琴
2022-12-03 08:19:34,小提琴
2022-12-03 08:20:32,钢琴
2022-12-03 08:21:30,吉他
2022-12-03 08:22:28,架子鼓
2022-12-03 08:23:26,萨克斯风
2022-12-03 08:24:24,钢琴
2022-12-03 08:25:22,架子鼓
2022-12-03 08:26:20,吉他
2022-12-03 08:27:18,钢琴
2022-12-03 08:28:16,钢琴
2022-12-03 08:29:14,小提琴
2022-12-03 08:30:12,钢琴
2022-12-03 08:31:10,吉他
2022-12-03 08:32:08,竖琴
2022-12-03 08:33:06,小提琴
2022-12-03 08:34:04,吉他
2022-12-03 08:35:02,贝斯
2022-12-03 08:36:00,吉他
2022-12-03 08:36:58,小提琴
2022-12-03 08:37:56,钢琴
2022-12-03 08:38:54,圆号
2022-12-03 08:39:52,贝斯
2022-12-03 08:40:50,架子鼓
2022-12-03 08:41:48,贝斯
2022-12-03 08:42:46,吉他
2022-12-03 08:43:44,钢琴
2022-12-03 08:44:42,钢琴
2022-12-03 08:45:40,钢琴
2022-12-03 08:46:38,竖琴
2022-12-03 08:47:36,吉他
2022-12-03 08:48:34,贝斯
2022-12-03 08:49:32,架子鼓
2022-12-03 08:50:30,架子鼓
2022-12-03 08:51:28,小提琴
2022-12-03 08:52:26,贝斯
2022-12-03 08:53:24,钢琴
2022-12-03 08:54:22,贝斯
2022-12-03 08:55:20,钢琴
2022-12-03 08:56:18,贝斯
2022-12-03 08:57:16,吉他
2022-12-03 08:58:14,钢琴
2022-12-03 08:59:12,贝斯
2022-12-03 09:00:10,贝斯
2022-12-03 09:01:08,钢琴
2022-12-03 09:02:06,竖琴
2022-12-03 09:03:04,贝斯
2022-12-03 09:04:02,圆号
2022-12-03 09:05:00,小提琴
2022-12-03 09:05:58,架子鼓
2022-12-03 09:06:56,萨克斯风
2022-12-03 09:07:54,贝斯
2022-12-03 09:08:52,钢琴
2022-12-03 09:09:50,竖琴
2022-12-03 09:10:48,吉他
2022-12-03 09:11:46,钢琴
2022-12-03 09:12:44,吉他
2022-12-03 09:13:42,贝斯
2022-12-03 09:14:40,吉他
2022-12-03 09:15:38,小提琴
2022-12-03 09:16:36,贝斯
2022-12-03 09:17:34,小提琴
2022-12-03 09:18:32,钢琴
2022-12-03 09:19:30,贝斯
2022-12-03 09:20:28,钢琴
2022-12-03 09:21:26,钢琴
2022-12-03 09:22:24,钢琴
2022-12-03 09:46:34,钢琴
2022-12-03 09:47:32,架子鼓
2022-12-03 09:48:30,钢琴
2022-12-03 09:49:28,小提琴
2022-12-03 09:50:26,吉他
2022-12-03 09:51:24,架子鼓
2022-12-03 09:52:22,吉他
2022-12-03 09:53:20,吉他
2022-12-03 09:54:18,架子鼓
2022-12-03 09:55:16,吉他
2022-12-03 09:56:14,贝斯
2022-12-03 09:57:12,架子鼓
2022-12-03 09:58:10,钢琴
2022-12-03 09:59:08,小提琴
2022-12-03 10:00:06,萨克斯风
2022-12-03 10:01:04,贝斯
2022-12-03 10:02:02,吉他
2022-12-03 10:03:00,吉他
2022-12-03 10:03:58,小提琴
2022-12-03 10:04:56,吉他
2022-12-03 10:05:54,钢琴
2022-12-03 10:06:52,钢琴
2022-12-03 10:07:50,小提琴
2022-12-03 10:08:48,吉他
2022-12-03 10:09:46,圆号
2022-12-03 10:10:44,小提琴
2022-12-03 10:11:42,萨克斯风
2022-12-03 10:12:40,贝斯
2022-12-03 10:13:38,钢琴
2022-12-03 10:14:36,贝斯
2022-12-03 10:15:34,钢琴
2022-12-03 10:16:32,钢琴
2022-12-03 10:17:30,贝斯
2022-12-03 10:18:28,小提琴
2022-12-03 10:19:26,吉他
2022-12-03 10:20:24,钢琴
2022-12-03 10:21:22,吉他
2022-12-03 10:22:20,小提琴
2022-12-03 10:23:18,贝斯
2022-12-03 10:24:16,吉他
2022-12-03 10:25:14,钢琴
2022-12-03 10:26:12,架子鼓
2022-12-03 10:27:10,小提琴
2022-12-03 10:28:08,小提琴
2022-12-03 10:29:06,吉他
2022-12-03 10:30:04,小提琴
2022-12-03 10:31:02,小提琴
2022-12-03 10:32:00,钢琴
2022-12-03 10:32:58,吉他
2022-12-03 10:33:56,架子鼓
2022-12-03 10:34:54,贝斯
2022-12-03 10:35:52,钢琴
2022-12-03 10:36:50,小提琴
2022-12-03 10:37:48,贝斯
2022-12-03 10:38:46,贝斯
2022-12-03 10:39:44,钢琴
2022-12-03 10:40:42,吉他
2022-12-03 10:41:40,贝斯
2022-12-03 10:42:38,吉他
2022-12-03 10:43:36,贝斯
2022-12-03 10:44:34,小提琴
2022-12-03 10:45:32,架子鼓
2022-12-03 10:46:30,吉他
2022-12-03 10:47:28,架子鼓
2022-12-03 10:48:26,钢琴
2022-12-03 10:49:24,吉他
2022-12-03 10:50:22,贝斯
2022-12-03 10:51:20,架子鼓
2022-12-03 10:52:18,小提琴
2022-12-03 10:53:16,吉他
2022-12-03 10:54:14,小提琴
2022-12-03 10:55:12,贝斯
2022-12-03 10:56:10,贝斯
2022-12-03 10:57:08,吉他
2022-12-03 10:58:06,吉他
2022-12-03 10:59:04,贝斯
2022-12-03 11:00:02,吉他
2022-12-03 11:01:00,架子鼓
2022-12-03 11:01:58,小提琴
2022-12-03 11:02:56,贝斯
2022-12-03 11:03:54,小提琴
2022-12-03 11:04:52,小提琴
2022-12-03 11:05:50,贝斯
2022-12-03 11:06:48,贝斯
2022-12-03 11:07:46,吉他
2022-12-03 11:08:44,小提琴
2022-12-03 11:09:42,贝斯
2022-12-03 11:10:40,竖琴
2022-12-03 11:11:38,小提琴
2022-12-03 11:12:36,贝斯
2022-12-03 11:13:34,小提琴
2022-12-03 11:14:32,贝斯
2022-12-03 11:15:30,吉他
2022-12-03 11:16:28,圆号
2022-12-03 11:17:26,架子鼓
2022-12-03 11:18:24,萨克斯风
2022-12-03 11:19:22,小提琴
2022-12-03 11:20:20,钢琴
2022-12-03 11:21:18,小提琴
2022-12-03 11:22:16,小提琴
2022-12-03 11:23:14,圆号
2022-12-03 11:24:12,小提琴
2022-12-03 11:25:10,贝斯
2022-12-03 11:26:08,小提琴
2022-12-03 11:27:06,钢琴
2022-12-03 11:28:04,钢琴
2022-12-03 11:29:02,钢琴
2022-12-03 11:30:00,钢琴
2022-12-03 11:30:58,贝斯
2022-12-03 11:31:56,小提琴
2022-12-03 11:32:54,贝斯
2022-12-03 11:33:52,钢琴
2022-12-03 11:34:50,小提琴
2022-12-03 11:35:48,贝斯
2022-12-03 11:36:46,小提琴
2022-12-03 11:37:44,吉他
2022-12-03 11:38:42,架子鼓
2022-12-03 11:39:40,钢琴
2022-12-03 11:40:38,小提琴
2022-12-03 11:41:36,小提琴
2022-12-03 11:42:34,钢琴
2022-12-03 11:43:32,吉他
2022-12-03 11:44:30,钢琴
2022-12-03 11:45:28,吉他
2022-12-03 11:46:26,钢琴
2022-12-03 11:47:24,小提琴
2022-12-03 11:48:22,贝斯
2022-12-03 11:49:20,萨克斯风
2022-12-03 11:50:18,萨克斯风
2022-12-03 11:51:16,贝斯
2022-12-03 11:52:14,吉他
2022-12-03 11:53:12,贝斯
2022-12-03 11:54:10,吉他
2022-12-03 11:55:08,圆号
2022-12-03 11:56:06,贝斯
2022-12-03 11:57:04,贝斯
2022-12-03 11:58:02,吉他
2022-12-03 11:59:00,小提琴
2022-12-03 11:59:58,贝斯
2022-12-03 12:00:56,贝斯
2022-12-03 12:01:54,小提琴
2022-12-03 12:02:52,架子鼓
2022-12-03 12:03:50,小提琴
2022-12-03 12:04:48,小提琴
2022-12-03 12:05:46,钢琴
2022-12-03 12:06:44,小提琴
2022-12-03 12:07:42,竖琴
2022-12-03 12:08:40,贝斯
2022-12-03 12:09:38,小提琴
2022-12-03 12:10:36,贝斯
2022-12-03 12:11:34,钢琴
2022-12-03 12:12:32,吉他
2022-12-03 12:13:30,吉他
2022-12-03 12:14:28,贝斯
2022-12-03 12:15:26,小提琴
2022-12-03 12:16:24,贝斯
2022-12-03 12:17:22,小提琴
2022-12-03 12:18:20,钢琴
2022-12-03 12:19:18,吉他
2022-12-03 12:20:16,贝斯
2022-12-03 12:21:14,贝斯
2022-12-03 12:22:12,小提琴
2022-12-03 12:23:10,贝斯
2022-12-03 12:24:08,吉他
2022-12-03 12:25:06,小提琴
2022-12-03 12:26:04,贝斯
2022-12-03 12:27:02,吉他
2022-12-03 12:28:00,贝斯
2022-12-03 12:28:58,贝斯
2022-12-03 12:29:56,贝斯
2022-12-03 12:30:54,竖琴
2022-12-03 12:31:52,吉他
2022-12-03 12:32:50,吉他
2022-12-03 12:33:48,小提琴
2022-12-03 12:34:46,钢琴
2022-12-03 12:35:44,吉他
2022-12-03 12:36:42,贝斯
2022-12-03 12:37:40,贝斯
2022-12-03 12:38:38,钢琴
2022-12-03 12:39:36,吉他
2022-12-03 12:40:34,吉他
2022-12-03 12:41:32,小提琴
2022-12-03 12:42:30,小提琴
2022-12-03 12:43:28,贝斯
2022-12-03 12:44:26,小提琴
2022-12-03 12:45:24,竖琴
2022-12-03 12:46:22,小提琴
2022-12-03 12:47:20,贝斯
2022-12-03 12:48:18,贝斯
2022-12-03 12:49:16,钢琴
2022-12-03 12:50:14,小提琴
2022-12-03 12:51:12,贝斯
2022-12-03 12:52:10,吉他
2022-12-03 12:53:08,钢琴
2022-12-03 12:54:06,吉他
2022-12-03 12:55:04,小提琴
2022-12-03 12:56:02,小提琴
2022-12-03 12:57:00,吉他
2022-12-03 12:57:58,贝斯
2022-12-03 12:58:56,小提琴
2022-12-03 12:59:54,钢琴
2022-12-03 13:00:52,小提琴
2022-12-03 13:01:50,小提琴
2022-12-03 13:02:48,钢琴
2022-12-03 13:03:46,贝斯
2022-12-03 13:04:44,小提琴
2022-12-03 13:05:42,钢琴
2022-12-03 13:06:40,圆号
2022-12-03 13:07:38,吉他
2022-12-03 13:08:36,贝斯
2022-12-03 13:09:34,吉他
2022-12-03 13:10:32,贝斯
2022-12-03 13:11:30,萨克斯风
2022-12-03 13:12:28,萨克斯风
2022-12-03 13:13:26,小提琴
2022-12-03 13:14:24,小提琴
2022-12-03 13:15:22,吉他
2022-12-03 13:16:20,小提琴
2022-12-03 13:17:18,贝斯
2022-12-03 13:18:16,吉他
2022-12-03 13:19:14,吉他
2022-12-03 13:20:12,钢琴
2022-12-03 13:21:10,吉他
2022-12-03 13:22:08,钢琴
2022-12-03 13:23:06,贝斯
2022-12-03 13:24:04,小提琴
2022-12-03 13:25:02,钢琴
2022-12-03 13:26:00,钢琴
2022-12-03 13:26:58,竖琴
2022-12-03 13:27:56,钢琴
2022-12-03 13:28:54,贝斯
2022-12-03 13:29:52,钢琴
2022-12-03 13:30:50,吉他
2022-12-03 13:31:48,小提琴
2022-12-03 13:32:46,吉他
2022-12-03 13:33:44,架子鼓
2022-12-03 13:34:42,竖琴
2022-12-03 13:35:40,贝斯
2022-12-03 13:36:38,钢琴
2022-12-03 13:37:36,钢琴
2022-12-03 13:38:34,小提琴
2022-12-03 13:39:32,吉他
2022-12-03 13:40:30,钢琴
2022-12-03 13:41:28,架子鼓
2022-12-03 13:42:26,竖琴
2022-12-03 13:43:24,架子鼓
2022-12-03 13:44:22,钢琴
2022-12-03 13:45:20,吉他
2022-12-03 13:46:18,架子鼓
2022-12-03 13:47:16,吉他
2022-12-03 13:48:14,贝斯
2022-12-03 13:49:12,竖琴
2022-12-03 13:50:10,贝斯
2022-12-03 13:51:08,吉他
2022-12-03 13:52:06,贝斯
2022-12-03 13:53:04,架子鼓
2022-12-03 13:54:02,架子鼓
2022-12-03 13:55:00,贝斯
2022-12-03 13:55:58,小提琴
2022-12-03 13:56:56,钢琴
2022-12-03 13:57:54,贝斯
2022-12-03 13:58:52,小提琴
2022-12-03 13:59:50,钢琴
2022-12-03 14:00:48,贝斯
2022-12-03 14:01:46,小提琴
2022-12-03 14:02:44,竖琴
2022-12-03 14:03:42,架子鼓
2022-12-03 14:04:40,钢琴
2022-12-03 14:05:38,钢琴
2022-12-03 14:06:36,小提琴
2022-12-03 14:07:34,钢琴
2022-12-03 14:08:32,钢琴
2022-12-03 14:09:30,圆号
2022-12-03 14:10:28,吉他
2022-12-03 14:11:26,小提琴
2022-12-03 14:12:24,架子鼓
2022-12-03 14:13:22,架子鼓
2022-12-03 14:14:20,贝斯
2022-12-03 14:15:18,吉他
2022-12-03 14:16:16,贝斯
2022-12-03 14:17:14,吉他
2022-12-03 14:18:12,小提琴
2022-12-03 14:19:10,吉他
2022-12-03 14:20:08,小提琴
2022-12-03 14:21:06,钢琴
2022-12-03 14:22:04,小提琴
2022-12-03 14:23:02,吉他
2022-12-03 14:24:00,竖琴
2022-12-03 14:24:58,贝斯
2022-12-03 14:25:56,吉他
2022-12-03 14:26:54,小提琴
2022-12-03 14:27:52,小提琴
2022-12-03 14:28:50,架子鼓
2022-12-03 14:29:48,吉他
2022-12-03 14:30:46,贝斯
2022-12-03 14:31:44,架子鼓
2022-12-03 14:32:42,贝斯
2022-12-03 14:33:40,竖琴
2022-12-03 14:34:38,吉他
2022-12-03 14:35:36,小提琴
2022-12-03 14:36:34,架子鼓
2022-12-03 14:37:32,贝斯
2022-12-03 14:38:30,架子鼓
2022-12-03 14:39:28,钢琴
2022-12-03 14:40:26,小提琴
2022-12-03 14:41:24,钢琴
2022-12-03 14:42:22,圆号
2022-12-03 14:43:20,圆号
2022-12-03 14:44:18,小提琴
2022-12-03 14:45:16,架子鼓
2022-12-03 14:46:14,吉他
2022-12-03 14:47:12,贝斯
2022-12-03 14:48:10,钢琴
2022-12-03 14:49:08,吉他
2022-12-03 14:50:06,钢琴
2022-12-03 14:51:04,吉他
2022-12-03 14:52:02,架子鼓
2022-12-03 14:53:00,贝斯
2022-12-03 14:53:58,吉他
2022-12-03 14:54:56,吉他
2022-12-03 14:55:54,吉他
2022-12-03 14:56:52,小提琴
2022-12-03 14:57:50,贝斯
2022-12-03 14:58:48,贝斯
2022-12-03 14:59:46,贝斯
2022-12-03 15:00:44,吉他
2022-12-03 15:01:42,小提琴
2022-12-03 15:02:40,钢琴
2022-12-03 15:03:38,竖琴
2022-12-03 15:04:36,小提琴
2022-12-03 15:05:34,架子鼓
2022-12-03 15:06:32,钢琴
2022-12-03 15:07:30,小提琴
2022-12-03 15:08:28,贝斯
2022-12-03 15:09:26,吉他
2022-12-03 15:10:24,贝斯
2022-12-03 15:11:22,钢琴
2022-12-03 15:12:20,贝斯
2022-12-03 15:13:18,小提琴
2022-12-03 15:14:16,钢琴
2022-12-03 15:15:14,贝斯
2022-12-03 15:16:12,钢琴
2022-12-03 15:17:10,钢琴
2022-12-03 15:18:08,小提琴
2022-12-03 15:19:06,架子鼓
2022-12-03 15:20:04,小提琴
2022-12-03 15:21:02,钢琴
2022-12-03 15:22:00,吉他
2022-12-03 15:22:58,贝斯
2022-12-03 15:23:56,吉他
2022-12-03 15:24:54,小提琴
2022-12-03 15:25:52,钢琴
2022-12-03 15:26:50,吉他
2022-12-03 15:27:48,贝斯
2022-12-03 15:28:46,小提琴
2022-12-03 15:29:44,吉他
2022-12-03 15:30:42,吉他
2022-12-03 15:31:40,吉他
2022-12-03 15:32:38,吉他
2022-12-03 15:33:36,吉他
2022-12-03 15:34:34,钢琴
2022-12-03 15:35:32,小提琴
2022-12-03 15:36:30,贝斯
2022-12-03 15:37:28,架子鼓
2022-12-03 15:38:26,钢琴
2022-12-03 15:39:24,小提琴
2022-12-03 15:40:22,贝斯
2022-12-03 15:41:20,贝斯
2022-12-03 15:42:18,小提琴
2022-12-03 15:43:16,钢琴
2022-12-03 15:44:14,竖琴
2022-12-03 15:45:12,萨克斯风
2022-12-03 15:46:10,吉他
2022-12-03 15:47:08,架子鼓
2022-12-03 15:48:06,钢琴
2022-12-03 15:49:04,贝斯
2022-12-03 15:50:02,圆号
2022-12-03 15:51:00,架子鼓
2022-12-03 15:51:58,小提琴
2022-12-03 15:52:56,小提琴
2022-12-03 15:53:54,架子鼓
2022-12-03 15:54:52,小提琴
2022-12-03 15:55:50,贝斯
2022-12-03 15:56:48,钢琴
2022-12-03 15:57:46,吉他
2022-12-03 15:58:44,贝斯
2022-12-03 15:59:42,钢琴
2022-12-03 16:00:40,萨克斯风
2022-12-03 16:01:38,小提琴
2022-12-03 16:02:36,贝斯
2022-12-03 16:03:34,小提琴
2022-12-03 16:04:32,萨克斯风
2022-12-03 16:05:30,小提琴
2022-12-03 16:06:28,小提琴
2022-12-03 16:07:26,吉他
2022-12-03 16:08:24,贝斯
2022-12-03 16:09:22,吉他
2022-12-03 16:10:20,竖琴
2022-12-03 16:11:18,吉他
2022-12-03 16:12:16,钢琴
2022-12-03 16:13:14,小提琴
2022-12-03 16:14:12,萨克斯风
2022-12-03 16:15:10,钢琴
2022-12-03 16:16:08,钢琴
2022-12-03 16:17:06,小提琴
2022-12-03 16:18:04,贝斯
2022-12-03 16:19:02,钢琴
2022-12-03 16:20:00,竖琴
2022-12-03 16:20:58,贝斯
2022-12-03 16:21:56,小提琴
2022-12-03 16:22:54,钢琴
2022-12-03 16:23:52,小提琴
2022-12-03 16:24:50,吉他
2022-12-03 16:25:48,架子鼓
2022-12-03 16:26:46,小提琴
2022-12-03 16:27:44,小提琴
2022-12-03 16:28:42,圆号
2022-12-03 16:29:40,圆号
2022-12-03 16:30:38,钢琴
2022-12-03 16:31:36,贝斯
2022-12-03 16:32:34,吉他
2022-12-03 16:33:32,小提琴
2022-12-03 16:34:30,小提琴
2022-12-03 16:35:28,小提琴
2022-12-03 16:36:26,钢琴
2022-12-03 16:37:24,架子鼓
2022-12-03 16:38:22,小提琴
2022-12-03 16:39:20,钢琴
2022-12-03 16:40:18,钢琴
2022-12-03 16:41:16,钢琴
2022-12-03 16:42:14,架子鼓
2022-12-03 16:43:12,钢琴
2022-12-03 16:44:10,小提琴
2022-12-03 16:45:08,架子鼓
2022-12-03 16:46:06,钢琴
2022-12-03 16:47:04,钢琴
2022-12-03 16:48:02,贝斯
2022-12-03 16:49:00,钢琴
2022-12-03 16:49:58,贝斯
2022-12-03 16:50:56,贝斯
2022-12-03 16:51:54,小提琴
2022-12-03 16:52:52,钢琴
2022-12-03 16:53:50,吉他
2022-12-03 16:54:48,贝斯
2022-12-03 16:55:46,架子鼓
2022-12-03 16:56:44,钢琴
2022-12-03 16:57:42,小提琴
2022-12-03 16:58:40,小提琴
2022-12-03 16:59:38,吉他
2022-12-03 17:00:36,钢琴
2022-12-03 17:01:34,吉他
2022-12-03 17:02:32,贝斯
2022-12-03 17:03:30,架子鼓
2022-12-03 17:04:28,贝斯
2022-12-03 17:05:26,贝斯
2022-12-03 17:06:24,钢琴
2022-12-03 17:07:22,钢琴
2022-12-03 17:08:20,钢琴
2022-12-03 17:09:18,贝斯
2022-12-03 17:10:16,吉他
2022-12-03 17:11:14,小提琴
2022-12-03 17:12:12,小提琴
2022-12-03 17:13:10,小提琴
2022-12-03 17:14:08,小提琴
2022-12-03 17:15:06,贝斯
2022-12-03 17:16:04,小提琴
2022-12-03 17:17:02,竖琴
2022-12-03 17:18:00,小提琴
2022-12-03 17:18:58,架子鼓
2022-12-03 17:19:56,圆号
2022-12-03 17:20:54,吉他
2022-12-03 17:21:52,钢琴
2022-12-03 17:22:50,贝斯
2022-12-03 17:23:48,贝斯
2022-12-03 17:24:46,钢琴
2022-12-03 17:25:44,吉他
2022-12-03 17:26:42,贝斯
2022-12-03 17:27:40,小提琴
2022-12-03 17:28:38,钢琴
2022-12-03 17:29:36,贝斯
2022-12-03 17:30:34,架子鼓
2022-12-03 17:31:32,小提琴
2022-12-03 17:32:30,贝斯
2022-12-03 17:33:28,吉他
2022-12-03 17:34:26,萨克斯风
2022-12-03 17:35:24,贝斯
2022-12-03 17:36:22,吉他
2022-12-03 17:37:20,萨克斯风
2022-12-03 17:38:18,贝斯
2022-12-03 17:39:16,架子鼓
2022-12-03 17:40:14,架子鼓
2022-12-03 17:41:12,小提琴
2022-12-03 17:42:10,贝斯
2022-12-03 17:43:08,贝斯
2022-12-03 17:44:06,小提琴
2022-12-03 17:45:04,小提琴
2022-12-03 17:46:02,钢琴
2022-12-03 17:47:00,萨克斯风
2022-12-03 17:47:58,架子鼓
2022-12-03 17:48:56,小提琴
2022-12-03 17:49:54,钢琴
2022-12-03 17:50:52,贝斯
2022-12-03 17:51:50,吉他
2022-12-03 17:52:48,竖琴
2022-12-03 17:53:46,贝斯
2022-12-03 17:54:44,贝斯
2022-12-03 17:55:42,小提琴
2022-12-03 17:56:40,吉他
2022-12-03 17:57:38,贝斯
2022-12-03 17:58:36,小提琴
2022-12-03 17:59:34,架子鼓
2022-12-03 18:00:32,钢琴
2022-12-03 18:01:30,钢琴
2022-12-03 18:02:28,钢琴
2022-12-03 18:03:26,钢琴
2022-12-03 18:04:24,吉他
2022-12-03 18:05:22,架子鼓
2022-12-03 18:06:20,钢琴
2022-12-03 18:07:18,钢琴
2022-12-03 18:08:16,架子鼓
2022-12-03 18:09:14,贝斯
2022-12-03 18:10:12,贝斯
2022-12-03 18:11:10,小提琴
2022-12-03 18:12:08,钢琴
2022-12-03 18:13:06,贝斯
2022-12-03 18:14:04,竖琴
2022-12-03 18:15:02,小提琴
2022-12-03 18:16:00,架子鼓
2022-12-03 18:16:58,吉他
2022-12-03 18:17:56,吉他
2022-12-03 18:18:54,贝斯
2022-12-03 18:19:52,贝斯
2022-12-03 18:20:50,贝斯
2022-12-03 18:21:48,钢琴
2022-12-03 18:22:46,吉他
2022-12-03 18:23:44,贝斯
2022-12-03 18:24:42,小提琴
2022-12-03 18:25:40,贝斯
2022-12-03 18:26:38,钢琴
2022-12-03 18:27:36,贝斯
2022-12-03 18:28:34,架子鼓
2022-12-03 18:29:32,小提琴
2022-12-03 18:30:30,小提琴
2022-12-03 18:31:28,小提琴
2022-12-03 18:32:26,吉他
2022-12-03 18:33:24,小提琴
2022-12-03 18:34:22,吉他
2022-12-03 18:35:20,钢琴
2022-12-03 18:36:18,吉他
2022-12-03 18:37:16,钢琴
2022-12-03 18:38:14,小提琴
2022-12-03 18:39:12,小提琴
2022-12-03 18:40:10,小提琴
2022-12-03 18:41:08,小提琴
2022-12-03 18:42:06,吉他
2022-12-03 18:43:04,贝斯
2022-12-03 18:44:02,小提琴
2022-12-03 18:45:00,吉他
2022-12-03 18:45:58,吉他
2022-12-03 18:46:56,吉他
2022-12-03 18:47:54,竖琴
2022-12-03 18:48:52,小提琴
2022-12-03 18:49:50,钢琴
2022-12-03 18:50:48,吉他
2022-12-03 18:51:46,小提琴
2022-12-03 18:52:44,贝斯
2022-12-03 18:53:42,贝斯
2022-12-03 18:54:40,吉他
2022-12-03 18:55:38,钢琴
2022-12-03 18:56:36,小提琴
2022-12-03 18:57:34,贝斯
2022-12-03 18:58:32,竖琴
2022-12-03 18:59:30,钢琴
2022-12-03 19:00:28,小提琴
2022-12-03 19:01:26,小提琴
2022-12-03 19:02:24,吉他
2022-12-03 19:03:22,吉他
2022-12-03 19:04:20,吉他
2022-12-03 19:05:18,小提琴
2022-12-03 19:06:16,钢琴
2022-12-03 19:07:14,圆号
2022-12-03 19:08:12,小提琴
2022-12-03 19:09:10,架子鼓
2022-12-03 19:10:08,钢琴
2022-12-03 19:11:06,钢琴
2022-12-03 19:12:04,贝斯
2022-12-03 19:13:02,钢琴
2022-12-03 19:14:00,贝斯
2022-12-03 19:14:58,小提琴
2022-12-03 19:15:56,小提琴
2022-12-03 19:16:54,吉他
2022-12-03 19:17:52,圆号
2022-12-03 19:18:50,架子鼓
2022-12-03 19:19:48,吉他
2022-12-03 19:20:46,竖琴
2022-12-03 19:21:44,贝斯
2022-12-03 19:22:42,小提琴
2022-12-03 19:23:40,架子鼓
2022-12-03 19:24:38,贝斯
2022-12-03 19:25:36,贝斯
2022-12-03 19:26:34,竖琴
2022-12-03 19:27:32,萨克斯风
2022-12-03 19:28:30,萨克斯风
2022-12-03 19:29:28,吉他
2022-12-03 19:30:26,贝斯
2022-12-03 19:31:24,竖琴
2022-12-03 19:32:22,贝斯
2022-12-03 19:33:20,架子鼓
2022-12-03 19:34:18,架子鼓
2022-12-03 19:35:16,吉他
2022-12-03 19:36:14,小提琴
2022-12-03 19:37:12,架子鼓
2022-12-03 19:38:10,吉他
2022-12-03 19:39:08,吉他
2022-12-03 19:40:06,钢琴
2022-12-03 19:41:04,架子鼓
2022-12-03 19:42:02,小提琴
2022-12-03 19:43:00,钢琴
2022-12-03 19:43:58,贝斯
2022-12-03 19:44:56,小提琴
2022-12-03 19:45:54,钢琴
2022-12-03 19:46:52,小提琴
2022-12-03 19:47:50,架子鼓
2022-12-03 19:48:48,钢琴
2022-12-03 19:49:46,竖琴
2022-12-03 19:50:44,架子鼓
2022-12-03 19:51:42,吉他
2022-12-03 19:52:40,圆号
2022-12-03 19:53:38,吉他
2022-12-03 19:54:36,小提琴
2022-12-03 19:55:34,架子鼓
2022-12-03 19:56:32,钢琴
2022-12-03 19:57:30,小提琴
2022-12-03 19:58:28,贝斯
2022-12-03 19:59:26,吉他
2022-12-03 20:00:24,贝斯
2022-12-03 20:01:22,小提琴
2022-12-03 20:02:20,贝斯
2022-12-03 20:03:18,钢琴
2022-12-03 20:04:16,小提琴
2022-12-03 20:05:14,架子鼓
2022-12-03 20:06:12,小提琴
2022-12-03 20:07:10,贝斯
2022-12-03 20:08:08,小提琴
2022-12-03 20:09:06,吉他
2022-12-03 20:10:04,竖琴
2022-12-03 20:11:02,小提琴
2022-12-03 20:12:00,钢琴
2022-12-03 20:12:58,钢琴
2022-12-03 20:13:56,小提琴
2022-12-03 20:14:54,贝斯
2022-12-03 20:15:52,圆号
2022-12-03 20:16:50,钢琴
2022-12-03 20:17:48,贝斯
2022-12-03 20:18:46,吉他
2022-12-03 20:19:44,竖琴
2022-12-03 20:20:42,吉他
2022-12-03 20:21:40,贝斯
2022-12-03 20:22:38,竖琴
2022-12-03 20:23:36,贝斯
2022-12-03 20:24:34,小提琴
2022-12-03 20:25:32,吉他
2022-12-03 20:26:30,小提琴
2022-12-03 20:27:28,小提琴
2022-12-03 20:28:26,吉他
2022-12-03 20:29:24,贝斯
2022-12-03 20:30:22,钢琴
2022-12-03 20:31:20,钢琴
2022-12-03 20:32:18,小提琴
2022-12-03 20:33:16,架子鼓
2022-12-03 20:34:14,钢琴
2022-12-03 20:35:12,架子鼓
2022-12-03 20:36:10,小提琴
2022-12-03 20:37:08,萨克斯风
2022-12-03 20:38:06,竖琴
2022-12-03 20:39:04,钢琴
2022-12-03 20:40:02,贝斯
2022-12-03 20:41:00,贝斯
2022-12-03 20:41:58,钢琴
2022-12-03 20:42:56,小提琴
2022-12-03 20:43:54,小提琴
2022-12-03 20:44:52,贝斯
2022-12-03 20:45:50,钢琴
2022-12-03 20:46:48,贝斯
2022-12-03 20:47:46,架子鼓
2022-12-03 20:48:44,架子鼓
2022-12-03 20:49:42,贝斯
2022-12-03 20:50:40,贝斯
2022-12-03 20:51:38,吉他
2022-12-03 20:52:36,贝斯
2022-12-03 20:53:34,吉他
2022-12-03 20:54:32,竖琴
2022-12-03 20:55:30,贝斯
2022-12-03 20:56:28,吉他
2022-12-03 20:57:26,小提琴
2022-12-03 20:58:24,竖琴
2022-12-03 20:59:22,小提琴
2022-12-03 21:00:20,吉他
2022-12-03 21:01:18,吉他
2022-12-03 21:02:16,架子鼓
2022-12-03 21:03:14,吉他
2022-12-03 21:04:12,萨克斯风
2022-12-03 21:05:10,钢琴
2022-12-03 21:06:08,吉他
2022-12-03 21:07:06,贝斯
2022-12-03 21:08:04,吉他
2022-12-03 21:09:02,吉他
2022-12-03 21:10:00,贝斯
2022-12-03 21:10:58,贝斯
2022-12-03 21:11:56,小提琴
2022-12-03 21:12:54,吉他
2022-12-03 21:13:52,架子鼓
2022-12-03 21:14:50,贝斯
2022-12-03 21:15:48,吉他
2022-12-03 21:16:46,圆号
2022-12-03 21:17:44,钢琴
2022-12-03 21:18:42,架子鼓
2022-12-03 21:19:40,架子鼓
2022-12-03 21:20:38,钢琴
2022-12-03 21:21:36,小提琴
2022-12-03 21:22:34,架子鼓
2022-12-03 21:23:32,吉他
2022-12-03 21:24:30,小提琴
2022-12-03 21:25:28,吉他
2022-12-03 21:26:26,钢琴
2022-12-03 21:27:24,小提琴
2022-12-03 21:28:22,吉他
2022-12-03 21:29:20,贝斯
2022-12-03 21:30:18,吉他
2022-12-03 21:31:16,贝斯
2022-12-03 21:32:14,小提琴
2022-12-03 21:33:12,小提琴
2022-12-03 21:34:10,贝斯
2022-12-03 21:35:08,钢琴
2022-12-03 21:36:06,小提琴
2022-12-03 21:37:04,钢琴
2022-12-03 21:38:02,贝斯
2022-12-03 21:39:00,吉他
2022-12-03 21:39:58,架子鼓
2022-12-03 21:40:56,贝斯
2022-12-03 21:41:54,竖琴
2022-12-03 21:42:52,钢琴
2022-12-03 21:43:50,吉他
2022-12-03 21:44:48,吉他
2022-12-03 21:45:46,贝斯
2022-12-03 21:46:44,萨克斯风
2022-12-03 21:47:42,贝斯
2022-12-03 21:48:40,钢琴
2022-12-03 21:49:38,圆号
2022-12-03 21:50:36,萨克斯风
2022-12-03 21:51:34,吉他
2022-12-03 21:52:32,贝斯
2022-12-03 21:53:30,钢琴
2022-12-03 21:54:28,小提琴
2022-12-03 21:55:26,吉他
2022-12-03 21:56:24,贝斯
2022-12-03 21:57:22,吉他
2022-12-03 21:58:20,贝斯
2022-12-03 21:59:18,小提琴
2022-12-03 22:00:16,钢琴
2022-12-03 22:01:14,架子鼓
2022-12-03 22:02:12,钢琴
2022-12-03 22:03:10,吉他
2022-12-03 22:04:08,贝斯
2022-12-03 22:05:06,吉他
2022-12-03 22:06:04,钢琴
2022-12-03 22:07:02,圆号
2022-12-03 22:08:00,小提琴
2022-12-03 22:08:58,竖琴
2022-12-04 09:49:48,架子鼓
2022-12-04 09:50:46,小提琴
2022-12-04 09:51:44,小提琴
2022-12-04 09:52:42,贝斯
2022-12-04 09:53:40,吉他
2022-12-04 09:54:38,钢琴
2022-12-04 09:55:36,钢琴
2022-12-04 09:56:34,架子鼓
2022-12-04 09:57:32,钢琴
2022-12-04 09:58:30,吉他
2022-12-04 09:59:28,钢琴
2022-12-04 10:00:26,小提琴
2022-12-04 10:01:24,钢琴
2022-12-04 10:02:22,小提琴
2022-12-04 10:03:20,吉他
2022-12-04 10:04:18,贝斯
2022-12-04 10:05:16,贝斯
2022-12-04 10:06:14,萨克斯风
2022-12-04 10:07:12,贝斯
2022-12-04 10:08:10,贝斯
2022-12-04 10:09:08,钢琴
2022-12-04 10:10:06,钢琴
2022-12-04 10:11:04,吉他
2022-12-04 10:12:02,吉他
2022-12-04 10:13:00,小提琴
2022-12-04 10:13:58,吉他
2022-12-04 10:14:56,贝斯
2022-12-04 10:15:54,贝斯
2022-12-04 10:16:52,吉他
2022-12-04 10:17:50,钢琴
2022-12-04 10:18:48,贝斯
2022-12-04 10:19:46,吉他
2022-12-04 10:20:44,吉他
2022-12-04 10:21:42,钢琴
2022-12-04 10:22:40,吉他
2022-12-04 10:23:38,吉他
2022-12-04 10:24:36,架子鼓
2022-12-04 10:25:34,吉他
2022-12-04 10:26:32,架子鼓
2022-12-04 10:27:30,钢琴
2022-12-04 10:28:28,吉他
2022-12-04 10:29:26,小提琴
2022-12-04 10:30:24,小提琴
2022-12-04 10:31:22,贝斯
2022-12-04 10:32:20,吉他
2022-12-04 10:33:18,圆号
2022-12-04 10:34:16,吉他
2022-12-04 10:35:14,贝斯
2022-12-04 10:36:12,架子鼓
2022-12-04 10:37:10,小提琴
2022-12-04 10:38:08,贝斯
2022-12-04 10:39:06,小提琴
2022-12-04 10:40:04,小提琴
2022-12-04 10:41:02,吉他
2022-12-04 10:42:00,竖琴
2022-12-04 10:42:58,小提琴
2022-12-04 10:43:56,贝斯
2022-12-04 10:44:54,小提琴
2022-12-04 10:45:52,贝斯
2022-12-04 10:46:50,圆号
2022-12-04 10:47:48,贝斯
2022-12-04 10:48:46,架子鼓
2022-12-04 10:49:44,钢琴
2022-12-04 10:50:42,钢琴
2022-12-04 10:51:40,贝斯
2022-12-04 10:52:38,小提琴
2022-12-04 10:53:36,吉他
2022-12-04 10:54:34,贝斯
2022-12-04 10:55:32,吉他
2022-12-04 10:56:30,吉他
2022-12-04 10:57:28,小提琴
2022-12-04 10:58:26,吉他
2022-12-04 10:59:24,小提琴
2022-12-04 11:00:22,架子鼓
2022-12-04 11:01:20,贝斯
2022-12-04 11:02:18,架子鼓
2022-12-04 11:03:16,吉他
2022-12-04 11:04:14,小提琴
2022-12-04 11:05:12,钢琴
2022-12-04 11:06:10,小提琴
2022-12-04 11:07:08,架子鼓
2022-12-04 11:08:06,架子鼓
2022-12-04 11:09:04,小提琴
2022-12-04 11:10:02,贝斯
2022-12-04 11:11:00,钢琴
2022-12-04 11:11:58,钢琴
2022-12-04 11:12:56,萨克斯风
2022-12-04 11:13:54,架子鼓
2022-12-04 11:14:52,吉他
2022-12-04 11:15:50,架子鼓
2022-12-04 11:16:48,贝斯
2022-12-04 11:17:46,吉他
2022-12-04 11:18:44,小提琴
2022-12-04 11:19:42,贝斯
2022-12-04 11:20:40,钢琴
2022-12-04 11:21:38,吉他
2022-12-04 11:22:36,架子鼓
2022-12-04 11:23:34,钢琴
2022-12-04 11:24:32,贝斯
2022-12-04 11:25:30,吉他
2022-12-04 11:26:28,小提琴
2022-12-04 11:27:26,贝斯
2022-12-04 11:28:24,小提琴
2022-12-04 11:29:22,钢琴
2022-12-04 11:30:20,钢琴
2022-12-04 11:31:18,小提琴
2022-12-04 11:32:16,贝斯
2022-12-04 11:33:14,萨克斯风
2022-12-04 11:34:12,圆号
2022-12-04 11:35:10,钢琴
2022-12-04 11:36:08,圆号
2022-12-04 11:37:06,钢琴
2022-12-04 11:38:04,钢琴
2022-12-04 11:39:02,小提琴
2022-12-04 11:40:00,小提琴
2022-12-04 11:40:58,小提琴
2022-12-04 11:41:56,架子鼓
2022-12-04 11:42:54,吉他
2022-12-04 11:43:52,钢琴
2022-12-04 11:44:50,小提琴
2022-12-04 11:45:48,钢琴
2022-12-04 11:46:46,吉他
2022-12-04 11:47:44,萨克斯风
2022-12-04 11:48:42,架子鼓
2022-12-04 11:49:40,钢琴
2022-12-04 11:50:38,钢琴
2022-12-04 11:51:36,贝斯
2022-12-04 11:52:34,贝斯
2022-12-04 11:53:32,吉他
2022-12-04 11:54:30,吉他
2022-12-04 11:55:28,小提琴
2022-12-04 11:56:26,贝斯
2022-12-04 11:57:24,架子鼓
2022-12-04 11:58:22,贝斯
2022-12-04 11:59:20,圆号
2022-12-04 12:00:18,钢琴
2022-12-04 12:01:16,吉他
2022-12-04 12:02:14,吉他
2022-12-04 12:03:12,架子鼓
2022-12-04 12:04:10,贝斯
2022-12-04 12:05:08,钢琴
2022-12-04 12:06:06,萨克斯风
2022-12-04 12:07:04,贝斯
2022-12-04 12:08:02,吉他
2022-12-04 12:09:00,钢琴
2022-12-04 12:09:58,钢琴
2022-12-04 12:10:56,贝斯
2022-12-04 12:11:54,贝斯
2022-12-04 12:12:52,吉他
2022-12-04 12:13:50,吉他
2022-12-04 12:14:48,小提琴
2022-12-04 12:15:46,贝斯
2022-12-04 12:16:44,小提琴
2022-12-04 12:17:42,贝斯
2022-12-04 12:18:40,架子鼓
2022-12-04 12:19:38,吉他
2022-12-04 12:20:36,钢琴
2022-12-04 12:21:34,小提琴
2022-12-04 12:22:32,小提琴
2022-12-04 12:23:30,钢琴
2022-12-04 12:24:28,钢琴
2022-12-04 12:25:26,架子鼓
2022-12-04 12:26:24,小提琴
2022-12-04 12:27:22,吉他
2022-12-04 12:28:20,吉他
2022-12-04 12:29:18,吉他
2022-12-04 12:30:16,吉他
2022-12-04 12:31:14,贝斯
2022-12-04 12:32:12,吉他
2022-12-04 12:33:10,吉他
2022-12-04 12:34:08,竖琴
2022-12-04 12:35:06,贝斯
2022-12-04 12:36:04,吉他
2022-12-04 12:37:02,吉他
2022-12-04 12:38:00,小提琴
2022-12-04 12:38:58,钢琴
2022-12-04 12:39:56,竖琴
2022-12-04 12:40:54,萨克斯风
2022-12-04 12:41:52,吉他
2022-12-04 12:42:50,小提琴
2022-12-04 12:43:48,小提琴
2022-12-04 12:44:46,吉他
2022-12-04 12:45:44,小提琴
2022-12-04 12:46:42,吉他
2022-12-04 12:47:40,贝斯
2022-12-04 12:48:38,钢琴
2022-12-04 12:49:36,钢琴
2022-12-04 12:50:34,钢琴
2022-12-04 12:51:32,钢琴
2022-12-04 12:52:30,萨克斯风
2022-12-04 12:53:28,架子鼓
2022-12-04 12:54:26,小提琴
2022-12-04 12:55:24,吉他
2022-12-04 12:56:22,贝斯
2022-12-04 12:57:20,贝斯
2022-12-04 12:58:18,吉他
2022-12-04 12:59:16,小提琴
2022-12-04 13:00:14,吉他
2022-12-04 13:01:12,吉他
2022-12-04 13:02:10,贝斯
2022-12-04 13:03:08,钢琴
2022-12-04 13:04:06,吉他
2022-12-04 13:05:04,架子鼓
2022-12-04 13:06:02,吉他
2022-12-04 13:07:00,吉他
2022-12-04 13:07:58,架子鼓
2022-12-04 13:08:56,钢琴
2022-12-04 13:09:54,小提琴
2022-12-04 13:10:52,小提琴
2022-12-04 13:11:50,贝斯
2022-12-04 13:12:48,钢琴
2022-12-04 13:13:46,圆号
2022-12-04 13:14:44,钢琴
2022-12-04 13:15:42,小提琴
2022-12-04 13:16:40,贝斯
2022-12-04 13:17:38,贝斯
2022-12-04 13:18:36,小提琴
2022-12-04 13:19:34,钢琴
2022-12-04 13:20:32,吉他
2022-12-04 13:21:30,吉他
2022-12-04 13:22:28,小提琴
2022-12-04 13:23:26,贝斯
2022-12-04 13:24:24,钢琴
2022-12-04 13:25:22,贝斯
2022-12-04 13:26:20,小提琴
2022-12-04 13:27:18,架子鼓
2022-12-04 13:28:16,吉他
2022-12-04 13:29:14,吉他
2022-12-04 13:30:12,钢琴
2022-12-04 13:31:10,架子鼓
2022-12-04 13:32:08,吉他
2022-12-04 13:33:06,贝斯
2022-12-04 13:34:04,吉他
2022-12-04 13:35:02,小提琴
2022-12-04 13:36:00,贝斯
2022-12-04 13:36:58,小提琴
2022-12-04 13:37:56,吉他
2022-12-04 13:38:54,钢琴
2022-12-04 13:39:52,吉他
2022-12-04 13:40:50,吉他
2022-12-04 13:41:48,小提琴
2022-12-04 13:42:46,架子鼓
2022-12-04 13:43:44,贝斯
2022-12-04 13:44:42,贝斯
2022-12-04 13:45:40,架子鼓
2022-12-04 13:46:38,小提琴
2022-12-04 13:47:36,圆号
2022-12-04 13:48:34,吉他
2022-12-04 13:49:32,钢琴
2022-12-04 13:50:30,吉他
2022-12-04 13:51:28,贝斯
2022-12-04 13:52:26,贝斯
2022-12-04 13:53:24,吉他
2022-12-04 13:54:22,钢琴
2022-12-04 13:55:20,吉他
2022-12-04 13:56:18,萨克斯风
2022-12-04 13:57:16,萨克斯风
2022-12-04 13:58:14,小提琴
2022-12-04 13:59:12,吉他
2022-12-04 14:00:10,架子鼓
2022-12-04 14:01:08,吉他
2022-12-04 14:02:06,竖琴
2022-12-04 14:03:04,萨克斯风
2022-12-04 14:04:02,吉他
2022-12-04 14:05:00,竖琴
2022-12-04 14:05:58,贝斯
2022-12-04 14:06:56,吉他
2022-12-04 14:07:54,小提琴
2022-12-04 14:08:52,小提琴
2022-12-04 14:09:50,钢琴
2022-12-04 14:10:48,贝斯
2022-12-04 14:11:46,小提琴
2022-12-04 14:12:44,小提琴
2022-12-04 14:13:42,贝斯
2022-12-04 14:14:40,吉他
2022-12-04 14:15:38,钢琴
2022-12-04 14:16:36,贝斯
2022-12-04 14:17:34,贝斯
2022-12-04 14:18:32,贝斯
2022-12-04 14:19:30,贝斯
2022-12-04 14:20:28,贝斯
2022-12-04 14:21:26,贝斯
2022-12-04 14:22:24,萨克斯风
2022-12-04 14:23:22,架子鼓
2022-12-04 14:24:20,吉他
2022-12-04 14:25:18,架子鼓
2022-12-04 14:26:16,吉他
2022-12-04 14:27:14,竖琴
2022-12-04 14:28:12,吉他
2022-12-04 14:29:10,贝斯
2022-12-04 14:30:08,贝斯
2022-12-04 14:31:06,圆号
2022-12-04 14:32:04,竖琴
2022-12-04 14:33:02,吉他
2022-12-04 14:34:00,架子鼓
2022-12-04 14:34:58,吉他
2022-12-04 14:35:56,吉他
2022-12-04 14:36:54,小提琴
2022-12-04 14:37:52,小提琴
2022-12-04 14:38:50,小提琴
2022-12-04 14:39:48,吉他
2022-12-04 14:40:46,吉他
2022-12-04 14:41:44,小提琴
2022-12-04 14:42:42,吉他
2022-12-04 14:43:40,架子鼓
2022-12-04 14:44:38,小提琴
2022-12-04 14:45:36,贝斯
2022-12-04 14:46:34,钢琴
2022-12-04 14:47:32,吉他
2022-12-04 14:48:30,小提琴
2022-12-04 14:49:28,吉他
2022-12-04 14:50:26,小提琴
2022-12-04 14:51:24,贝斯
2022-12-04 14:52:22,贝斯
2022-12-04 14:53:20,钢琴
2022-12-04 14:54:18,竖琴
2022-12-04 14:55:16,吉他
2022-12-04 14:56:14,贝斯
2022-12-04 14:57:12,贝斯
2022-12-04 14:58:10,吉他
2022-12-04 14:59:08,小提琴
2022-12-04 15:00:06,架子鼓
2022-12-04 15:01:04,小提琴
2022-12-04 15:02:02,架子鼓
2022-12-04 15:03:00,竖琴
2022-12-04 15:03:58,架子鼓
2022-12-04 15:04:56,萨克斯风
2022-12-04 15:05:54,吉他
2022-12-04 15:06:52,竖琴
2022-12-04 15:07:50,小提琴
2022-12-04 15:08:48,架子鼓
2022-12-04 15:09:46,吉他
2022-12-04 15:10:44,吉他
2022-12-04 15:11:42,小提琴
2022-12-04 15:12:40,吉他
2022-12-04 15:13:38,架子鼓
2022-12-04 15:14:36,贝斯
2022-12-04 15:15:34,吉他
2022-12-04 15:16:32,萨克斯风
2022-12-04 15:17:30,贝斯
2022-12-04 15:18:28,吉他
2022-12-04 15:19:26,竖琴
2022-12-04 15:20:24,吉他
2022-12-04 15:21:22,小提琴
2022-12-04 15:22:20,贝斯
2022-12-04 15:23:18,小提琴
2022-12-04 15:24:16,吉他
2022-12-04 15:25:14,小提琴
2022-12-04 15:26:12,钢琴
2022-12-04 15:27:10,架子鼓
2022-12-04 15:28:08,钢琴
2022-12-04 15:29:06,萨克斯风
2022-12-04 15:30:04,吉他
2022-12-04 15:31:02,吉他
2022-12-04 15:32:00,架子鼓
2022-12-04 15:32:58,吉他
2022-12-04 15:33:56,吉他
2022-12-04 15:34:54,小提琴
2022-12-04 15:35:52,吉他
2022-12-04 15:36:50,小提琴
2022-12-04 15:37:48,萨克斯风
2022-12-04 15:38:46,架子鼓
2022-12-04 15:39:44,小提琴
2022-12-04 15:40:42,竖琴
2022-12-04 15:41:40,小提琴
2022-12-04 15:42:38,吉他
2022-12-04 15:43:36,小提琴
2022-12-04 15:44:34,钢琴
2022-12-04 15:45:32,小提琴
2022-12-04 15:46:30,小提琴
2022-12-04 15:47:28,萨克斯风
2022-12-04 15:48:26,架子鼓
2022-12-04 15:49:24,钢琴
2022-12-04 15:50:22,吉他
2022-12-04 15:51:20,钢琴
2022-12-04 15:52:18,吉他
2022-12-04 15:53:16,小提琴
2022-12-04 15:54:14,贝斯
2022-12-04 15:55:12,小提琴
2022-12-04 15:56:10,竖琴
2022-12-04 15:57:08,竖琴
2022-12-04 15:58:06,小提琴
2022-12-04 15:59:04,钢琴
2022-12-04 16:00:02,贝斯
2022-12-04 16:01:00,小提琴
2022-12-04 16:01:58,吉他
2022-12-04 16:02:56,贝斯
2022-12-04 16:03:54,吉他
2022-12-04 16:04:52,小提琴
2022-12-04 16:05:50,贝斯
2022-12-04 16:06:48,贝斯
2022-12-04 16:07:46,竖琴
2022-12-04 16:08:44,圆号
2022-12-04 16:09:42,钢琴
2022-12-04 16:10:40,小提琴
2022-12-04 16:11:38,贝斯
2022-12-04 16:12:36,萨克斯风
2022-12-04 16:13:34,吉他
2022-12-04 16:14:32,小提琴
2022-12-04 16:15:30,贝斯
2022-12-04 16:16:28,小提琴
2022-12-04 16:17:26,钢琴
2022-12-04 16:18:24,贝斯
2022-12-04 16:19:22,小提琴
2022-12-04 16:20:20,吉他
2022-12-04 16:21:18,小提琴
2022-12-04 16:22:16,贝斯
2022-12-04 16:23:14,架子鼓
2022-12-04 16:24:12,架子鼓
2022-12-04 16:25:10,吉他
2022-12-04 16:26:08,吉他
2022-12-04 16:27:06,竖琴
2022-12-04 16:28:04,钢琴
2022-12-04 16:29:02,萨克斯风
2022-12-04 16:30:00,小提琴
2022-12-04 16:30:58,贝斯
2022-12-04 16:31:56,小提琴
2022-12-04 16:32:54,吉他
2022-12-04 16:33:52,小提琴
2022-12-04 16:34:50,贝斯
2022-12-04 16:35:48,贝斯
2022-12-04 16:36:46,架子鼓
2022-12-04 16:37:44,架子鼓
2022-12-04 16:38:42,架子鼓
2022-12-04 16:39:40,钢琴
2022-12-04 16:40:38,小提琴
2022-12-04 16:41:36,吉他
2022-12-04 16:42:34,钢琴
2022-12-04 16:43:32,贝斯
2022-12-04 16:44:30,小提琴
2022-12-04 16:45:28,钢琴
2022-12-04 16:46:26,架子鼓
2022-12-04 16:47:24,小提琴
2022-12-04 16:48:22,吉他
2022-12-04 16:49:20,钢琴
2022-12-04 16:50:18,架子鼓
2022-12-04 16:51:16,小提琴
2022-12-04 16:52:14,小提琴
2022-12-04 17:27:02,圆号
2022-12-04 17:28:00,小提琴
2022-12-04 17:28:58,吉他
2022-12-04 17:29:56,小提琴
2022-12-04 17:30:54,贝斯
2022-12-04 17:31:52,小提琴
2022-12-04 17:32:50,钢琴
2022-12-04 17:33:48,吉他
2022-12-04 17:34:46,贝斯
2022-12-04 17:35:44,小提琴
2022-12-04 17:36:42,贝斯
2022-12-04 17:37:40,竖琴
2022-12-04 17:38:38,贝斯
2022-12-04 17:39:36,钢琴
2022-12-04 17:40:34,钢琴
2022-12-04 17:41:32,吉他
2022-12-04 17:42:30,小提琴
2022-12-04 17:43:28,吉他
2022-12-04 17:44:26,钢琴
2022-12-04 17:45:24,小提琴
2022-12-04 17:46:22,竖琴
2022-12-04 17:47:20,小提琴
2022-12-04 17:48:18,吉他
2022-12-04 17:49:16,贝斯
2022-12-04 17:50:14,贝斯
2022-12-04 17:51:12,竖琴
2022-12-04 17:52:10,架子鼓
2022-12-04 17:53:08,小提琴
2022-12-04 17:54:06,贝斯
2022-12-04 17:55:04,贝斯
2022-12-04 17:56:02,圆号
2022-12-04 17:57:00,圆号
2022-12-04 17:57:58,小提琴
2022-12-04 17:58:56,小提琴
2022-12-04 17:59:54,吉他
2022-12-04 18:00:52,吉他
2022-12-04 18:01:50,钢琴
2022-12-04 18:02:48,吉他
2022-12-04 18:03:46,吉他
2022-12-04 18:04:44,钢琴
2022-12-04 18:05:42,贝斯
2022-12-04 18:06:40,小提琴
2022-12-04 18:07:38,架子鼓
2022-12-04 18:08:36,小提琴
2022-12-04 18:09:34,圆号
2022-12-04 18:10:32,小提琴
2022-12-04 18:11:30,贝斯
2022-12-04 18:12:28,贝斯
2022-12-04 18:13:26,钢琴
2022-12-04 18:14:24,吉他
2022-12-04 18:15:22,钢琴
2022-12-04 18:16:20,钢琴
2022-12-04 18:17:18,吉他
2022-12-04 18:18:16,吉他
