2022-10-11 01:38:47,贝斯
2022-10-11 01:39:45,吉他

2022-10-11 01:47:29,吉他

2022-10-11 01:49:25,钢琴
2022-10-11 01:50:23,贝斯

2022-10-11 01:55:13,贝斯
2022-10-11 01:56:11,吉他
2022-10-11 01:57:09,钢琴
2022-10-11 01:58:07,贝斯
2022-10-11 01:59:05,竖琴
2022-10-11 02:00:03,架子鼓
2022-10-11 02:01:01,吉他
2022-10-11 02:01:59,竖琴
2022-10-11 02:02:57,小提琴
2022-10-11 02:03:55,贝斯
2022-10-11 02:04:53,小提琴
2022-10-11 02:05:51,架子鼓
2022-10-11 02:06:49,吉他
2022-10-11 02:07:47,钢琴
2022-10-11 02:08:45,贝斯
2022-10-11 02:09:43,小提琴
2022-10-11 02:10:41,吉他
2022-10-11 02:11:39,吉他
2022-10-11 02:12:37,钢琴
2022-10-11 02:13:35,吉他
2022-10-11 02:14:33,贝斯
2022-10-11 02:15:31,钢琴
2022-10-11 02:16:29,吉他
2022-10-11 02:17:27,贝斯
2022-10-11 02:18:25,萨克斯风
2022-10-11 02:19:23,小提琴
2022-10-11 02:20:21,架子鼓
2022-10-11 02:21:19,小提琴
2022-10-11 02:22:17,吉他
2022-10-11 02:23:15,吉他
2022-10-11 02:24:13,架子鼓
2022-10-11 02:25:11,架子鼓
2022-10-11 02:26:09,钢琴
2022-10-11 02:27:07,架子鼓
2022-10-11 02:28:05,圆号
2022-10-11 02:29:03,小提琴
2022-10-11 02:30:01,吉他
2022-10-11 02:30:59,竖琴
2022-10-11 02:31:57,贝斯
2022-10-11 02:32:55,小提琴
2022-10-11 02:33:53,小提琴
2022-10-11 02:34:51,吉他
2022-10-11 02:35:49,吉他
2022-10-11 02:36:47,竖琴
2022-10-11 02:37:45,贝斯
2022-10-11 02:38:43,吉他
2022-10-11 02:39:41,吉他
2022-10-11 02:40:39,钢琴
2022-10-11 02:41:37,架子鼓
2022-10-11 02:42:35,架子鼓
2022-10-11 02:43:33,小提琴
2022-10-11 02:44:31,吉他
2022-10-11 02:45:29,吉他
2022-10-11 02:46:27,钢琴
2022-10-11 02:47:25,吉他
2022-10-11 02:48:23,吉他
2022-10-11 02:49:21,吉他
2022-10-11 02:50:19,贝斯
2022-10-11 02:51:17,钢琴
2022-10-11 02:52:15,贝斯
2022-10-11 02:53:13,钢琴
2022-10-11 02:54:11,钢琴
2022-10-11 02:55:09,小提琴
2022-10-11 02:56:07,吉他
2022-10-11 02:57:05,竖琴
2022-10-11 02:58:03,小提琴
2022-10-11 02:59:01,钢琴
2022-10-11 02:59:59,贝斯
2022-10-11 03:00:57,小提琴
2022-10-11 03:01:55,架子鼓
2022-10-11 03:02:53,架子鼓
2022-10-11 03:03:51,吉他
2022-10-11 03:04:49,钢琴
2022-10-11 03:05:47,贝斯
2022-10-11 03:06:45,吉他
2022-10-11 03:07:43,圆号
2022-10-11 03:08:41,贝斯
2022-10-11 03:09:39,贝斯
2022-10-11 03:10:37,贝斯
2022-10-11 03:11:35,小提琴
2022-10-11 03:12:33,吉他
2022-10-11 03:13:31,萨克斯风
2022-10-11 03:14:29,小提琴
2022-10-11 03:15:27,小提琴
2022-10-11 03:16:25,贝斯
2022-10-11 03:17:23,萨克斯风
2022-10-11 03:18:21,小提琴
2022-10-11 03:19:19,钢琴
2022-10-11 03:20:17,架子鼓
2022-10-11 03:21:15,吉他
2022-10-11 03:22:13,萨克斯风
2022-10-11 03:23:11,小提琴
2022-10-11 03:24:09,贝斯
2022-10-11 03:25:07,吉他
2022-10-11 03:26:05,贝斯
2022-10-11 03:27:03,架子鼓
2022-10-11 03:28:01,架子鼓
2022-10-11 03:28:59,小提琴
2022-10-11 03:29:57,吉他
2022-10-11 03:30:55,吉他
2022-10-11 03:31:53,架子鼓
2022-10-11 03:32:51,小提琴
2022-10-11 03:33:49,圆号
2022-10-11 03:34:47,竖琴
2022-10-11 03:35:45,贝斯
2022-10-11 03:36:43,钢琴
2022-10-11 03:37:41,小提琴
2022-10-11 03:38:39,小提琴
2022-10-11 03:39:37,贝斯
2022-10-11 03:40:35,贝斯
2022-10-11 03:41:33,小提琴
2022-10-11 03:42:31,钢琴
2022-10-11 03:43:29,钢琴
2022-10-11 03:44:27,贝斯
2022-10-11 03:45:25,贝斯
2022-10-11 03:46:23,架子鼓
2022-10-11 03:47:21,吉他
2022-10-11 03:48:19,钢琴
2022-10-11 03:49:17,小提琴
2022-10-11 03:50:15,架子鼓
2022-10-11 03:51:13,吉他
2022-10-11 03:52:11,小提琴
2022-10-11 03:53:09,吉他
2022-10-11 03:54:07,贝斯
2022-10-11 03:55:05,小提琴
2022-10-11 03:56:03,小提琴
2022-10-11 03:57:01,吉他
2022-10-11 03:57:59,吉他
2022-10-11 03:58:57,小提琴
2022-10-11 03:59:55,吉他
2022-10-11 04:00:53,钢琴
2022-10-11 04:01:51,架子鼓
2022-10-11 04:02:49,贝斯
2022-10-11 04:03:47,贝斯
2022-10-11 04:04:45,吉他
2022-10-11 04:05:43,吉他
2022-10-11 04:06:41,钢琴
2022-10-11 04:07:39,吉他
2022-10-11 04:08:37,小提琴
2022-10-11 04:09:35,吉他
2022-10-11 04:10:33,贝斯
2022-10-11 04:11:31,钢琴
2022-10-11 04:12:29,钢琴
2022-10-11 04:13:27,吉他
2022-10-11 04:14:25,萨克斯风
2022-10-11 04:15:23,萨克斯风
2022-10-11 04:16:21,钢琴
2022-10-11 04:17:19,吉他
2022-10-11 04:18:17,贝斯
2022-10-11 04:19:15,贝斯
2022-10-11 04:20:13,吉他
2022-10-11 04:21:11,吉他
2022-10-11 04:22:09,小提琴
2022-10-11 04:23:07,钢琴
2022-10-11 04:24:05,贝斯
2022-10-11 04:25:03,钢琴
2022-10-11 04:26:01,贝斯
2022-10-11 04:26:59,贝斯
2022-10-11 04:27:57,萨克斯风
2022-10-11 04:28:55,钢琴
2022-10-11 04:29:53,贝斯
2022-10-11 04:30:51,小提琴
2022-10-11 04:31:49,小提琴
2022-10-11 04:32:47,吉他
2022-10-11 04:33:45,小提琴
2022-10-11 04:34:43,贝斯
2022-10-11 04:35:41,吉他
2022-10-11 04:36:39,圆号
2022-10-11 04:37:37,钢琴
2022-10-11 04:38:35,吉他
2022-10-11 04:39:33,架子鼓
2022-10-11 04:40:31,萨克斯风
2022-10-11 04:41:29,萨克斯风
2022-10-11 04:42:27,贝斯
2022-10-11 04:43:25,吉他
2022-10-11 04:44:23,贝斯
2022-10-11 04:45:21,小提琴
2022-10-11 04:46:19,架子鼓
2022-10-11 04:47:17,竖琴
2022-10-11 04:48:15,竖琴
2022-10-11 04:49:13,圆号
2022-10-11 04:50:11,吉他
2022-10-11 04:51:09,贝斯
2022-10-11 04:52:07,贝斯
2022-10-11 04:53:05,竖琴
2022-10-11 04:54:03,吉他
2022-10-11 04:55:01,贝斯
2022-10-11 04:55:59,萨克斯风
2022-10-11 04:56:57,小提琴
2022-10-11 04:57:55,架子鼓
2022-10-11 04:58:53,吉他
2022-10-11 04:59:51,贝斯
2022-10-11 05:00:49,吉他
2022-10-11 05:01:47,小提琴
2022-10-11 05:02:45,钢琴
2022-10-11 05:03:43,竖琴
2022-10-11 05:04:41,钢琴
2022-10-11 05:05:39,贝斯
2022-10-11 05:06:37,吉他
2022-10-11 05:07:35,钢琴
2022-10-11 05:08:33,竖琴
2022-10-11 05:09:31,钢琴
2022-10-11 05:10:29,钢琴
2022-10-11 05:11:27,钢琴
2022-10-11 05:12:25,小提琴
2022-10-11 05:13:23,钢琴
2022-10-11 05:14:21,贝斯
2022-10-11 05:15:19,吉他
2022-10-11 05:16:17,贝斯
2022-10-11 05:17:15,贝斯
2022-10-11 05:18:13,萨克斯风
2022-10-11 05:19:11,贝斯
2022-10-11 05:20:09,小提琴
2022-10-11 05:21:07,小提琴
2022-10-11 05:22:05,竖琴
2022-10-11 05:23:03,吉他
2022-10-11 05:24:01,钢琴
2022-10-11 05:24:59,架子鼓
2022-10-11 05:25:57,架子鼓
2022-10-11 05:26:55,小提琴
2022-10-11 05:27:53,竖琴
2022-10-11 05:28:51,钢琴
2022-10-11 05:29:49,架子鼓
2022-10-11 05:30:47,小提琴
2022-10-11 05:31:45,小提琴
2022-10-11 05:32:43,吉他
2022-10-11 05:33:41,贝斯
2022-10-11 05:34:39,吉他
2022-10-11 05:35:37,贝斯
2022-10-11 05:36:35,小提琴
2022-10-11 05:37:33,钢琴
2022-10-11 05:38:31,吉他
2022-10-11 05:39:29,钢琴
2022-10-11 05:40:27,贝斯
2022-10-11 05:41:25,小提琴
2022-10-11 05:42:23,架子鼓
2022-10-11 05:43:21,小提琴
2022-10-11 05:44:19,钢琴
2022-10-11 05:45:17,小提琴
2022-10-11 05:46:15,吉他
2022-10-11 05:47:13,贝斯
2022-10-11 05:48:11,钢琴
2022-10-11 05:49:09,贝斯
2022-10-11 05:50:07,吉他
2022-10-11 05:51:05,钢琴
2022-10-11 05:52:03,贝斯
2022-10-11 05:53:01,吉他
2022-10-11 05:53:59,小提琴
2022-10-11 05:54:57,吉他
2022-10-11 05:55:55,贝斯
2022-10-11 05:56:53,钢琴
2022-10-11 05:57:51,小提琴
2022-10-11 05:58:49,钢琴
2022-10-11 05:59:47,吉他
2022-10-11 06:00:45,贝斯
2022-10-11 06:01:43,贝斯
2022-10-11 06:02:41,贝斯
2022-10-11 06:03:39,钢琴
2022-10-11 06:04:37,吉他
2022-10-11 06:05:35,吉他
2022-10-11 06:06:33,吉他
2022-10-11 06:07:31,架子鼓
2022-10-11 06:08:29,小提琴
2022-10-11 06:09:27,吉他
2022-10-11 06:10:25,架子鼓
2022-10-11 06:11:23,贝斯
2022-10-11 06:12:21,贝斯
2022-10-11 06:13:19,竖琴
2022-10-11 06:14:17,小提琴
2022-10-11 06:15:15,吉他
2022-10-11 06:16:13,吉他
2022-10-11 06:17:11,圆号
2022-10-11 06:18:09,钢琴
2022-10-11 06:19:07,萨克斯风
2022-10-11 06:20:05,吉他
2022-10-11 06:21:03,吉他
2022-10-11 06:22:01,吉他
2022-10-11 06:22:59,贝斯
2022-10-11 06:23:57,吉他
2022-10-11 06:24:55,钢琴
2022-10-11 06:25:53,萨克斯风
2022-10-11 06:26:51,竖琴
2022-10-11 06:27:49,贝斯
2022-10-11 06:28:47,小提琴
2022-10-11 06:29:45,吉他
2022-10-11 06:30:43,贝斯
2022-10-11 06:31:41,架子鼓
2022-10-11 06:32:39,贝斯
2022-10-11 06:33:37,贝斯
2022-10-11 06:34:35,吉他
2022-10-11 06:35:33,架子鼓
2022-10-11 06:36:31,贝斯
2022-10-11 06:37:29,小提琴
2022-10-11 06:38:27,钢琴
2022-10-11 06:39:25,小提琴
2022-10-11 06:40:23,钢琴
2022-10-11 06:41:21,吉他
2022-10-11 06:42:19,钢琴
2022-10-11 06:43:17,贝斯
2022-10-11 06:44:15,吉他
2022-10-11 06:45:13,架子鼓
2022-10-11 06:46:11,架子鼓
2022-10-11 06:47:09,架子鼓
2022-10-11 06:48:07,小提琴
2022-10-11 06:49:05,贝斯
2022-10-11 06:50:03,吉他
2022-10-11 06:51:01,吉他
2022-10-11 06:51:59,小提琴
2022-10-11 06:52:57,架子鼓
2022-10-11 06:53:55,架子鼓
2022-10-11 06:54:53,贝斯
2022-10-11 06:55:51,小提琴
2022-10-11 06:56:49,吉他
2022-10-11 06:57:47,贝斯
2022-10-11 06:58:45,贝斯
2022-10-11 06:59:43,小提琴
2022-10-11 07:00:41,小提琴
2022-10-11 07:01:39,小提琴
2022-10-11 07:02:37,吉他
2022-10-11 07:03:35,吉他
2022-10-11 07:04:33,小提琴
2022-10-11 07:05:31,贝斯
2022-10-11 07:06:29,架子鼓
2022-10-11 07:07:27,贝斯
2022-10-11 07:08:25,吉他
2022-10-11 07:09:23,吉他
2022-10-11 07:10:21,萨克斯风
2022-10-11 07:11:19,钢琴
2022-10-11 07:12:17,架子鼓
2022-10-11 07:13:15,贝斯
2022-10-11 07:14:13,钢琴
2022-10-11 07:15:11,钢琴
2022-10-11 07:16:09,小提琴
2022-10-11 07:17:07,钢琴
2022-10-11 07:18:05,钢琴
2022-10-11 07:19:03,圆号
2022-10-11 07:20:01,小提琴
2022-10-11 07:20:59,钢琴
2022-10-11 07:21:57,钢琴
2022-10-11 07:22:55,架子鼓
2022-10-11 07:23:53,吉他
2022-10-11 07:24:51,小提琴
2022-10-11 07:25:49,吉他
2022-10-11 07:26:47,吉他
2022-10-11 07:27:45,竖琴
2022-10-11 07:28:43,萨克斯风
2022-10-11 07:29:41,贝斯
2022-10-11 07:30:39,吉他
2022-10-11 07:31:37,萨克斯风
2022-10-11 07:32:35,贝斯
2022-10-11 07:33:33,钢琴
2022-10-11 07:34:31,架子鼓
2022-10-11 07:35:29,贝斯
2022-10-11 07:36:27,小提琴
2022-10-11 07:37:25,小提琴
2022-10-11 07:38:23,吉他
2022-10-11 07:39:21,钢琴
2022-10-11 07:40:19,吉他
2022-10-11 07:41:17,钢琴
2022-10-11 07:42:15,萨克斯风
2022-10-11 07:43:13,贝斯
2022-10-11 07:44:11,钢琴
2022-10-11 07:45:09,吉他
2022-10-11 07:46:07,小提琴
2022-10-11 07:47:05,竖琴
2022-10-11 07:48:03,贝斯
2022-10-11 07:49:01,钢琴
2022-10-11 07:49:59,钢琴
2022-10-11 07:50:57,钢琴
2022-10-11 07:51:55,架子鼓
2022-10-11 07:52:53,贝斯
2022-10-11 07:53:51,萨克斯风
2022-10-11 07:54:49,吉他
2022-10-11 07:55:47,架子鼓
2022-10-11 07:56:45,吉他
2022-10-11 07:57:43,钢琴
2022-10-11 07:58:41,钢琴
2022-10-11 07:59:39,吉他
2022-10-11 08:00:37,吉他
2022-10-11 08:01:35,钢琴
2022-10-11 08:02:33,吉他
2022-10-11 08:03:31,架子鼓
2022-10-11 08:04:29,吉他
2022-10-11 08:05:27,钢琴
2022-10-11 08:06:25,钢琴
2022-10-11 08:07:23,贝斯
2022-10-11 08:08:21,吉他
2022-10-11 08:09:19,钢琴
2022-10-11 08:10:17,小提琴
2022-10-11 08:11:15,小提琴
2022-10-11 08:12:13,吉他
2022-10-11 08:13:11,小提琴
2022-10-11 08:14:09,钢琴
2022-10-11 08:15:07,贝斯
2022-10-11 08:16:05,钢琴
2022-10-11 08:17:03,钢琴
2022-10-11 08:18:01,贝斯
2022-10-11 08:18:59,钢琴
2022-10-11 08:19:57,钢琴
2022-10-11 08:20:55,萨克斯风
2022-10-11 08:21:53,小提琴
2022-10-11 08:22:51,贝斯
2022-10-11 08:23:49,贝斯
2022-10-11 08:24:47,钢琴
2022-10-11 08:25:45,钢琴

2022-10-11 10:32:23,吉他

2022-10-11 11:03:19,贝斯
2022-10-11 11:04:17,吉他
2022-10-11 11:05:15,小提琴
2022-10-11 11:06:13,小提琴
2022-10-11 11:07:11,竖琴
2022-10-11 11:08:09,小提琴
2022-10-11 11:09:07,贝斯
2022-10-11 11:10:05,小提琴
2022-10-11 11:11:03,钢琴
2022-10-11 11:12:01,吉他
2022-10-11 11:12:59,萨克斯风
2022-10-11 11:13:57,贝斯
2022-10-11 11:14:55,贝斯
2022-10-11 11:15:53,小提琴
2022-10-11 11:16:51,钢琴
2022-10-11 11:17:49,吉他
2022-10-11 11:18:47,贝斯
2022-10-11 11:19:45,小提琴
2022-10-11 11:20:43,钢琴
2022-10-11 11:21:41,圆号
2022-10-11 11:22:39,贝斯
2022-10-11 11:23:37,小提琴
2022-10-11 11:24:35,钢琴
2022-10-11 11:25:33,贝斯
2022-10-11 11:26:31,贝斯
2022-10-11 11:27:29,钢琴
2022-10-11 11:28:27,小提琴
2022-10-11 11:29:25,吉他
2022-10-11 11:30:23,竖琴
2022-10-11 11:31:21,竖琴
2022-10-11 11:32:19,吉他
2022-10-11 11:33:17,吉他
2022-10-11 11:34:15,小提琴
2022-10-11 11:35:13,钢琴
2022-10-11 11:36:11,贝斯
2022-10-11 11:37:09,贝斯
2022-10-11 11:38:07,小提琴
2022-10-11 11:39:05,小提琴
2022-10-11 11:40:03,贝斯
2022-10-11 11:41:01,钢琴
2022-10-11 11:41:59,钢琴
2022-10-11 11:42:57,吉他
2022-10-11 11:43:55,吉他
2022-10-11 11:44:53,竖琴
2022-10-11 11:45:51,萨克斯风
2022-10-11 11:46:49,架子鼓
2022-10-11 11:47:47,吉他
2022-10-11 11:48:45,小提琴
2022-10-11 11:49:43,架子鼓
2022-10-11 11:50:41,贝斯
2022-10-11 11:51:39,钢琴
2022-10-11 11:52:37,架子鼓
2022-10-11 11:53:35,贝斯
2022-10-11 11:54:33,吉他
2022-10-11 11:55:31,架子鼓
2022-10-11 11:56:29,架子鼓
2022-10-11 11:57:27,贝斯
2022-10-11 11:58:25,吉他
2022-10-11 11:59:23,贝斯
2022-10-11 12:00:21,架子鼓
2022-10-11 12:01:19,小提琴
2022-10-11 12:02:17,架子鼓
2022-10-11 12:03:15,贝斯
2022-10-11 12:04:13,贝斯
2022-10-11 12:05:11,贝斯
2022-10-11 12:06:09,贝斯
2022-10-11 12:07:07,贝斯
2022-10-11 12:08:05,贝斯
2022-10-11 12:09:03,贝斯
2022-10-11 12:10:01,贝斯
2022-10-11 12:10:59,小提琴
2022-10-11 12:11:57,吉他
2022-10-11 12:12:55,圆号
2022-10-11 12:13:53,吉他
2022-10-11 12:14:51,架子鼓
2022-10-11 12:15:49,架子鼓
2022-10-11 12:16:47,小提琴
2022-10-11 12:17:45,贝斯
2022-10-11 12:18:43,小提琴
2022-10-11 12:19:41,吉他
2022-10-11 12:20:39,架子鼓
2022-10-11 12:21:37,架子鼓
2022-10-11 12:22:35,小提琴
2022-10-11 12:23:33,吉他
2022-10-11 12:24:31,架子鼓
2022-10-11 12:25:29,贝斯
2022-10-11 12:26:27,钢琴
2022-10-11 12:27:25,架子鼓
2022-10-11 12:28:23,小提琴
2022-10-11 12:29:21,钢琴
2022-10-11 12:30:19,架子鼓
2022-10-11 12:31:17,架子鼓
2022-10-11 12:32:15,小提琴
2022-10-11 12:33:13,小提琴
2022-10-11 12:34:11,钢琴
2022-10-11 12:35:09,吉他
2022-10-11 12:36:07,架子鼓
2022-10-11 12:37:05,小提琴
2022-10-11 12:38:03,小提琴

2022-10-11 13:02:13,贝斯
2022-10-11 13:03:11,小提琴
2022-10-11 13:04:09,竖琴
2022-10-11 13:05:07,架子鼓

2022-10-11 13:57:19,吉他
2022-10-11 13:58:17,小提琴
2022-10-11 13:59:15,钢琴
2022-10-11 14:00:13,小提琴
2022-10-11 14:01:11,小提琴
2022-10-11 14:02:09,架子鼓
2022-10-11 14:03:07,竖琴
2022-10-11 14:04:05,架子鼓
2022-10-11 14:05:03,小提琴
2022-10-11 14:06:01,圆号
2022-10-11 14:06:59,小提琴
2022-10-11 14:07:57,贝斯
2022-10-11 14:08:55,小提琴
2022-10-11 14:09:53,小提琴
2022-10-11 14:10:51,萨克斯风
2022-10-11 14:11:49,萨克斯风
2022-10-11 14:12:47,贝斯
2022-10-11 14:13:45,小提琴
2022-10-11 14:14:43,钢琴
2022-10-11 14:15:41,钢琴
2022-10-11 14:16:39,萨克斯风
2022-10-11 14:17:37,架子鼓
2022-10-11 14:18:35,钢琴
2022-10-11 14:19:33,钢琴
2022-10-11 14:20:31,钢琴
2022-10-11 14:21:29,吉他
2022-10-11 14:22:27,小提琴
2022-10-11 14:23:25,小提琴
2022-10-11 14:24:23,小提琴
2022-10-11 14:25:21,钢琴
2022-10-11 14:26:19,架子鼓
2022-10-11 14:27:17,竖琴
2022-10-11 14:28:15,小提琴
2022-10-11 14:29:13,贝斯
2022-10-11 14:30:11,贝斯
2022-10-11 14:31:09,架子鼓
2022-10-11 14:32:07,贝斯
2022-10-11 14:33:05,钢琴
2022-10-11 14:34:03,吉他

2022-10-11 17:54:09,贝斯
2022-10-11 17:55:07,小提琴
2022-10-11 17:56:05,竖琴
2022-10-11 17:57:03,贝斯
2022-10-11 17:58:01,竖琴
2022-10-11 17:58:59,竖琴
2022-10-11 17:59:57,小提琴
2022-10-11 18:00:55,钢琴
2022-10-11 18:01:53,架子鼓
2022-10-11 18:02:51,吉他
2022-10-11 18:03:49,钢琴
2022-10-11 18:04:47,钢琴
2022-10-11 18:05:45,吉他
2022-10-11 18:06:43,架子鼓
2022-10-11 18:07:41,小提琴
2022-10-11 18:08:39,钢琴
2022-10-11 18:09:37,吉他
2022-10-11 18:10:35,吉他
2022-10-11 18:11:33,小提琴
2022-10-11 18:12:31,吉他
2022-10-11 18:13:29,贝斯
2022-10-11 18:14:27,小提琴
2022-10-11 18:15:25,竖琴
2022-10-11 18:16:23,贝斯
2022-10-11 18:17:21,架子鼓
2022-10-11 18:18:19,吉他
2022-10-11 18:19:17,吉他
2022-10-11 18:20:15,圆号
2022-10-11 18:21:13,贝斯
2022-10-11 18:22:11,钢琴
2022-10-11 18:23:09,钢琴
2022-10-11 18:24:07,钢琴
2022-10-11 18:25:05,吉他
2022-10-11 18:26:03,钢琴
2022-10-11 18:27:01,钢琴
2022-10-11 18:27:59,钢琴
2022-10-11 18:28:57,圆号
2022-10-11 18:29:55,钢琴
2022-10-11 18:30:53,吉他
2022-10-11 18:31:51,架子鼓
2022-10-11 18:32:49,钢琴
2022-10-11 18:33:47,贝斯
2022-10-11 18:34:45,吉他
2022-10-11 18:35:43,架子鼓
2022-10-11 18:36:41,钢琴
2022-10-11 18:37:39,小提琴
2022-10-11 18:38:37,小提琴
2022-10-11 18:39:35,贝斯
2022-10-11 18:40:33,小提琴
2022-10-11 18:41:31,吉他
2022-10-11 18:42:29,贝斯
2022-10-11 18:43:27,圆号
2022-10-11 18:44:25,小提琴
2022-10-11 18:45:23,钢琴
2022-10-11 18:46:21,萨克斯风
2022-10-11 18:47:19,贝斯
2022-10-11 18:48:17,吉他
2022-10-11 18:49:15,竖琴
2022-10-11 18:50:13,吉他
2022-10-11 18:51:11,吉他
2022-10-11 18:52:09,钢琴
2022-10-11 18:53:07,小提琴
2022-10-11 18:54:05,竖琴
2022-10-11 18:55:03,钢琴
2022-10-11 18:56:01,钢琴
2022-10-11 18:56:59,小提琴
2022-10-11 18:57:57,小提琴
2022-10-11 18:58:55,吉他
2022-10-11 18:59:53,小提琴

2022-10-11 20:22:03,竖琴
2022-10-11 20:23:01,钢琴
2022-10-11 20:23:59,小提琴
2022-10-11 20:24:57,吉他
2022-10-11 20:25:55,钢琴
2022-10-11 20:26:53,小提琴
2022-10-11 20:27:51,架子鼓
2022-10-11 20:28:49,萨克斯风
2022-10-11 20:29:47,贝斯
2022-10-11 20:30:45,小提琴
2022-10-11 20:31:43,贝斯
2022-10-11 20:32:41,吉他
2022-10-11 20:33:39,吉他
2022-10-11 20:34:37,圆号
2022-10-11 20:35:35,小提琴
2022-10-11 20:36:33,小提琴
2022-10-11 20:37:31,钢琴
2022-10-11 20:38:29,吉他
2022-10-11 20:39:27,贝斯
2022-10-11 20:40:25,贝斯
2022-10-11 20:41:23,架子鼓
2022-10-11 20:42:21,贝斯
2022-10-11 20:43:19,贝斯
2022-10-11 20:44:17,小提琴
2022-10-11 20:45:15,贝斯
2022-10-11 20:46:13,小提琴
2022-10-11 20:47:11,吉他
2022-10-11 20:48:09,钢琴
2022-10-11 20:49:07,吉他
2022-10-11 20:50:05,贝斯
2022-10-11 20:51:03,钢琴
2022-10-11 20:52:01,钢琴
2022-10-11 20:52:59,钢琴
2022-10-11 20:53:57,贝斯
2022-10-11 20:54:55,贝斯
2022-10-11 20:55:53,小提琴
2022-10-11 20:56:51,贝斯
2022-10-11 20:57:49,架子鼓
2022-10-11 20:58:47,钢琴
2022-10-11 20:59:45,小提琴
2022-10-11 21:00:43,贝斯
2022-10-11 21:01:41,贝斯
2022-10-11 21:02:39,钢琴
2022-10-11 21:03:37,竖琴
2022-10-11 21:04:35,贝斯
2022-10-11 21:05:33,竖琴
2022-10-11 21:06:31,钢琴
2022-10-11 21:07:29,钢琴
2022-10-11 21:08:27,钢琴
2022-10-11 21:09:25,圆号
2022-10-11 21:10:23,钢琴
2022-10-11 21:11:21,架子鼓
2022-10-11 21:12:19,吉他
2022-10-11 21:13:17,架子鼓
2022-10-11 21:14:15,钢琴
2022-10-11 21:15:13,小提琴
2022-10-11 21:16:11,贝斯
2022-10-11 21:17:09,小提琴
2022-10-11 21:18:07,小提琴
2022-10-11 21:19:05,小提琴
2022-10-11 21:20:03,架子鼓
2022-10-11 21:21:01,贝斯
2022-10-11 21:21:59,贝斯
2022-10-11 21:22:57,架子鼓
2022-10-11 21:23:55,贝斯
2022-10-11 21:24:53,钢琴
2022-10-11 21:25:51,小提琴
2022-10-11 21:26:49,圆号
2022-10-11 21:27:47,竖琴
2022-10-11 21:28:45,吉他
2022-10-11 21:29:43,小提琴
2022-10-11 21:30:41,吉他
2022-10-11 21:31:39,贝斯
2022-10-11 21:32:37,吉他
2022-10-11 21:33:35,架子鼓
2022-10-11 21:34:33,吉他
2022-10-11 21:35:31,贝斯
2022-10-11 21:36:29,吉他
2022-10-11 21:37:27,贝斯
2022-10-11 21:38:25,钢琴
2022-10-11 21:39:23,钢琴
2022-10-11 21:40:21,小提琴
2022-10-11 21:41:19,小提琴
2022-10-11 21:42:17,小提琴
2022-10-11 21:43:15,贝斯
2022-10-11 21:44:13,小提琴
2022-10-11 21:45:11,钢琴
2022-10-11 21:46:09,吉他
2022-10-11 21:47:07,小提琴
2022-10-11 21:48:05,吉他
2022-10-11 21:49:03,架子鼓
2022-10-11 21:50:01,吉他
2022-10-11 21:50:59,萨克斯风
2022-10-11 21:51:57,吉他
2022-10-11 21:52:55,吉他
2022-10-11 21:53:53,小提琴
2022-10-11 21:54:51,萨克斯风
2022-10-11 21:55:49,贝斯
2022-10-11 21:56:47,钢琴
2022-10-11 21:57:45,贝斯
2022-10-11 21:58:43,架子鼓
2022-10-11 21:59:41,钢琴
2022-10-11 22:00:39,小提琴
2022-10-11 22:01:37,钢琴
2022-10-11 22:02:35,吉他
2022-10-11 22:03:33,贝斯
2022-10-11 22:04:31,贝斯
2022-10-11 22:05:29,吉他
2022-10-11 22:06:27,吉他
2022-10-11 22:07:25,吉他
2022-10-11 22:08:23,小提琴
2022-10-11 22:09:21,吉他
2022-10-11 22:10:19,贝斯
2022-10-11 22:11:17,吉他
2022-10-11 22:12:15,贝斯
2022-10-11 22:13:13,贝斯
2022-10-11 22:14:11,贝斯
2022-10-11 22:15:09,小提琴
2022-10-11 22:16:07,小提琴
2022-10-11 22:17:05,圆号
2022-10-11 22:18:03,贝斯
2022-10-11 22:19:01,小提琴
2022-10-11 22:19:59,吉他
2022-10-11 22:20:57,吉他
2022-10-11 22:21:55,架子鼓
2022-10-11 22:22:53,吉他
2022-10-11 22:23:51,小提琴
2022-10-11 22:24:49,贝斯
2022-10-11 22:25:47,吉他
2022-10-11 22:26:45,架子鼓
2022-10-11 22:27:43,萨克斯风
2022-10-11 22:28:41,竖琴
2022-10-11 22:29:39,钢琴
2022-10-11 22:30:37,吉他
2022-10-11 22:31:35,吉他
2022-10-11 22:32:33,贝斯
2022-10-11 22:33:31,吉他

2022-10-11 22:36:25,贝斯
2022-10-11 22:37:23,贝斯
2022-10-11 22:38:21,贝斯
2022-10-11 22:39:19,贝斯
2022-10-11 22:40:17,钢琴
2022-10-11 22:41:15,小提琴
2022-10-11 22:42:13,钢琴
2022-10-11 22:43:11,钢琴
2022-10-11 22:44:09,小提琴
2022-10-11 22:45:07,竖琴
2022-10-11 22:46:05,吉他
2022-10-11 22:47:03,钢琴
2022-10-11 22:48:01,吉他
2022-10-11 22:48:59,吉他
2022-10-11 22:49:57,贝斯
2022-10-11 22:50:55,竖琴
2022-10-11 22:51:53,吉他
2022-10-11 22:52:51,萨克斯风
2022-10-11 22:53:49,小提琴
2022-10-11 22:54:47,贝斯
2022-10-11 22:55:45,钢琴
2022-10-11 22:56:43,小提琴
2022-10-11 22:57:41,小提琴
2022-10-11 22:58:39,贝斯
2022-10-11 22:59:37,架子鼓
2022-10-11 23:00:35,萨克斯风
2022-10-11 23:01:33,吉他
2022-10-11 23:02:31,钢琴
2022-10-11 23:03:29,小提琴
2022-10-11 23:04:27,小提琴
2022-10-11 23:05:25,萨克斯风
2022-10-11 23:06:23,吉他
2022-10-11 23:07:21,小提琴
2022-10-11 23:08:19,钢琴
2022-10-11 23:09:17,吉他
2022-10-11 23:10:15,钢琴
2022-10-11 23:11:13,小提琴
2022-10-11 23:12:11,吉他
2022-10-11 23:13:09,吉他
2022-10-11 23:14:07,竖琴
2022-10-11 23:15:05,萨克斯风
2022-10-11 23:16:03,贝斯
2022-10-11 23:17:01,小提琴
2022-10-11 23:17:59,贝斯
2022-10-11 23:18:57,贝斯
2022-10-11 23:19:55,钢琴
2022-10-11 23:20:53,钢琴
2022-10-11 23:21:51,贝斯

2022-10-11 23:23:47,架子鼓
2022-10-11 23:24:45,吉他
2022-10-11 23:25:43,吉他
2022-10-11 23:26:41,贝斯
2022-10-11 23:27:39,钢琴
2022-10-11 23:28:37,萨克斯风
2022-10-11 23:29:35,贝斯
2022-10-11 23:30:33,吉他
2022-10-11 23:31:31,小提琴
2022-10-11 23:32:29,架子鼓
2022-10-11 23:33:27,萨克斯风
2022-10-11 23:34:25,贝斯
2022-10-11 23:35:23,贝斯
2022-10-11 23:36:21,竖琴
2022-10-11 23:37:19,小提琴
2022-10-11 23:38:17,贝斯
2022-10-11 23:39:15,小提琴
2022-10-11 23:40:13,吉他
2022-10-11 23:41:11,钢琴
2022-10-11 23:42:09,小提琴
2022-10-11 23:43:07,萨克斯风
2022-10-11 23:44:05,贝斯
2022-10-11 23:45:03,钢琴
2022-10-11 23:46:01,小提琴
2022-10-11 23:46:59,钢琴
2022-10-11 23:47:57,贝斯
2022-10-11 23:48:55,架子鼓
2022-10-11 23:49:53,贝斯
2022-10-11 23:50:51,贝斯
2022-10-11 23:51:49,贝斯
2022-10-11 23:52:47,小提琴
2022-10-11 23:53:45,钢琴
2022-10-11 23:54:43,架子鼓
2022-10-11 23:55:41,吉他
2022-10-11 23:56:39,钢琴
2022-10-11 23:57:37,小提琴
2022-10-11 23:58:35,吉他
2022-10-11 23:59:33,小提琴
2022-10-12 00:00:31,吉他
2022-10-12 00:01:29,架子鼓
2022-10-12 00:02:27,吉他
2022-10-12 00:03:25,竖琴
2022-10-12 00:04:23,小提琴
2022-10-12 00:05:21,架子鼓
2022-10-12 00:06:19,贝斯
2022-10-12 00:07:17,钢琴
2022-10-12 00:08:15,钢琴
2022-10-12 00:09:13,贝斯
2022-10-12 00:10:11,萨克斯风
2022-10-12 00:11:09,吉他
2022-10-12 00:12:07,钢琴
2022-10-12 00:13:05,小提琴
2022-10-12 00:14:03,贝斯
2022-10-12 00:15:01,贝斯
2022-10-12 00:15:59,钢琴
2022-10-12 00:16:57,小提琴
2022-10-12 00:17:55,吉他
2022-10-12 00:18:53,吉他
2022-10-12 00:19:51,吉他
2022-10-12 00:20:49,吉他
2022-10-12 00:21:47,竖琴
2022-10-12 00:22:45,钢琴
2022-10-12 00:23:43,竖琴
2022-10-12 00:24:41,吉他
2022-10-12 00:25:39,钢琴
2022-10-12 00:26:37,吉他
2022-10-12 00:27:35,小提琴
2022-10-12 00:28:33,小提琴
2022-10-12 00:29:31,小提琴
2022-10-12 00:30:29,钢琴
2022-10-12 00:31:27,钢琴
2022-10-12 00:32:25,贝斯
2022-10-12 00:33:23,架子鼓
2022-10-12 00:34:21,钢琴
2022-10-12 00:35:19,架子鼓
2022-10-12 00:36:17,小提琴
2022-10-12 00:37:15,吉他
2022-10-12 00:38:13,小提琴
2022-10-12 00:39:11,吉他
2022-10-12 00:40:09,竖琴
2022-10-12 00:41:07,贝斯
2022-10-12 00:42:05,小提琴
2022-10-12 00:43:03,吉他
2022-10-12 00:44:01,贝斯
2022-10-12 00:44:59,钢琴
2022-10-12 00:45:57,小提琴
2022-10-12 00:46:55,萨克斯风
2022-10-12 00:47:53,小提琴
2022-10-12 00:48:51,钢琴
2022-10-12 00:49:49,吉他
2022-10-12 00:50:47,竖琴
2022-10-12 00:51:45,钢琴
2022-10-12 00:52:43,萨克斯风
2022-10-12 00:53:41,小提琴
2022-10-12 00:54:39,吉他
2022-10-12 00:55:37,贝斯
2022-10-12 00:56:35,贝斯
2022-10-12 00:57:33,小提琴
2022-10-12 00:58:31,小提琴
2022-10-12 00:59:29,小提琴
2022-10-12 01:00:27,贝斯
2022-10-12 01:01:25,钢琴
2022-10-12 01:02:23,架子鼓
2022-10-12 01:03:21,小提琴
2022-10-12 01:04:19,贝斯
2022-10-12 01:05:17,架子鼓
2022-10-12 01:06:15,吉他
2022-10-12 01:07:13,萨克斯风
2022-10-12 01:08:11,竖琴
2022-10-12 01:09:09,钢琴
2022-10-12 01:10:07,小提琴
2022-10-12 01:11:05,吉他
2022-10-12 01:12:03,钢琴
2022-10-12 01:13:01,小提琴
2022-10-12 01:13:59,吉他
2022-10-12 01:14:57,钢琴
2022-10-12 01:15:55,吉他
2022-10-12 01:16:53,吉他
2022-10-12 01:17:51,小提琴
2022-10-12 01:18:49,贝斯
2022-10-12 01:19:47,萨克斯风
2022-10-12 01:20:45,小提琴
2022-10-12 01:21:43,贝斯
2022-10-12 01:22:41,贝斯
2022-10-12 01:23:39,架子鼓
2022-10-12 01:24:37,钢琴
2022-10-12 01:25:35,钢琴
2022-10-12 01:26:33,架子鼓
2022-10-12 01:27:31,贝斯
2022-10-12 01:28:29,架子鼓
2022-10-12 01:29:27,吉他
2022-10-12 01:30:25,小提琴
2022-10-12 01:31:23,贝斯
2022-10-12 01:32:21,贝斯
2022-10-12 01:33:19,贝斯
2022-10-12 01:34:17,吉他
2022-10-12 01:35:15,小提琴
2022-10-12 01:36:13,钢琴
2022-10-12 01:37:11,吉他
2022-10-12 01:38:09,贝斯
2022-10-12 01:39:07,架子鼓
2022-10-12 01:40:05,钢琴
2022-10-12 01:41:03,吉他
2022-10-12 01:42:01,圆号
2022-10-12 01:42:59,钢琴
2022-10-12 01:43:57,架子鼓
2022-10-12 01:44:55,架子鼓
2022-10-12 01:45:53,小提琴
2022-10-12 01:46:51,萨克斯风
2022-10-12 01:47:49,吉他
2022-10-12 01:48:47,吉他
2022-10-12 01:49:45,架子鼓
2022-10-12 01:50:43,小提琴
2022-10-12 01:51:41,贝斯
2022-10-12 01:52:39,贝斯
2022-10-12 01:53:37,钢琴
2022-10-12 01:54:35,小提琴
2022-10-12 01:55:33,贝斯
2022-10-12 01:56:31,萨克斯风
2022-10-12 01:57:29,吉他
2022-10-12 01:58:27,吉他
2022-10-12 01:59:25,架子鼓
2022-10-12 02:00:23,小提琴
2022-10-12 02:01:21,小提琴
2022-10-12 02:02:19,贝斯
2022-10-12 02:03:17,吉他
2022-10-12 02:04:15,贝斯
2022-10-12 02:05:13,钢琴
2022-10-12 02:06:11,吉他
2022-10-12 02:07:09,钢琴
2022-10-12 02:08:07,小提琴
2022-10-12 02:09:05,贝斯
2022-10-12 02:10:03,竖琴
2022-10-12 02:11:01,贝斯
2022-10-12 02:11:59,架子鼓
2022-10-12 02:12:57,吉他
2022-10-12 02:13:55,贝斯
2022-10-12 02:14:53,竖琴
2022-10-12 02:15:51,钢琴
2022-10-12 02:16:49,贝斯
2022-10-12 02:17:47,钢琴
2022-10-12 02:18:45,贝斯
2022-10-12 02:19:43,小提琴
2022-10-12 02:20:41,架子鼓
2022-10-12 02:21:39,小提琴
2022-10-12 02:22:37,钢琴
2022-10-12 02:23:35,贝斯
2022-10-12 02:24:33,小提琴
2022-10-12 02:25:31,钢琴
2022-10-12 02:26:29,钢琴
2022-10-12 02:27:27,吉他
2022-10-12 02:28:25,小提琴
2022-10-12 02:29:23,吉他
2022-10-12 02:30:21,吉他
2022-10-12 02:31:19,竖琴
2022-10-12 02:32:17,钢琴
2022-10-12 02:33:15,吉他
2022-10-12 02:34:13,小提琴
2022-10-12 02:35:11,吉他
2022-10-12 02:36:09,钢琴
2022-10-12 02:37:07,架子鼓
2022-10-12 02:38:05,萨克斯风
2022-10-12 02:39:03,钢琴
2022-10-12 02:40:01,小提琴
2022-10-12 02:40:59,贝斯
2022-10-12 02:41:57,钢琴
2022-10-12 02:42:55,贝斯
2022-10-12 02:43:53,架子鼓
2022-10-12 02:44:51,吉他
2022-10-12 02:45:49,贝斯
2022-10-12 02:46:47,吉他
2022-10-12 02:47:45,架子鼓
2022-10-12 02:48:43,贝斯
2022-10-12 02:49:41,贝斯
2022-10-12 02:50:39,钢琴
2022-10-12 02:51:37,钢琴
2022-10-12 02:52:35,小提琴
2022-10-12 02:53:33,架子鼓
2022-10-12 02:54:31,架子鼓
2022-10-12 02:55:29,小提琴
2022-10-12 02:56:27,竖琴
2022-10-12 02:57:25,钢琴
2022-10-12 02:58:23,钢琴
2022-10-12 02:59:21,竖琴
2022-10-12 03:00:19,小提琴
2022-10-12 03:01:17,吉他
2022-10-12 03:02:15,贝斯
2022-10-12 03:03:13,架子鼓
2022-10-12 03:04:11,吉他
2022-10-12 03:05:09,钢琴
2022-10-12 03:06:07,吉他
2022-10-12 03:07:05,贝斯
2022-10-12 03:08:03,圆号
2022-10-12 03:09:01,贝斯
2022-10-12 03:09:59,竖琴
2022-10-12 03:10:57,吉他
2022-10-12 03:11:55,竖琴
2022-10-12 03:12:53,吉他
2022-10-12 03:13:51,架子鼓
2022-10-12 03:14:49,贝斯
2022-10-12 03:15:47,贝斯
2022-10-12 03:16:45,竖琴
2022-10-12 03:17:43,钢琴
2022-10-12 03:18:41,钢琴
2022-10-12 03:19:39,架子鼓
2022-10-12 03:20:37,吉他
2022-10-12 03:21:35,吉他
2022-10-12 03:22:33,架子鼓
2022-10-12 03:23:31,贝斯
2022-10-12 03:24:29,小提琴

2022-10-12 12:17:07,钢琴
2022-10-12 12:18:05,吉他
2022-10-12 12:19:03,钢琴
2022-10-12 12:20:01,吉他
2022-10-12 12:20:59,钢琴
2022-10-12 12:21:57,钢琴
2022-10-12 12:22:55,贝斯
2022-10-12 12:23:53,架子鼓
2022-10-12 12:24:51,贝斯
2022-10-12 12:25:49,钢琴
2022-10-12 12:26:47,吉他
2022-10-12 12:27:45,小提琴
2022-10-12 12:28:43,钢琴
2022-10-12 12:29:41,竖琴
2022-10-12 12:30:39,贝斯
2022-10-12 12:31:37,吉他
2022-10-12 12:32:35,钢琴
2022-10-12 12:33:33,小提琴
2022-10-12 12:34:31,小提琴
2022-10-12 12:35:29,架子鼓
2022-10-12 12:36:27,贝斯
2022-10-12 12:37:25,吉他
2022-10-12 12:38:23,贝斯
2022-10-12 12:39:21,钢琴
2022-10-12 12:40:19,贝斯
2022-10-12 12:41:17,钢琴
2022-10-12 12:42:15,钢琴
2022-10-12 12:43:13,吉他
2022-10-12 12:44:11,钢琴
2022-10-12 12:45:09,钢琴
2022-10-12 12:46:07,贝斯
2022-10-12 12:47:05,小提琴
2022-10-12 12:48:03,吉他
2022-10-12 12:49:01,钢琴
2022-10-12 12:49:59,吉他
2022-10-12 12:50:57,钢琴
2022-10-12 12:51:55,吉他
2022-10-12 12:52:53,钢琴
2022-10-12 12:53:51,小提琴
2022-10-12 12:54:49,萨克斯风
2022-10-12 12:55:47,萨克斯风
2022-10-12 12:56:45,钢琴
2022-10-12 12:57:43,吉他
2022-10-12 12:58:41,贝斯
2022-10-12 12:59:39,贝斯
2022-10-12 13:00:37,钢琴
2022-10-12 13:01:35,圆号
2022-10-12 13:02:33,吉他
2022-10-12 13:03:31,小提琴
2022-10-12 13:04:29,竖琴
2022-10-12 13:05:27,钢琴
2022-10-12 13:06:25,圆号
2022-10-12 13:07:23,竖琴
2022-10-12 13:08:21,吉他
2022-10-12 13:09:19,吉他
2022-10-12 13:10:17,钢琴
2022-10-12 13:11:15,竖琴
2022-10-12 13:12:13,钢琴
2022-10-12 13:13:11,钢琴
2022-10-12 13:14:09,架子鼓
2022-10-12 13:15:07,架子鼓
2022-10-12 13:16:05,吉他
2022-10-12 13:17:03,贝斯
2022-10-12 13:18:01,贝斯
2022-10-12 13:18:59,吉他
2022-10-12 13:19:57,小提琴
2022-10-12 13:20:55,贝斯
2022-10-12 13:21:53,钢琴

2022-10-13 00:21:09,钢琴
2022-10-13 00:22:07,圆号
2022-10-13 00:23:05,架子鼓
2022-10-13 00:24:03,贝斯
2022-10-13 00:25:01,吉他
2022-10-13 00:25:59,贝斯
2022-10-13 00:26:57,架子鼓
2022-10-13 00:27:55,吉他
2022-10-13 00:28:53,贝斯
2022-10-13 00:29:51,吉他
2022-10-13 00:30:49,贝斯
2022-10-13 00:31:47,钢琴
2022-10-13 00:32:45,贝斯
2022-10-13 00:33:43,吉他
2022-10-13 00:34:41,吉他
2022-10-13 00:35:39,小提琴
2022-10-13 00:36:37,钢琴
2022-10-13 00:37:35,小提琴
2022-10-13 00:38:33,吉他
2022-10-13 00:39:31,吉他
2022-10-13 00:40:29,吉他
2022-10-13 00:41:27,吉他
2022-10-13 00:42:25,小提琴
2022-10-13 00:43:23,吉他
2022-10-13 00:44:21,小提琴
2022-10-13 00:45:19,吉他
2022-10-13 00:46:17,贝斯
2022-10-13 00:47:15,架子鼓
2022-10-13 00:48:13,钢琴
2022-10-13 00:49:11,钢琴
2022-10-13 00:50:09,圆号
2022-10-13 00:51:07,钢琴
2022-10-13 00:52:05,贝斯
2022-10-13 00:53:03,贝斯
2022-10-13 00:54:01,吉他
2022-10-13 00:54:59,吉他
2022-10-13 00:55:57,贝斯
2022-10-13 00:56:55,架子鼓
2022-10-13 00:57:53,吉他
2022-10-13 00:58:51,贝斯
2022-10-13 00:59:49,钢琴
2022-10-13 01:00:47,小提琴
2022-10-13 01:01:45,吉他
2022-10-13 01:02:43,钢琴
2022-10-13 01:03:41,小提琴
2022-10-13 01:04:39,吉他
2022-10-13 01:05:37,贝斯
2022-10-13 01:06:35,小提琴
2022-10-13 01:07:33,小提琴
2022-10-13 01:08:31,小提琴
2022-10-13 01:09:29,小提琴
2022-10-13 01:10:27,竖琴
2022-10-13 01:11:25,小提琴
2022-10-13 01:12:23,贝斯
2022-10-13 01:13:21,小提琴
2022-10-13 01:14:19,萨克斯风
2022-10-13 01:15:17,贝斯
2022-10-13 01:16:15,贝斯
2022-10-13 01:17:13,架子鼓
2022-10-13 01:18:11,贝斯
2022-10-13 01:19:09,贝斯
2022-10-13 01:20:07,萨克斯风
2022-10-13 01:21:05,吉他
2022-10-13 01:22:03,贝斯
2022-10-13 01:23:01,吉他
2022-10-13 01:23:59,贝斯
2022-10-13 01:24:57,架子鼓
2022-10-13 01:25:55,贝斯
2022-10-13 01:26:53,吉他
2022-10-13 01:27:51,小提琴
2022-10-13 01:28:49,贝斯
2022-10-13 01:29:47,架子鼓
2022-10-13 01:30:45,吉他
2022-10-13 01:31:43,贝斯
2022-10-13 01:32:41,圆号
2022-10-13 01:33:39,贝斯
2022-10-13 01:34:37,贝斯
2022-10-13 01:35:35,小提琴
2022-10-13 01:36:33,贝斯
2022-10-13 01:37:31,吉他
2022-10-13 01:38:29,架子鼓
2022-10-13 01:39:27,吉他
2022-10-13 01:40:25,贝斯
2022-10-13 01:41:23,小提琴
2022-10-13 01:42:21,吉他
2022-10-13 01:43:19,贝斯
2022-10-13 01:44:17,贝斯
2022-10-13 01:45:15,贝斯
2022-10-13 01:46:13,竖琴
2022-10-13 01:47:11,钢琴
2022-10-13 01:48:09,钢琴
2022-10-13 01:49:07,吉他
2022-10-13 01:50:05,小提琴
2022-10-13 01:51:03,小提琴
2022-10-13 01:52:01,钢琴
2022-10-13 01:52:59,吉他
2022-10-13 01:53:57,吉他
2022-10-13 01:54:55,吉他
2022-10-13 01:55:53,钢琴
2022-10-13 01:56:51,吉他
2022-10-13 01:57:49,小提琴
2022-10-13 01:58:47,吉他
2022-10-13 01:59:45,架子鼓
2022-10-13 02:00:43,小提琴
2022-10-13 02:01:41,钢琴
2022-10-13 02:02:39,贝斯
2022-10-13 02:03:37,架子鼓
2022-10-13 02:04:35,贝斯
2022-10-13 02:05:33,小提琴
2022-10-13 02:06:31,贝斯
2022-10-13 02:07:29,贝斯
2022-10-13 02:08:27,小提琴
2022-10-13 02:09:25,钢琴
2022-10-13 02:10:23,架子鼓
2022-10-13 02:11:21,架子鼓
2022-10-13 02:12:19,贝斯
2022-10-13 02:13:17,贝斯
2022-10-13 02:14:15,小提琴
2022-10-13 02:15:13,萨克斯风
2022-10-13 02:16:11,钢琴
2022-10-13 02:17:09,钢琴
2022-10-13 02:18:07,贝斯
2022-10-13 02:19:05,萨克斯风
2022-10-13 02:20:03,钢琴
2022-10-13 02:21:01,架子鼓
2022-10-13 02:21:59,圆号
2022-10-13 02:22:57,架子鼓
2022-10-13 02:23:55,小提琴
2022-10-13 02:24:53,小提琴
2022-10-13 02:25:51,竖琴
2022-10-13 02:26:49,小提琴
2022-10-13 02:27:47,吉他
2022-10-13 02:28:45,钢琴
2022-10-13 02:29:43,架子鼓
2022-10-13 02:30:41,小提琴
2022-10-13 02:31:39,钢琴
2022-10-13 02:32:37,小提琴
2022-10-13 02:33:35,架子鼓
2022-10-13 02:34:33,贝斯
2022-10-13 02:35:31,架子鼓
2022-10-13 02:36:29,钢琴
2022-10-13 02:37:27,吉他
2022-10-13 02:38:25,贝斯
2022-10-13 02:39:23,架子鼓
2022-10-13 02:40:21,萨克斯风
2022-10-13 02:41:19,吉他
2022-10-13 02:42:17,吉他
2022-10-13 02:43:15,吉他
2022-10-13 02:44:13,钢琴
2022-10-13 02:45:11,小提琴
2022-10-13 02:46:09,小提琴
2022-10-13 02:47:07,小提琴
2022-10-13 02:48:05,小提琴
2022-10-13 02:49:03,钢琴
2022-10-13 02:50:01,小提琴
2022-10-13 02:50:59,吉他
2022-10-13 02:51:57,吉他
2022-10-13 02:52:55,贝斯
2022-10-13 02:53:53,小提琴
2022-10-13 02:54:51,小提琴
2022-10-13 02:55:49,吉他
2022-10-13 02:56:47,吉他
2022-10-13 02:57:45,吉他
2022-10-13 02:58:43,钢琴
2022-10-13 02:59:41,吉他
2022-10-13 03:00:39,小提琴
2022-10-13 03:01:37,架子鼓
2022-10-13 03:02:35,吉他
2022-10-13 03:03:33,贝斯
2022-10-13 03:04:31,吉他
2022-10-13 03:05:29,钢琴
2022-10-13 03:06:27,贝斯
2022-10-13 03:07:25,贝斯
2022-10-13 03:08:23,贝斯
2022-10-13 03:09:21,贝斯
2022-10-13 03:10:19,小提琴
2022-10-13 03:11:17,吉他
2022-10-13 03:12:15,小提琴
2022-10-13 03:13:13,贝斯
2022-10-13 03:14:11,吉他
2022-10-13 03:15:09,钢琴
2022-10-13 03:16:07,架子鼓
2022-10-13 03:17:05,架子鼓
2022-10-13 03:18:03,贝斯
2022-10-13 03:19:01,贝斯
2022-10-13 03:19:59,吉他
2022-10-13 03:20:57,小提琴
2022-10-13 03:21:55,吉他
2022-10-13 03:22:53,小提琴
2022-10-13 03:23:51,圆号
2022-10-13 03:24:49,贝斯
2022-10-13 03:25:47,小提琴
2022-10-13 03:26:45,吉他
2022-10-13 03:27:43,萨克斯风
2022-10-13 03:28:41,贝斯
2022-10-13 03:29:39,小提琴
2022-10-13 03:30:37,吉他
2022-10-13 03:31:35,架子鼓
2022-10-13 03:32:33,吉他
2022-10-13 03:33:31,吉他
2022-10-13 03:34:29,贝斯
2022-10-13 03:35:27,小提琴
2022-10-13 03:36:25,吉他
2022-10-13 03:37:23,钢琴
2022-10-13 03:38:21,吉他
2022-10-13 03:39:19,贝斯
2022-10-13 03:40:17,吉他
2022-10-13 03:41:15,小提琴
2022-10-13 03:42:13,架子鼓
2022-10-13 03:43:11,萨克斯风
2022-10-13 03:44:09,吉他
2022-10-13 03:45:07,小提琴
2022-10-13 03:46:05,萨克斯风
2022-10-13 03:47:03,吉他
2022-10-13 03:48:01,圆号
2022-10-13 03:48:59,贝斯
2022-10-13 03:49:57,钢琴
2022-10-13 03:50:55,吉他
2022-10-13 03:51:53,吉他
2022-10-13 03:52:51,小提琴
2022-10-13 03:53:49,吉他
2022-10-13 03:54:47,小提琴
2022-10-13 03:55:45,架子鼓
2022-10-13 03:56:43,吉他
2022-10-13 03:57:41,小提琴
2022-10-13 03:58:39,小提琴
2022-10-13 03:59:37,小提琴
2022-10-13 04:00:35,钢琴
2022-10-13 04:01:33,架子鼓
2022-10-13 04:02:31,钢琴
2022-10-13 04:03:29,钢琴
2022-10-13 04:04:27,吉他
2022-10-13 04:05:25,架子鼓
2022-10-13 04:06:23,钢琴
2022-10-13 04:07:21,架子鼓
2022-10-13 04:08:19,小提琴
2022-10-13 04:09:17,架子鼓
2022-10-13 04:10:15,钢琴
2022-10-13 04:11:13,吉他
2022-10-13 04:12:11,钢琴
2022-10-13 04:13:09,吉他
2022-10-13 04:14:07,萨克斯风
2022-10-13 04:15:05,吉他
2022-10-13 04:16:03,小提琴
2022-10-13 04:17:01,钢琴
2022-10-13 04:17:59,贝斯
2022-10-13 04:18:57,钢琴
2022-10-13 04:19:55,钢琴
2022-10-13 04:20:53,吉他
2022-10-13 04:21:51,吉他
2022-10-13 04:22:49,竖琴
2022-10-13 04:23:47,竖琴
2022-10-13 04:24:45,竖琴
2022-10-13 04:25:43,竖琴
2022-10-13 04:26:41,小提琴
2022-10-13 04:27:39,小提琴
2022-10-13 04:28:37,吉他
2022-10-13 04:29:35,小提琴
2022-10-13 04:30:33,小提琴
2022-10-13 04:31:31,小提琴
2022-10-13 04:32:29,小提琴
2022-10-13 04:33:27,钢琴
2022-10-13 04:34:25,圆号
2022-10-13 04:35:23,圆号
2022-10-13 04:36:21,吉他
2022-10-13 04:37:19,竖琴
2022-10-13 04:38:17,钢琴
2022-10-13 04:39:15,吉他
2022-10-13 04:40:13,钢琴
2022-10-13 04:41:11,钢琴
2022-10-13 04:42:09,钢琴
2022-10-13 04:43:07,贝斯
2022-10-13 04:44:05,钢琴
2022-10-13 04:45:03,贝斯
2022-10-13 04:46:01,贝斯
2022-10-13 04:46:59,贝斯
2022-10-13 04:47:57,钢琴
2022-10-13 04:48:55,钢琴
2022-10-13 04:49:53,钢琴
2022-10-13 04:50:51,贝斯
2022-10-13 04:51:49,竖琴
2022-10-13 04:52:47,贝斯
2022-10-13 04:53:45,贝斯
2022-10-13 04:54:43,小提琴
2022-10-13 04:55:41,吉他
2022-10-13 04:56:39,贝斯
2022-10-13 04:57:37,圆号
2022-10-13 04:58:35,钢琴
2022-10-13 04:59:33,吉他
2022-10-13 05:00:31,圆号
2022-10-13 05:01:29,钢琴
2022-10-13 05:02:27,萨克斯风
2022-10-13 05:03:25,贝斯
2022-10-13 05:04:23,钢琴
2022-10-13 05:05:21,钢琴
2022-10-13 05:06:19,钢琴
2022-10-13 05:07:17,吉他
2022-10-13 05:08:15,小提琴
2022-10-13 05:09:13,小提琴
2022-10-13 05:10:11,吉他
2022-10-13 05:11:09,吉他
2022-10-13 05:12:07,吉他
2022-10-13 05:13:05,钢琴
2022-10-13 05:14:03,贝斯
2022-10-13 05:15:01,吉他
2022-10-13 05:15:59,贝斯
2022-10-13 05:16:57,钢琴
2022-10-13 05:17:55,钢琴
2022-10-13 05:18:53,小提琴
2022-10-13 05:19:51,圆号
2022-10-13 05:20:49,贝斯
2022-10-13 05:21:47,吉他
2022-10-13 05:22:45,吉他
2022-10-13 05:23:43,小提琴
2022-10-13 05:24:41,小提琴
2022-10-13 05:25:39,贝斯
2022-10-13 05:26:37,钢琴
2022-10-13 05:27:35,钢琴
2022-10-13 05:28:33,小提琴
2022-10-13 05:29:31,钢琴
2022-10-13 05:30:29,钢琴
2022-10-13 05:31:27,吉他
2022-10-13 05:32:25,钢琴
2022-10-13 05:33:23,小提琴
2022-10-13 05:34:21,钢琴
2022-10-13 05:35:19,小提琴
2022-10-13 05:36:17,贝斯
2022-10-13 05:37:15,小提琴
2022-10-13 05:38:13,吉他
2022-10-13 05:39:11,小提琴
2022-10-13 05:40:09,吉他
2022-10-13 05:41:07,贝斯
2022-10-13 05:42:05,贝斯
2022-10-13 05:43:03,竖琴
2022-10-13 05:44:01,钢琴
2022-10-13 05:44:59,钢琴
2022-10-13 05:45:57,小提琴
2022-10-13 05:46:55,架子鼓
2022-10-13 05:47:53,吉他
2022-10-13 05:48:51,小提琴
2022-10-13 05:49:49,吉他
2022-10-13 05:50:47,小提琴
2022-10-13 05:51:45,吉他
2022-10-13 05:52:43,小提琴
2022-10-13 05:53:41,贝斯
2022-10-13 05:54:39,架子鼓
2022-10-13 05:55:37,贝斯
2022-10-13 05:56:35,钢琴
2022-10-13 05:57:33,吉他
2022-10-13 05:58:31,萨克斯风
2022-10-13 05:59:29,贝斯
2022-10-13 06:00:27,吉他
2022-10-13 06:01:25,贝斯
2022-10-13 06:02:23,吉他
2022-10-13 06:03:21,钢琴
2022-10-13 06:04:19,萨克斯风
2022-10-13 06:05:17,吉他
2022-10-13 06:06:15,架子鼓
2022-10-13 06:07:13,吉他
2022-10-13 06:08:11,小提琴
2022-10-13 06:09:09,小提琴
2022-10-13 06:10:07,小提琴
2022-10-13 06:11:05,小提琴
2022-10-13 06:12:03,钢琴
2022-10-13 06:13:01,小提琴
2022-10-13 06:13:59,竖琴
2022-10-13 06:14:57,小提琴
2022-10-13 06:15:55,小提琴
2022-10-13 06:16:53,钢琴
2022-10-13 06:17:51,架子鼓
2022-10-13 06:18:49,萨克斯风
2022-10-13 06:19:47,小提琴
2022-10-13 06:20:45,小提琴
2022-10-13 06:21:43,吉他
2022-10-13 06:22:41,钢琴
2022-10-13 06:23:39,小提琴
2022-10-13 06:24:37,贝斯
2022-10-13 06:25:35,钢琴
2022-10-13 06:26:33,竖琴
2022-10-13 06:27:31,钢琴
2022-10-13 06:28:29,萨克斯风
2022-10-13 06:29:27,钢琴
2022-10-13 06:30:25,架子鼓
2022-10-13 06:31:23,吉他
2022-10-13 06:32:21,竖琴
2022-10-13 06:33:19,架子鼓
2022-10-13 06:34:17,架子鼓
2022-10-13 06:35:15,小提琴
2022-10-13 06:36:13,吉他
2022-10-13 06:37:11,吉他
2022-10-13 06:38:09,架子鼓
2022-10-13 06:39:07,小提琴
2022-10-13 06:40:05,贝斯
2022-10-13 06:41:03,钢琴
2022-10-13 06:42:01,贝斯
2022-10-13 06:42:59,贝斯
2022-10-13 06:43:57,架子鼓
2022-10-13 06:44:55,贝斯
2022-10-13 06:45:53,吉他
2022-10-13 06:46:51,钢琴
2022-10-13 06:47:49,钢琴
2022-10-13 06:48:47,架子鼓
2022-10-13 06:49:45,贝斯
2022-10-13 06:50:43,钢琴
2022-10-13 06:51:41,贝斯
2022-10-13 06:52:39,吉他
2022-10-13 06:53:37,吉他
2022-10-13 06:54:35,架子鼓
2022-10-13 06:55:33,钢琴
2022-10-13 06:56:31,架子鼓
2022-10-13 06:57:29,小提琴
2022-10-13 06:58:27,贝斯
2022-10-13 06:59:25,贝斯
2022-10-13 07:00:23,吉他
2022-10-13 07:01:21,贝斯
2022-10-13 07:02:19,吉他
2022-10-13 07:03:17,小提琴
2022-10-13 07:04:15,小提琴
2022-10-13 07:05:13,吉他
2022-10-13 07:06:11,竖琴
2022-10-13 07:07:09,钢琴
2022-10-13 07:08:07,小提琴
2022-10-13 07:09:05,贝斯
2022-10-13 07:10:03,竖琴
2022-10-13 07:11:01,小提琴
2022-10-13 07:11:59,小提琴
2022-10-13 07:12:57,贝斯
2022-10-13 07:13:55,小提琴
2022-10-13 07:14:53,吉他
2022-10-13 07:15:51,贝斯
2022-10-13 07:16:49,钢琴
2022-10-13 07:17:47,贝斯
2022-10-13 07:18:45,钢琴
2022-10-13 07:19:43,钢琴
2022-10-13 07:20:41,吉他
2022-10-13 07:21:39,小提琴
2022-10-13 07:22:37,吉他
2022-10-13 07:23:35,吉他
2022-10-13 07:24:33,小提琴
2022-10-13 07:25:31,钢琴
2022-10-13 07:26:29,钢琴
2022-10-13 07:27:27,贝斯
2022-10-13 07:28:25,小提琴
2022-10-13 07:29:23,小提琴
2022-10-13 07:30:21,吉他
2022-10-13 07:31:19,钢琴
2022-10-13 07:32:17,小提琴
2022-10-13 07:33:15,小提琴
2022-10-13 07:34:13,贝斯
2022-10-13 07:35:11,吉他
2022-10-13 07:36:09,钢琴
2022-10-13 07:37:07,架子鼓
2022-10-13 07:38:05,小提琴
2022-10-13 07:39:03,小提琴
2022-10-13 07:40:01,吉他
2022-10-13 07:40:59,贝斯
2022-10-13 07:41:57,小提琴
2022-10-13 07:42:55,吉他
2022-10-13 07:43:53,小提琴
2022-10-13 07:44:51,贝斯
2022-10-13 07:45:49,圆号
2022-10-13 07:46:47,贝斯
2022-10-13 07:47:45,小提琴
2022-10-13 07:48:43,贝斯
2022-10-13 07:49:41,贝斯
2022-10-13 07:50:39,贝斯
2022-10-13 07:51:37,小提琴
2022-10-13 07:52:35,吉他
2022-10-13 07:53:33,小提琴
2022-10-13 07:54:31,小提琴
2022-10-13 07:55:29,贝斯
2022-10-13 07:56:27,吉他
2022-10-13 07:57:25,竖琴
2022-10-13 07:58:23,小提琴
2022-10-13 07:59:21,吉他
2022-10-13 08:00:19,萨克斯风
2022-10-13 08:01:17,钢琴
2022-10-13 08:02:15,小提琴
2022-10-13 08:03:13,架子鼓
2022-10-13 08:04:11,小提琴
2022-10-13 08:05:09,贝斯
2022-10-13 08:06:07,贝斯
2022-10-13 08:07:05,架子鼓
2022-10-13 08:08:03,钢琴
2022-10-13 08:09:01,钢琴
2022-10-13 08:09:59,架子鼓
2022-10-13 08:10:57,吉他
2022-10-13 08:11:55,架子鼓
2022-10-13 08:12:53,吉他
2022-10-13 08:13:51,架子鼓
2022-10-13 08:14:49,贝斯
2022-10-13 08:15:47,架子鼓
2022-10-13 08:16:45,钢琴
2022-10-13 08:17:43,小提琴
2022-10-13 08:18:41,吉他
2022-10-13 08:19:39,小提琴
2022-10-13 08:20:37,贝斯
2022-10-13 08:21:35,竖琴
2022-10-13 08:22:33,钢琴
2022-10-13 08:23:31,贝斯
2022-10-13 08:24:29,钢琴
2022-10-13 08:25:27,小提琴
2022-10-13 08:26:25,钢琴
2022-10-13 08:27:23,小提琴
2022-10-13 08:28:21,贝斯
2022-10-13 08:29:19,架子鼓
2022-10-13 08:30:17,吉他
2022-10-13 08:31:15,钢琴
2022-10-13 08:32:13,架子鼓
2022-10-13 08:33:11,吉他
2022-10-13 08:34:09,竖琴
2022-10-13 08:35:07,架子鼓
2022-10-13 08:36:05,钢琴
2022-10-13 08:37:03,贝斯
2022-10-13 08:38:01,小提琴
2022-10-13 08:38:59,小提琴
2022-10-13 08:39:57,贝斯
2022-10-13 08:40:55,吉他
2022-10-13 08:41:53,萨克斯风
2022-10-13 08:42:51,钢琴
2022-10-13 08:43:49,吉他
2022-10-13 08:44:47,小提琴
2022-10-13 08:45:45,架子鼓
2022-10-13 08:46:43,萨克斯风
2022-10-13 08:47:41,钢琴
2022-10-13 08:48:39,钢琴
2022-10-13 08:49:37,钢琴
2022-10-13 08:50:35,小提琴
2022-10-13 08:51:33,竖琴
2022-10-13 08:52:31,小提琴
2022-10-13 08:53:29,小提琴
2022-10-13 08:54:27,吉他
2022-10-13 08:55:25,贝斯
2022-10-13 08:56:23,架子鼓
2022-10-13 08:57:21,贝斯
2022-10-13 08:58:19,小提琴
2022-10-13 08:59:17,钢琴
2022-10-13 09:00:15,小提琴
2022-10-13 09:01:13,钢琴
2022-10-13 09:02:11,贝斯
2022-10-13 09:03:09,小提琴
2022-10-13 09:04:07,架子鼓
2022-10-13 09:05:05,吉他
2022-10-13 09:06:03,小提琴
2022-10-13 09:07:01,吉他
2022-10-13 09:07:59,贝斯

2022-10-13 10:18:33,贝斯
2022-10-13 10:19:31,贝斯

2022-10-13 10:26:17,小提琴
2022-10-13 10:27:15,吉他

2022-10-13 11:02:03,吉他
2022-10-13 11:03:01,吉他
2022-10-13 11:03:59,竖琴
2022-10-13 11:04:57,吉他
2022-10-13 11:05:55,吉他
2022-10-13 11:06:53,贝斯
2022-10-13 11:07:51,钢琴
2022-10-13 11:08:49,架子鼓
2022-10-13 11:09:47,钢琴
2022-10-13 11:10:45,萨克斯风
2022-10-13 11:11:43,小提琴
2022-10-13 11:12:41,吉他
2022-10-13 11:13:39,小提琴
2022-10-13 11:14:37,贝斯
2022-10-13 11:15:35,吉他
2022-10-13 11:16:33,钢琴
2022-10-13 11:17:31,小提琴
2022-10-13 11:18:29,吉他
2022-10-13 11:19:27,贝斯
2022-10-13 11:20:25,小提琴
2022-10-13 11:21:23,吉他
2022-10-13 11:22:21,小提琴
2022-10-13 11:23:19,贝斯
2022-10-13 11:24:17,贝斯
2022-10-13 11:25:15,小提琴
2022-10-13 11:26:13,钢琴
2022-10-13 11:27:11,萨克斯风
2022-10-13 11:28:09,小提琴
2022-10-13 11:29:07,贝斯
2022-10-13 11:30:05,架子鼓
2022-10-13 11:31:03,小提琴
2022-10-13 11:32:01,钢琴
2022-10-13 11:32:59,钢琴
2022-10-13 11:33:57,钢琴
2022-10-13 11:34:55,贝斯
2022-10-13 11:35:53,萨克斯风
2022-10-13 11:36:51,吉他
2022-10-13 11:37:49,架子鼓
2022-10-13 11:38:47,钢琴
2022-10-13 11:39:45,钢琴
2022-10-13 11:40:43,钢琴
2022-10-13 11:41:41,萨克斯风
2022-10-13 11:42:39,吉他
2022-10-13 11:43:37,吉他
2022-10-13 11:44:35,钢琴
2022-10-13 11:45:33,钢琴
2022-10-13 11:46:31,架子鼓
2022-10-13 11:47:29,架子鼓
2022-10-13 11:48:27,小提琴
2022-10-13 11:49:25,钢琴
2022-10-13 11:50:23,钢琴
2022-10-13 11:51:21,萨克斯风
2022-10-13 11:52:19,钢琴
2022-10-13 11:53:17,贝斯
2022-10-13 11:54:15,贝斯
2022-10-13 11:55:13,竖琴
2022-10-13 11:56:11,吉他
2022-10-13 11:57:09,贝斯
2022-10-13 11:58:07,吉他
2022-10-13 11:59:05,小提琴
2022-10-13 12:00:03,架子鼓
2022-10-13 12:01:01,小提琴
2022-10-13 12:01:59,钢琴
2022-10-13 12:02:57,竖琴
2022-10-13 12:03:55,钢琴
2022-10-13 12:04:53,钢琴
2022-10-13 12:05:51,竖琴
2022-10-13 12:06:49,竖琴
2022-10-13 12:07:47,吉他
2022-10-13 12:08:45,钢琴
2022-10-13 12:09:43,小提琴
2022-10-13 12:10:41,架子鼓
2022-10-13 12:11:39,钢琴
2022-10-13 12:12:37,吉他
2022-10-13 12:13:35,吉他
2022-10-13 12:14:33,架子鼓
2022-10-13 12:15:31,钢琴
2022-10-13 12:16:29,吉他
2022-10-13 12:17:27,贝斯
2022-10-13 12:18:25,架子鼓
2022-10-13 12:19:23,贝斯
2022-10-13 12:20:21,钢琴
2022-10-13 12:21:19,钢琴
2022-10-13 12:22:17,萨克斯风
2022-10-13 12:23:15,钢琴
2022-10-13 12:24:13,贝斯
2022-10-13 12:25:11,小提琴
2022-10-13 12:26:09,小提琴
2022-10-13 12:27:07,钢琴
2022-10-13 12:28:05,萨克斯风
2022-10-13 12:29:03,架子鼓
2022-10-13 12:30:01,小提琴
2022-10-13 12:30:59,钢琴
2022-10-13 12:31:57,钢琴
2022-10-13 12:32:55,小提琴
2022-10-13 12:33:53,钢琴
2022-10-13 12:34:51,贝斯
2022-10-13 12:35:49,钢琴
2022-10-13 12:36:47,钢琴
2022-10-13 12:37:45,吉他
2022-10-13 12:38:43,吉他
2022-10-13 12:39:41,吉他
2022-10-13 12:40:39,小提琴
2022-10-13 12:41:37,架子鼓
2022-10-13 12:42:35,吉他
2022-10-13 12:43:33,吉他
2022-10-13 12:44:31,贝斯
2022-10-13 12:45:29,圆号
2022-10-13 12:46:27,小提琴
2022-10-13 12:47:25,钢琴
2022-10-13 12:48:23,架子鼓
2022-10-13 12:49:21,小提琴
2022-10-13 12:50:19,圆号
2022-10-13 12:51:17,吉他
2022-10-13 12:52:15,架子鼓
2022-10-13 12:53:13,钢琴
2022-10-13 12:54:11,架子鼓
2022-10-13 12:55:09,钢琴
2022-10-13 12:56:07,架子鼓
2022-10-13 12:57:05,圆号
2022-10-13 12:58:03,架子鼓
2022-10-13 12:59:01,贝斯
2022-10-13 12:59:59,吉他
2022-10-13 13:00:57,钢琴
2022-10-13 13:01:55,圆号
2022-10-13 13:02:53,钢琴
2022-10-13 13:03:51,钢琴
2022-10-13 13:04:49,钢琴
2022-10-13 13:05:47,小提琴
2022-10-13 13:06:45,贝斯
2022-10-13 13:07:43,钢琴
2022-10-13 13:08:41,贝斯
2022-10-13 13:09:39,钢琴
2022-10-13 13:10:37,贝斯
2022-10-13 13:11:35,小提琴
2022-10-13 13:12:33,小提琴
2022-10-13 13:13:31,钢琴
2022-10-13 13:14:29,贝斯
2022-10-13 13:15:27,小提琴
2022-10-13 13:16:25,萨克斯风
2022-10-13 13:17:23,架子鼓
2022-10-13 13:18:21,小提琴
2022-10-13 13:19:19,萨克斯风
2022-10-13 13:20:17,架子鼓
2022-10-13 13:21:15,吉他
2022-10-13 13:22:13,贝斯
2022-10-13 13:23:11,小提琴
2022-10-13 13:24:09,架子鼓
2022-10-13 13:25:07,贝斯
2022-10-13 13:26:05,小提琴
2022-10-13 13:27:03,架子鼓
2022-10-13 13:28:01,贝斯
2022-10-13 13:28:59,贝斯
2022-10-13 13:29:57,贝斯
2022-10-13 13:30:55,贝斯
2022-10-13 13:31:53,钢琴
2022-10-13 13:32:51,吉他
2022-10-13 13:33:49,贝斯
2022-10-13 13:34:47,吉他
2022-10-13 13:35:45,吉他
2022-10-13 13:36:43,贝斯
2022-10-13 13:37:41,小提琴
2022-10-13 13:38:39,架子鼓
2022-10-13 13:39:37,架子鼓
2022-10-13 13:40:35,贝斯
2022-10-13 13:41:33,钢琴
2022-10-13 13:42:31,小提琴
2022-10-13 13:43:29,吉他
2022-10-13 13:44:27,吉他
2022-10-13 13:45:25,萨克斯风
2022-10-13 13:46:23,贝斯
2022-10-13 13:47:21,架子鼓
2022-10-13 13:48:19,钢琴
2022-10-13 13:49:17,吉他
2022-10-13 13:50:15,贝斯
2022-10-13 13:51:13,吉他
2022-10-13 13:52:11,小提琴
2022-10-13 13:53:09,贝斯
2022-10-13 13:54:07,小提琴
2022-10-13 13:55:05,小提琴
2022-10-13 13:56:03,贝斯
2022-10-13 13:57:01,小提琴
2022-10-13 13:57:59,萨克斯风
2022-10-13 13:58:57,钢琴
2022-10-13 13:59:55,萨克斯风
2022-10-13 14:00:53,吉他
2022-10-13 14:01:51,竖琴
2022-10-13 14:02:49,贝斯
2022-10-13 14:03:47,钢琴
2022-10-13 14:04:45,竖琴
2022-10-13 14:05:43,圆号

2022-10-13 15:30:47,钢琴
2022-10-13 15:31:45,贝斯
2022-10-13 15:32:43,小提琴
2022-10-13 15:33:41,钢琴
2022-10-13 15:34:39,贝斯
2022-10-13 15:35:37,小提琴
2022-10-13 15:36:35,小提琴
2022-10-13 15:37:33,钢琴
2022-10-13 15:38:31,小提琴
2022-10-13 15:39:29,贝斯
2022-10-13 15:40:27,钢琴
2022-10-13 15:41:25,钢琴
2022-10-13 15:42:23,钢琴
2022-10-13 15:43:21,贝斯
2022-10-13 15:44:19,钢琴
2022-10-13 15:45:17,架子鼓
2022-10-13 15:46:15,贝斯
2022-10-13 15:47:13,钢琴
2022-10-13 15:48:11,贝斯
2022-10-13 15:49:09,圆号
2022-10-13 15:50:07,钢琴
2022-10-13 15:51:05,吉他
2022-10-13 15:52:03,架子鼓
2022-10-13 15:53:01,贝斯
2022-10-13 15:53:59,小提琴
2022-10-13 15:54:57,钢琴
2022-10-13 15:55:55,竖琴
2022-10-13 15:56:53,吉他
2022-10-13 15:57:51,贝斯
2022-10-13 15:58:49,小提琴
2022-10-13 15:59:47,贝斯
2022-10-13 16:00:45,吉他
2022-10-13 16:01:43,小提琴
2022-10-13 16:02:41,吉他
2022-10-13 16:03:39,小提琴
2022-10-13 16:04:37,萨克斯风
2022-10-13 16:05:35,钢琴
2022-10-13 16:06:33,圆号
2022-10-13 16:07:31,小提琴
2022-10-13 16:08:29,小提琴
2022-10-13 16:09:27,贝斯
2022-10-13 16:10:25,架子鼓
2022-10-13 16:11:23,吉他
2022-10-13 16:12:21,钢琴
2022-10-13 16:13:19,钢琴
2022-10-13 16:14:17,贝斯
2022-10-13 16:15:15,竖琴
2022-10-13 16:16:13,钢琴
2022-10-13 16:17:11,贝斯
2022-10-13 16:18:09,钢琴
2022-10-13 16:19:07,架子鼓
2022-10-13 16:20:05,吉他
2022-10-13 16:21:03,贝斯
2022-10-13 16:22:01,贝斯
2022-10-13 16:22:59,架子鼓
2022-10-13 16:23:57,贝斯
2022-10-13 16:24:55,小提琴
2022-10-13 16:25:53,吉他
2022-10-13 16:26:51,小提琴
2022-10-13 16:27:49,钢琴
2022-10-13 16:28:47,贝斯
2022-10-13 16:29:45,吉他
2022-10-13 16:30:43,吉他
2022-10-13 16:31:41,钢琴
2022-10-13 16:32:39,贝斯
2022-10-13 16:33:37,贝斯
2022-10-13 16:34:35,吉他
2022-10-13 16:35:33,小提琴
2022-10-13 16:36:31,贝斯
2022-10-13 16:37:29,钢琴
2022-10-13 16:38:27,钢琴
2022-10-13 16:39:25,圆号
2022-10-13 16:40:23,贝斯
2022-10-13 16:41:21,钢琴
2022-10-13 16:42:19,钢琴
2022-10-13 16:43:17,贝斯
2022-10-13 16:44:15,萨克斯风
2022-10-13 16:45:13,钢琴
2022-10-13 16:46:11,钢琴
2022-10-13 16:47:09,吉他
2022-10-13 16:48:07,钢琴
2022-10-13 16:49:05,萨克斯风
2022-10-13 16:50:03,架子鼓
2022-10-13 16:51:01,钢琴
2022-10-13 16:51:59,小提琴
2022-10-13 16:52:57,小提琴
2022-10-13 16:53:55,贝斯
2022-10-13 16:54:53,贝斯
2022-10-13 16:55:51,贝斯
2022-10-13 16:56:49,吉他
2022-10-13 16:57:47,钢琴
2022-10-13 16:58:45,钢琴
2022-10-13 16:59:43,贝斯
2022-10-13 17:00:41,小提琴
2022-10-13 17:01:39,小提琴
2022-10-13 17:02:37,贝斯
2022-10-13 17:03:35,小提琴
2022-10-13 17:04:33,小提琴
2022-10-13 17:05:31,贝斯
2022-10-13 17:06:29,吉他
2022-10-13 17:07:27,贝斯
2022-10-13 17:08:25,小提琴
2022-10-13 17:09:23,架子鼓
2022-10-13 17:10:21,萨克斯风
2022-10-13 17:11:19,钢琴
2022-10-13 17:12:17,小提琴
2022-10-13 17:13:15,小提琴
2022-10-13 17:14:13,钢琴
2022-10-13 17:15:11,吉他
2022-10-13 17:16:09,小提琴
2022-10-13 17:17:07,小提琴
2022-10-13 17:18:05,萨克斯风
2022-10-13 17:19:03,竖琴
2022-10-13 17:20:01,钢琴
2022-10-13 17:20:59,吉他
2022-10-13 17:21:57,贝斯
2022-10-13 17:22:55,钢琴
2022-10-13 17:23:53,小提琴
2022-10-13 17:24:51,小提琴
2022-10-13 17:25:49,钢琴
2022-10-13 17:26:47,贝斯

2022-10-13 17:56:45,小提琴
2022-10-13 17:57:43,吉他
2022-10-13 17:58:41,钢琴
2022-10-13 17:59:39,贝斯
2022-10-13 18:00:37,贝斯
2022-10-13 18:01:35,贝斯
2022-10-13 18:02:33,钢琴
2022-10-13 18:03:31,贝斯
2022-10-13 18:04:29,架子鼓
2022-10-13 18:05:27,小提琴
2022-10-13 18:06:25,钢琴
2022-10-13 18:07:23,小提琴
2022-10-13 18:08:21,钢琴
2022-10-13 18:09:19,吉他
2022-10-13 18:10:17,吉他
2022-10-13 18:11:15,吉他
2022-10-13 18:12:13,贝斯
2022-10-13 18:13:11,吉他
2022-10-13 18:14:09,贝斯

2022-10-13 18:23:49,吉他
2022-10-13 18:24:47,钢琴
2022-10-13 18:25:45,小提琴
2022-10-13 18:26:43,吉他
2022-10-13 18:27:41,钢琴
2022-10-13 18:28:39,钢琴
2022-10-13 18:29:37,小提琴
2022-10-13 18:30:35,萨克斯风
2022-10-13 18:31:33,钢琴
2022-10-13 18:32:31,贝斯
2022-10-13 18:33:29,小提琴
2022-10-13 18:34:27,贝斯
2022-10-13 18:35:25,钢琴
2022-10-13 18:36:23,吉他
2022-10-13 18:37:21,小提琴
2022-10-13 18:38:19,贝斯
2022-10-13 18:39:17,吉他
2022-10-13 18:40:15,吉他
2022-10-13 18:41:13,钢琴
2022-10-13 18:42:11,小提琴
2022-10-13 18:43:09,架子鼓
2022-10-13 18:44:07,钢琴
2022-10-13 18:45:05,小提琴
2022-10-13 18:46:03,钢琴
2022-10-13 18:47:01,架子鼓
2022-10-13 18:47:59,萨克斯风
2022-10-13 18:48:57,贝斯
2022-10-13 18:49:55,架子鼓
2022-10-13 18:50:53,小提琴
2022-10-13 18:51:51,小提琴
2022-10-13 18:52:49,钢琴
2022-10-13 18:53:47,小提琴
2022-10-13 18:54:45,吉他
2022-10-13 18:55:43,架子鼓
2022-10-13 18:56:41,钢琴
2022-10-13 18:57:39,钢琴
2022-10-13 18:58:37,小提琴
2022-10-13 18:59:35,萨克斯风
2022-10-13 19:00:33,吉他
2022-10-13 19:01:31,小提琴
2022-10-13 19:02:29,小提琴
2022-10-13 19:03:27,贝斯
2022-10-13 19:04:25,萨克斯风
2022-10-13 19:05:23,贝斯
2022-10-13 19:06:21,贝斯
2022-10-13 19:07:19,小提琴
2022-10-13 19:08:17,架子鼓
2022-10-13 19:09:15,钢琴
2022-10-13 19:10:13,吉他
2022-10-13 19:11:11,小提琴
2022-10-13 19:12:09,吉他
2022-10-13 19:13:07,小提琴
2022-10-13 19:14:05,萨克斯风
2022-10-13 19:15:03,小提琴
2022-10-13 19:16:01,小提琴
2022-10-13 19:16:59,贝斯
2022-10-13 19:17:57,贝斯
2022-10-13 19:18:55,贝斯
2022-10-13 19:19:53,小提琴
2022-10-13 19:20:51,吉他
2022-10-13 19:21:49,小提琴
2022-10-13 19:22:47,贝斯
2022-10-13 19:23:45,吉他
2022-10-13 19:24:43,小提琴
2022-10-13 19:25:41,钢琴
2022-10-13 19:26:39,吉他
2022-10-13 19:27:37,贝斯
2022-10-13 19:28:35,吉他
2022-10-13 19:29:33,钢琴
2022-10-13 19:30:31,贝斯
2022-10-13 19:31:29,贝斯
2022-10-13 19:32:27,钢琴
2022-10-13 19:33:25,贝斯
2022-10-13 19:34:23,架子鼓
2022-10-13 19:35:21,架子鼓
2022-10-13 19:36:19,贝斯
2022-10-13 19:37:17,贝斯
2022-10-13 19:38:15,钢琴
2022-10-13 19:39:13,小提琴
2022-10-13 19:40:11,钢琴
2022-10-13 19:41:09,钢琴
2022-10-13 19:42:07,小提琴
2022-10-13 19:43:05,钢琴
2022-10-13 19:44:03,小提琴
2022-10-13 19:45:01,吉他
2022-10-13 19:45:59,吉他
2022-10-13 19:46:57,吉他
2022-10-13 19:47:55,吉他
2022-10-13 19:48:53,竖琴
2022-10-13 19:49:51,钢琴
2022-10-13 19:50:49,架子鼓
2022-10-13 19:51:47,吉他
2022-10-13 19:52:45,架子鼓
2022-10-13 19:53:43,钢琴
2022-10-13 19:54:41,小提琴
2022-10-13 19:55:39,贝斯

2022-10-13 20:34:19,贝斯
2022-10-13 20:35:17,钢琴
2022-10-13 20:36:15,贝斯
2022-10-13 20:37:13,贝斯
2022-10-13 20:38:11,圆号
2022-10-13 20:39:09,吉他
2022-10-13 20:40:07,吉他
2022-10-13 20:41:05,吉他
2022-10-13 20:42:03,小提琴
2022-10-13 20:43:01,钢琴
2022-10-13 20:43:59,吉他
2022-10-13 20:44:57,小提琴
2022-10-13 20:45:55,吉他
2022-10-13 20:46:53,小提琴
2022-10-13 20:47:51,钢琴
2022-10-13 20:48:49,小提琴
2022-10-13 20:49:47,钢琴
2022-10-13 20:50:45,小提琴
2022-10-13 20:51:43,架子鼓
2022-10-13 20:52:41,小提琴
2022-10-13 20:53:39,贝斯
2022-10-13 20:54:37,小提琴
2022-10-13 20:55:35,贝斯
2022-10-13 20:56:33,小提琴
2022-10-13 20:57:31,小提琴
2022-10-13 20:58:29,吉他
2022-10-13 20:59:27,小提琴
2022-10-13 21:00:25,萨克斯风
2022-10-13 21:01:23,吉他
2022-10-13 21:02:21,圆号
2022-10-13 21:03:19,贝斯
2022-10-13 21:04:17,吉他
2022-10-13 21:05:15,贝斯
2022-10-13 21:06:13,小提琴
2022-10-13 21:07:11,架子鼓
2022-10-13 21:08:09,钢琴
2022-10-13 21:09:07,竖琴
2022-10-13 21:10:05,贝斯
2022-10-13 21:11:03,小提琴
2022-10-13 21:12:01,萨克斯风
2022-10-13 21:12:59,贝斯
2022-10-13 21:13:57,钢琴
2022-10-13 21:14:55,吉他
2022-10-13 21:15:53,小提琴
2022-10-13 21:16:51,萨克斯风
2022-10-13 21:17:49,吉他
2022-10-13 21:18:47,圆号
2022-10-13 21:19:45,钢琴
2022-10-13 21:20:43,小提琴
2022-10-13 21:21:41,贝斯
2022-10-13 21:22:39,小提琴
2022-10-13 21:23:37,贝斯
2022-10-13 21:24:35,小提琴
2022-10-13 21:25:33,钢琴
2022-10-13 21:26:31,吉他
2022-10-13 21:27:29,吉他
2022-10-13 21:28:27,圆号
2022-10-13 21:29:25,贝斯
2022-10-13 21:30:23,圆号
2022-10-13 21:31:21,吉他
2022-10-13 21:32:19,贝斯
2022-10-13 21:33:17,圆号
2022-10-13 21:34:15,贝斯
2022-10-13 21:35:13,小提琴
2022-10-13 21:36:11,钢琴
2022-10-13 21:37:09,钢琴
2022-10-13 21:38:07,贝斯
2022-10-13 21:39:05,钢琴
2022-10-13 21:40:03,钢琴
2022-10-13 21:41:01,吉他
2022-10-13 21:41:59,贝斯
2022-10-13 21:42:57,萨克斯风
2022-10-13 21:43:55,钢琴
2022-10-13 21:44:53,钢琴
2022-10-13 21:45:51,钢琴
2022-10-13 21:46:49,钢琴
2022-10-13 21:47:47,贝斯
2022-10-13 21:48:45,竖琴
2022-10-13 21:49:43,钢琴
2022-10-13 21:50:41,小提琴
2022-10-13 21:51:39,架子鼓
2022-10-13 21:52:37,钢琴
2022-10-13 21:53:35,小提琴
2022-10-13 21:54:33,贝斯
2022-10-13 21:55:31,钢琴
2022-10-13 21:56:29,钢琴
2022-10-13 21:57:27,小提琴
2022-10-13 21:58:25,小提琴
2022-10-13 21:59:23,小提琴
2022-10-13 22:00:21,吉他
2022-10-13 22:01:19,架子鼓
2022-10-13 22:02:17,小提琴
2022-10-13 22:03:15,贝斯
2022-10-13 22:04:13,架子鼓
2022-10-13 22:05:11,小提琴
2022-10-13 22:06:09,钢琴
2022-10-13 22:07:07,圆号
2022-10-13 22:08:05,吉他
2022-10-13 22:09:03,小提琴
2022-10-13 22:10:01,钢琴
2022-10-13 22:10:59,钢琴
2022-10-13 22:11:57,贝斯
2022-10-13 22:12:55,钢琴
2022-10-13 22:13:53,贝斯
2022-10-13 22:14:51,吉他
2022-10-13 22:15:49,吉他
2022-10-13 22:16:47,小提琴
2022-10-13 22:17:45,贝斯
2022-10-13 22:18:43,吉他
2022-10-13 22:19:41,钢琴
2022-10-13 22:20:39,吉他
2022-10-13 22:21:37,小提琴
2022-10-13 22:22:35,吉他
2022-10-13 22:23:33,吉他
2022-10-13 22:24:31,钢琴
2022-10-13 22:25:29,钢琴
2022-10-13 22:26:27,小提琴
2022-10-13 22:27:25,钢琴
2022-10-13 22:28:23,钢琴
2022-10-13 22:29:21,贝斯
2022-10-13 22:30:19,圆号
2022-10-13 22:31:17,钢琴
2022-10-13 22:32:15,吉他
2022-10-13 22:33:13,小提琴
2022-10-13 22:34:11,钢琴
2022-10-13 22:35:09,吉他
2022-10-13 22:36:07,架子鼓
2022-10-13 22:37:05,贝斯
2022-10-13 22:38:03,吉他
2022-10-13 22:39:01,小提琴
2022-10-13 22:39:59,吉他
2022-10-13 22:40:57,小提琴
2022-10-13 22:41:55,贝斯
2022-10-13 22:42:53,竖琴
2022-10-13 22:43:51,钢琴
2022-10-13 22:44:49,钢琴
2022-10-13 22:45:47,吉他
2022-10-13 22:46:45,钢琴
2022-10-13 22:47:43,钢琴
2022-10-13 22:48:41,贝斯
2022-10-13 22:49:39,架子鼓
2022-10-13 22:50:37,钢琴
2022-10-13 22:51:35,圆号
2022-10-13 22:52:33,吉他
2022-10-13 22:53:31,钢琴
2022-10-13 22:54:29,小提琴
2022-10-13 22:55:27,钢琴
2022-10-13 22:56:25,钢琴
2022-10-13 22:57:23,圆号
2022-10-13 22:58:21,贝斯
2022-10-13 22:59:19,贝斯
2022-10-13 23:00:17,萨克斯风
2022-10-13 23:01:15,小提琴
2022-10-13 23:02:13,竖琴
2022-10-13 23:03:11,小提琴
2022-10-13 23:04:09,架子鼓
2022-10-13 23:05:07,竖琴
2022-10-13 23:06:05,贝斯
2022-10-13 23:07:03,竖琴
2022-10-13 23:08:01,小提琴
2022-10-13 23:08:59,吉他
2022-10-13 23:09:57,圆号
2022-10-13 23:10:55,贝斯
2022-10-13 23:11:53,贝斯
2022-10-13 23:12:51,钢琴
2022-10-13 23:13:49,小提琴
2022-10-13 23:14:47,架子鼓
2022-10-13 23:15:45,钢琴
2022-10-13 23:16:43,贝斯
2022-10-13 23:17:41,圆号
2022-10-13 23:18:39,架子鼓
2022-10-13 23:19:37,吉他
2022-10-13 23:20:35,小提琴
2022-10-13 23:21:33,小提琴
2022-10-13 23:22:31,吉他
2022-10-13 23:23:29,圆号
2022-10-13 23:24:27,钢琴
2022-10-13 23:25:25,架子鼓
2022-10-13 23:26:23,贝斯
2022-10-13 23:27:21,吉他
2022-10-13 23:28:19,小提琴
2022-10-13 23:29:17,小提琴
2022-10-13 23:30:15,吉他
2022-10-13 23:31:13,竖琴
2022-10-13 23:32:11,萨克斯风
2022-10-13 23:33:09,钢琴
2022-10-13 23:34:07,竖琴
2022-10-13 23:35:05,贝斯
2022-10-13 23:36:03,钢琴
2022-10-13 23:37:01,贝斯
2022-10-13 23:37:59,吉他
2022-10-13 23:38:57,贝斯
2022-10-13 23:39:55,圆号
2022-10-13 23:40:53,小提琴
2022-10-13 23:41:51,萨克斯风
2022-10-13 23:42:49,小提琴
2022-10-13 23:43:47,贝斯
2022-10-13 23:44:45,小提琴
2022-10-13 23:45:43,小提琴
2022-10-13 23:46:41,钢琴
2022-10-13 23:47:39,钢琴
2022-10-13 23:48:37,钢琴
2022-10-13 23:49:35,小提琴
2022-10-13 23:50:33,贝斯
2022-10-13 23:51:31,吉他
2022-10-13 23:52:29,小提琴
2022-10-13 23:53:27,竖琴
2022-10-13 23:54:25,架子鼓
2022-10-13 23:55:23,钢琴
2022-10-13 23:56:21,小提琴
2022-10-13 23:57:19,小提琴
2022-10-13 23:58:17,小提琴
2022-10-13 23:59:15,小提琴
2022-10-14 00:00:13,小提琴

2022-10-14 00:03:07,萨克斯风
2022-10-14 00:04:05,架子鼓
2022-10-14 00:05:03,小提琴
2022-10-14 00:06:01,小提琴
2022-10-14 00:06:59,小提琴
2022-10-14 00:07:57,小提琴
2022-10-14 00:08:55,吉他
2022-10-14 00:09:53,小提琴
2022-10-14 00:10:51,吉他
2022-10-14 00:11:49,贝斯
2022-10-14 00:12:47,钢琴
2022-10-14 00:13:45,小提琴
2022-10-14 00:14:43,贝斯
2022-10-14 00:15:41,钢琴
2022-10-14 00:16:39,萨克斯风
2022-10-14 00:17:37,贝斯
2022-10-14 00:18:35,架子鼓
2022-10-14 00:19:33,钢琴
2022-10-14 00:20:31,架子鼓
2022-10-14 00:21:29,吉他
2022-10-14 00:22:27,小提琴
2022-10-14 00:23:25,小提琴
2022-10-14 00:24:23,吉他
2022-10-14 00:25:21,钢琴
2022-10-14 00:26:19,钢琴
2022-10-14 00:27:17,吉他
2022-10-14 00:28:15,钢琴
2022-10-14 00:29:13,架子鼓
2022-10-14 00:30:11,萨克斯风
2022-10-14 00:31:09,钢琴
2022-10-14 00:32:07,钢琴
2022-10-14 00:33:05,架子鼓
2022-10-14 00:34:03,钢琴
2022-10-14 00:35:01,钢琴
2022-10-14 00:35:59,钢琴
2022-10-14 00:36:57,钢琴
2022-10-14 00:37:55,贝斯
2022-10-14 00:38:53,贝斯
2022-10-14 00:39:51,钢琴
2022-10-14 00:40:49,吉他
2022-10-14 00:41:47,贝斯
2022-10-14 00:42:45,吉他
2022-10-14 00:43:43,钢琴
2022-10-14 00:44:41,钢琴
2022-10-14 00:45:39,竖琴
2022-10-14 00:46:37,小提琴
2022-10-14 00:47:35,架子鼓
2022-10-14 00:48:33,吉他
2022-10-14 00:49:31,吉他
2022-10-14 00:50:29,架子鼓
2022-10-14 00:51:27,小提琴
2022-10-14 00:52:25,贝斯
2022-10-14 00:53:23,贝斯
2022-10-14 00:54:21,钢琴
2022-10-14 00:55:19,小提琴
2022-10-14 00:56:17,吉他
2022-10-14 00:57:15,吉他
2022-10-14 00:58:13,小提琴
2022-10-14 00:59:11,贝斯
2022-10-14 01:00:09,贝斯
2022-10-14 01:01:07,钢琴
2022-10-14 01:02:05,钢琴
2022-10-14 01:03:03,钢琴
2022-10-14 01:04:01,钢琴
2022-10-14 01:04:59,钢琴
2022-10-14 01:05:57,贝斯
2022-10-14 01:06:55,架子鼓
2022-10-14 01:07:53,小提琴
2022-10-14 01:08:51,钢琴
2022-10-14 01:09:49,萨克斯风
2022-10-14 01:10:47,吉他
2022-10-14 01:11:45,钢琴
2022-10-14 01:12:43,小提琴
2022-10-14 01:13:41,吉他
2022-10-14 01:14:39,小提琴
2022-10-14 01:15:37,架子鼓
2022-10-14 01:16:35,吉他
2022-10-14 01:17:33,架子鼓
2022-10-14 01:18:31,小提琴
2022-10-14 01:19:29,吉他
2022-10-14 01:20:27,小提琴
2022-10-14 01:21:25,钢琴
2022-10-14 01:22:23,小提琴
2022-10-14 01:23:21,吉他
2022-10-14 01:24:19,小提琴
2022-10-14 01:25:17,小提琴
2022-10-14 01:26:15,架子鼓
2022-10-14 01:27:13,贝斯
2022-10-14 01:28:11,小提琴
2022-10-14 01:29:09,贝斯
2022-10-14 01:30:07,架子鼓
2022-10-14 01:31:05,小提琴
2022-10-14 01:32:03,架子鼓
2022-10-14 01:33:01,钢琴
2022-10-14 01:33:59,小提琴
2022-10-14 01:34:57,吉他
2022-10-14 01:35:55,圆号
2022-10-14 01:36:53,小提琴
2022-10-14 01:37:51,小提琴
2022-10-14 01:38:49,吉他
2022-10-14 01:39:47,竖琴
2022-10-14 01:40:45,贝斯
2022-10-14 01:41:43,架子鼓
2022-10-14 01:42:41,钢琴
2022-10-14 01:43:39,吉他
2022-10-14 01:44:37,架子鼓
2022-10-14 01:45:35,钢琴
2022-10-14 01:46:33,贝斯
2022-10-14 01:47:31,小提琴
2022-10-14 01:48:29,架子鼓
2022-10-14 01:49:27,萨克斯风
2022-10-14 01:50:25,钢琴
2022-10-14 01:51:23,贝斯
2022-10-14 01:52:21,吉他
2022-10-14 01:53:19,萨克斯风
2022-10-14 01:54:17,贝斯
2022-10-14 01:55:15,小提琴
2022-10-14 01:56:13,吉他
2022-10-14 01:57:11,钢琴
2022-10-14 01:58:09,吉他
2022-10-14 01:59:07,小提琴
2022-10-14 02:00:05,钢琴
2022-10-14 02:01:03,钢琴
2022-10-14 02:02:01,萨克斯风
2022-10-14 02:02:59,贝斯
2022-10-14 02:03:57,吉他
2022-10-14 02:04:55,贝斯
2022-10-14 02:05:53,吉他
2022-10-14 02:06:51,吉他
2022-10-14 02:07:49,贝斯
2022-10-14 02:08:47,竖琴
2022-10-14 02:09:45,贝斯
2022-10-14 02:10:43,吉他
2022-10-14 02:11:41,小提琴
2022-10-14 02:12:39,钢琴
2022-10-14 02:13:37,钢琴
2022-10-14 02:14:35,小提琴
2022-10-14 02:15:33,钢琴
2022-10-14 02:16:31,钢琴
2022-10-14 02:17:29,架子鼓
2022-10-14 02:18:27,贝斯
2022-10-14 02:19:25,架子鼓
2022-10-14 02:20:23,钢琴
2022-10-14 02:21:21,小提琴
2022-10-14 02:22:19,吉他
2022-10-14 02:23:17,贝斯
2022-10-14 02:24:15,吉他
2022-10-14 02:25:13,钢琴
2022-10-14 02:26:11,贝斯
2022-10-14 02:27:09,小提琴
2022-10-14 02:28:07,小提琴
2022-10-14 02:29:05,吉他
2022-10-14 02:30:03,贝斯
2022-10-14 02:31:01,吉他
2022-10-14 02:31:59,钢琴
2022-10-14 02:32:57,吉他
2022-10-14 02:33:55,钢琴
2022-10-14 02:34:53,贝斯
2022-10-14 02:35:51,钢琴
2022-10-14 02:36:49,钢琴
2022-10-14 02:37:47,小提琴
2022-10-14 02:38:45,吉他
2022-10-14 02:39:43,钢琴
2022-10-14 02:40:41,贝斯
2022-10-14 02:41:39,小提琴
2022-10-14 02:42:37,萨克斯风
2022-10-14 02:43:35,吉他
2022-10-14 02:44:33,小提琴
2022-10-14 02:45:31,吉他
2022-10-14 02:46:29,钢琴
2022-10-14 02:47:27,萨克斯风
2022-10-14 02:48:25,吉他
2022-10-14 02:49:23,贝斯
2022-10-14 02:50:21,吉他
2022-10-14 02:51:19,小提琴
2022-10-14 02:52:17,钢琴
2022-10-14 02:53:15,小提琴
2022-10-14 02:54:13,贝斯
2022-10-14 02:55:11,小提琴
2022-10-14 02:56:09,小提琴
2022-10-14 02:57:07,钢琴
2022-10-14 02:58:05,贝斯
2022-10-14 02:59:03,小提琴
2022-10-14 03:00:01,萨克斯风
2022-10-14 03:00:59,贝斯
2022-10-14 03:01:57,贝斯
2022-10-14 03:02:55,贝斯
2022-10-14 03:03:53,钢琴
2022-10-14 03:04:51,小提琴
2022-10-14 03:05:49,贝斯
2022-10-14 03:06:47,贝斯
2022-10-14 03:07:45,小提琴
2022-10-14 03:08:43,贝斯
2022-10-14 03:09:41,吉他
2022-10-14 03:10:39,小提琴
2022-10-14 03:11:37,贝斯
2022-10-14 03:12:35,贝斯
2022-10-14 03:13:33,钢琴
2022-10-14 03:14:31,钢琴
2022-10-14 03:15:29,钢琴
2022-10-14 03:16:27,贝斯
2022-10-14 03:17:25,贝斯
2022-10-14 03:18:23,架子鼓
2022-10-14 03:19:21,小提琴
2022-10-14 03:20:19,小提琴
2022-10-14 03:21:17,钢琴
2022-10-14 03:22:15,钢琴
2022-10-14 03:23:13,萨克斯风
2022-10-14 03:24:11,贝斯
2022-10-14 03:25:09,钢琴
2022-10-14 03:26:07,钢琴
2022-10-14 03:27:05,钢琴
2022-10-14 03:28:03,小提琴
2022-10-14 03:29:01,圆号
2022-10-14 03:29:59,圆号
2022-10-14 03:30:57,吉他
2022-10-14 03:31:55,吉他
2022-10-14 03:32:53,萨克斯风
2022-10-14 03:33:51,吉他
2022-10-14 03:34:49,吉他
2022-10-14 03:35:47,小提琴
2022-10-14 03:36:45,吉他
2022-10-14 03:37:43,贝斯
2022-10-14 03:38:41,贝斯
2022-10-14 03:39:39,钢琴
2022-10-14 03:40:37,架子鼓
2022-10-14 03:41:35,贝斯
2022-10-14 03:42:33,贝斯
2022-10-14 03:43:31,架子鼓
2022-10-14 03:44:29,架子鼓
2022-10-14 03:45:27,吉他
2022-10-14 03:46:25,架子鼓
2022-10-14 03:47:23,贝斯
2022-10-14 03:48:21,小提琴
2022-10-14 03:49:19,钢琴
2022-10-14 03:50:17,小提琴
2022-10-14 03:51:15,竖琴
2022-10-14 03:52:13,小提琴
2022-10-14 03:53:11,架子鼓
2022-10-14 03:54:09,架子鼓
2022-10-14 03:55:07,钢琴

2022-10-14 08:03:33,贝斯
2022-10-14 08:04:31,吉他
2022-10-14 08:05:29,贝斯
2022-10-14 08:06:27,钢琴
2022-10-14 08:07:25,吉他
2022-10-14 08:08:23,小提琴
2022-10-14 08:09:21,吉他
2022-10-14 08:10:19,吉他
2022-10-14 08:11:17,架子鼓
2022-10-14 08:12:15,贝斯
2022-10-14 08:13:13,钢琴
2022-10-14 08:14:11,贝斯
2022-10-14 08:15:09,竖琴
2022-10-14 08:16:07,小提琴
2022-10-14 08:17:05,钢琴
2022-10-14 08:18:03,贝斯
2022-10-14 08:19:01,贝斯
2022-10-14 08:19:59,贝斯
2022-10-14 08:20:57,钢琴
2022-10-14 08:21:55,贝斯
2022-10-14 08:22:53,吉他
2022-10-14 08:23:51,吉他
2022-10-14 08:24:49,小提琴
2022-10-14 08:25:47,小提琴
2022-10-14 08:26:45,钢琴
2022-10-14 08:27:43,钢琴
2022-10-14 08:28:41,小提琴
2022-10-14 08:29:39,架子鼓
2022-10-14 08:30:37,架子鼓
2022-10-14 08:31:35,竖琴
2022-10-14 08:32:33,吉他
2022-10-14 08:33:31,架子鼓
2022-10-14 08:34:29,钢琴
2022-10-14 08:35:27,钢琴
2022-10-14 08:36:25,贝斯
2022-10-14 08:37:23,钢琴
2022-10-14 08:38:21,贝斯
2022-10-14 08:39:19,贝斯
2022-10-14 08:40:17,贝斯
2022-10-14 08:41:15,萨克斯风
2022-10-14 08:42:13,小提琴
2022-10-14 08:43:11,吉他
2022-10-14 08:44:09,小提琴
2022-10-14 08:45:07,吉他
2022-10-14 08:46:05,钢琴
2022-10-14 08:47:03,钢琴
2022-10-14 08:48:01,贝斯
2022-10-14 08:48:59,竖琴
2022-10-14 08:49:57,吉他
2022-10-14 08:50:55,钢琴
2022-10-14 08:51:53,小提琴
2022-10-14 08:52:51,钢琴
2022-10-14 08:53:49,钢琴
2022-10-14 08:54:47,贝斯
2022-10-14 08:55:45,圆号
2022-10-14 08:56:43,钢琴
2022-10-14 08:57:41,钢琴
2022-10-14 08:58:39,贝斯
2022-10-14 08:59:37,吉他
2022-10-14 09:00:35,贝斯
2022-10-14 09:01:33,小提琴
2022-10-14 09:02:31,钢琴
2022-10-14 09:03:29,小提琴
2022-10-14 09:04:27,小提琴
2022-10-14 09:05:25,小提琴
2022-10-14 09:06:23,吉他
2022-10-14 09:07:21,吉他
2022-10-14 09:08:19,钢琴
2022-10-14 09:09:17,钢琴
2022-10-14 09:10:15,架子鼓
2022-10-14 09:11:13,架子鼓
2022-10-14 09:12:11,钢琴
2022-10-14 09:13:09,贝斯
2022-10-14 09:14:07,竖琴
2022-10-14 09:15:05,吉他
2022-10-14 09:16:03,贝斯
2022-10-14 09:17:01,吉他
2022-10-14 09:17:59,吉他
2022-10-14 09:18:57,贝斯
2022-10-14 09:19:55,钢琴
2022-10-14 09:20:53,吉他
2022-10-14 09:21:51,钢琴
2022-10-14 09:22:49,钢琴
2022-10-14 09:23:47,贝斯
2022-10-14 09:24:45,小提琴
2022-10-14 09:25:43,钢琴
2022-10-14 09:26:41,小提琴
2022-10-14 09:27:39,小提琴

2022-10-14 09:29:35,钢琴
2022-10-14 09:30:33,贝斯
2022-10-14 09:31:31,贝斯
2022-10-14 09:32:29,架子鼓
2022-10-14 09:33:27,贝斯
2022-10-14 09:34:25,吉他
2022-10-14 09:35:23,吉他
2022-10-14 09:36:21,竖琴
2022-10-14 09:37:19,吉他
2022-10-14 09:38:17,小提琴
2022-10-14 09:39:15,小提琴
2022-10-14 09:40:13,竖琴
2022-10-14 09:41:11,贝斯
2022-10-14 09:42:09,架子鼓
2022-10-14 09:43:07,小提琴
2022-10-14 09:44:05,钢琴
2022-10-14 09:45:03,圆号
2022-10-14 09:46:01,竖琴
2022-10-14 09:46:59,架子鼓
2022-10-14 09:47:57,贝斯
2022-10-14 09:48:55,圆号
2022-10-14 09:49:53,架子鼓
2022-10-14 09:50:51,竖琴
2022-10-14 09:51:49,竖琴
2022-10-14 09:52:47,吉他
2022-10-14 09:53:45,钢琴
2022-10-14 09:54:43,吉他
2022-10-14 09:55:41,架子鼓
2022-10-14 09:56:39,吉他
2022-10-14 09:57:37,架子鼓
2022-10-14 09:58:35,小提琴
2022-10-14 09:59:33,贝斯
2022-10-14 10:00:31,吉他
2022-10-14 10:01:29,钢琴
2022-10-14 10:02:27,贝斯
2022-10-14 10:03:25,吉他
2022-10-14 10:04:23,钢琴
2022-10-14 10:05:21,吉他
2022-10-14 10:06:19,吉他
2022-10-14 10:07:17,吉他
2022-10-14 10:08:15,圆号
2022-10-14 10:09:13,圆号
2022-10-14 10:10:11,萨克斯风
2022-10-14 10:11:09,小提琴
2022-10-14 10:12:07,小提琴
2022-10-14 10:13:05,小提琴
2022-10-14 10:14:03,圆号
2022-10-14 10:15:01,小提琴
2022-10-14 10:15:59,小提琴
2022-10-14 10:16:57,钢琴
2022-10-14 10:17:55,架子鼓
2022-10-14 10:18:53,竖琴
2022-10-14 10:19:51,钢琴
2022-10-14 10:20:49,小提琴
2022-10-14 10:21:47,钢琴
2022-10-14 10:22:45,架子鼓
2022-10-14 10:23:43,贝斯
2022-10-14 10:24:41,小提琴
2022-10-14 10:25:39,吉他
2022-10-14 10:26:37,贝斯

2022-10-14 11:09:09,小提琴

2022-10-14 11:13:59,吉他

2022-10-14 11:20:45,圆号
2022-10-14 11:21:43,吉他
2022-10-14 11:22:41,小提琴

2022-10-14 11:26:33,萨克斯风
2022-10-14 11:27:31,钢琴

2022-10-14 11:29:27,吉他
2022-10-14 11:30:25,贝斯
2022-10-14 11:31:23,贝斯
2022-10-14 11:32:21,架子鼓
2022-10-14 11:33:19,钢琴
2022-10-14 11:34:17,钢琴
2022-10-14 11:35:15,钢琴
2022-10-14 11:36:13,钢琴
2022-10-14 11:37:11,钢琴
2022-10-14 11:38:09,吉他
2022-10-14 11:39:07,竖琴
2022-10-14 11:40:05,贝斯
2022-10-14 11:41:03,架子鼓
2022-10-14 11:42:01,架子鼓
2022-10-14 11:42:59,钢琴
2022-10-14 11:43:57,吉他
2022-10-14 11:44:55,吉他
2022-10-14 11:45:53,钢琴
2022-10-14 11:46:51,吉他
2022-10-14 11:47:49,吉他
2022-10-14 11:48:47,小提琴
2022-10-14 11:49:45,吉他
2022-10-14 11:50:43,架子鼓
2022-10-14 11:51:41,架子鼓
2022-10-14 11:52:39,贝斯
2022-10-14 11:53:37,钢琴
2022-10-14 11:54:35,小提琴
2022-10-14 11:55:33,吉他
2022-10-14 11:56:31,钢琴
2022-10-14 11:57:29,竖琴
2022-10-14 11:58:27,小提琴
2022-10-14 11:59:25,小提琴
2022-10-14 12:00:23,钢琴
2022-10-14 12:01:21,小提琴
2022-10-14 12:02:19,贝斯
2022-10-14 12:03:17,贝斯
2022-10-14 12:04:15,小提琴
2022-10-14 12:05:13,贝斯
2022-10-14 12:06:11,小提琴
2022-10-14 12:07:09,吉他
2022-10-14 12:08:07,萨克斯风
2022-10-14 12:09:05,圆号
2022-10-14 12:10:03,钢琴
2022-10-14 12:11:01,吉他
2022-10-14 12:11:59,贝斯
2022-10-14 12:12:57,贝斯
2022-10-14 12:13:55,钢琴
2022-10-14 12:14:53,萨克斯风
2022-10-14 12:15:51,小提琴
2022-10-14 12:16:49,竖琴
2022-10-14 12:17:47,竖琴
2022-10-14 12:18:45,吉他
2022-10-14 12:19:43,钢琴
2022-10-14 12:20:41,吉他
2022-10-14 12:21:39,钢琴
2022-10-14 12:22:37,钢琴
2022-10-14 12:23:35,吉他
2022-10-14 12:24:33,吉他
2022-10-14 12:25:31,钢琴
2022-10-14 12:26:29,吉他
2022-10-14 12:27:27,架子鼓
2022-10-14 12:28:25,贝斯
2022-10-14 12:29:23,贝斯
2022-10-14 12:30:21,钢琴
2022-10-14 12:31:19,贝斯
2022-10-14 12:32:17,钢琴
2022-10-14 12:33:15,架子鼓
2022-10-14 12:34:13,贝斯
2022-10-14 12:35:11,贝斯
2022-10-14 12:36:09,小提琴
2022-10-14 12:37:07,钢琴
2022-10-14 12:38:05,贝斯
2022-10-14 12:39:03,钢琴
2022-10-14 12:40:01,小提琴
2022-10-14 12:40:59,吉他
2022-10-14 12:41:57,贝斯
2022-10-14 12:42:55,钢琴
2022-10-14 12:43:53,小提琴
2022-10-14 12:44:51,吉他
2022-10-14 12:45:49,吉他
2022-10-14 12:46:47,贝斯
2022-10-14 12:47:45,钢琴
2022-10-14 12:48:43,吉他
2022-10-14 12:49:41,贝斯
2022-10-14 12:50:39,小提琴
2022-10-14 12:51:37,贝斯
2022-10-14 12:52:35,竖琴
2022-10-14 12:53:33,小提琴
2022-10-14 12:54:31,小提琴
2022-10-14 12:55:29,贝斯
2022-10-14 12:56:27,小提琴
2022-10-14 12:57:25,吉他
2022-10-14 12:58:23,架子鼓
2022-10-14 12:59:21,吉他
2022-10-14 13:00:19,架子鼓
2022-10-14 13:01:17,钢琴
2022-10-14 13:02:15,钢琴
2022-10-14 13:03:13,钢琴
2022-10-14 13:04:11,架子鼓
2022-10-14 13:05:09,贝斯
2022-10-14 13:06:07,吉他
2022-10-14 13:07:05,吉他
2022-10-14 13:08:03,钢琴
2022-10-14 13:09:01,钢琴
2022-10-14 13:09:59,钢琴
2022-10-14 13:10:57,贝斯
2022-10-14 13:11:55,吉他
2022-10-14 13:12:53,架子鼓
2022-10-14 13:13:51,架子鼓
2022-10-14 13:14:49,架子鼓
2022-10-14 13:15:47,贝斯
2022-10-14 13:16:45,吉他
2022-10-14 13:17:43,小提琴
2022-10-14 13:18:41,吉他
2022-10-14 13:19:39,贝斯
2022-10-14 13:20:37,架子鼓
2022-10-14 13:21:35,贝斯
2022-10-14 13:22:33,小提琴
2022-10-14 13:23:31,贝斯
2022-10-14 13:24:29,架子鼓
2022-10-14 13:25:27,钢琴
2022-10-14 13:26:25,竖琴
2022-10-14 13:27:23,吉他
2022-10-14 13:28:21,贝斯
2022-10-14 13:29:19,小提琴
2022-10-14 13:30:17,架子鼓
2022-10-14 13:31:15,竖琴
2022-10-14 13:32:13,小提琴
2022-10-14 13:33:11,贝斯
2022-10-14 13:34:09,小提琴
2022-10-14 13:35:07,小提琴
2022-10-14 13:36:05,贝斯
2022-10-14 13:37:03,吉他
2022-10-14 13:38:01,贝斯
2022-10-14 13:38:59,贝斯
2022-10-14 13:39:57,吉他
2022-10-14 13:40:55,吉他
2022-10-14 13:41:53,吉他
2022-10-14 13:42:51,吉他
2022-10-14 13:43:49,吉他
2022-10-14 13:44:47,小提琴
2022-10-14 13:45:45,吉他
2022-10-14 13:46:43,小提琴
2022-10-14 13:47:41,小提琴
2022-10-14 13:48:39,吉他
2022-10-14 13:49:37,小提琴
2022-10-14 13:50:35,吉他
2022-10-14 13:51:33,小提琴
2022-10-14 13:52:31,小提琴
2022-10-14 13:53:29,小提琴
2022-10-14 13:54:27,吉他
2022-10-14 13:55:25,吉他
2022-10-14 13:56:23,小提琴
2022-10-14 13:57:21,圆号
2022-10-14 13:58:19,钢琴
2022-10-14 13:59:17,钢琴
2022-10-14 14:00:15,贝斯
2022-10-14 14:01:13,贝斯
2022-10-14 14:02:11,贝斯
2022-10-14 14:03:09,圆号
2022-10-14 14:04:07,贝斯
2022-10-14 14:05:05,架子鼓
2022-10-14 14:06:03,钢琴
2022-10-14 14:07:01,贝斯
2022-10-14 14:07:59,钢琴
2022-10-14 14:08:57,吉他
2022-10-14 14:09:55,吉他
2022-10-14 14:10:53,钢琴
2022-10-14 14:11:51,钢琴
2022-10-14 14:12:49,架子鼓
2022-10-14 14:13:47,小提琴
2022-10-14 14:14:45,架子鼓
2022-10-14 14:15:43,贝斯
2022-10-14 14:16:41,吉他
2022-10-14 14:17:39,圆号
2022-10-14 14:18:37,钢琴
2022-10-14 14:19:35,小提琴
2022-10-14 14:20:33,贝斯
2022-10-14 14:21:31,小提琴
2022-10-14 14:22:29,贝斯
2022-10-14 14:23:27,小提琴
2022-10-14 14:24:25,架子鼓
2022-10-14 14:25:23,钢琴
2022-10-14 14:26:21,小提琴
2022-10-14 14:27:19,架子鼓
2022-10-14 14:28:17,贝斯
2022-10-14 14:29:15,吉他
2022-10-14 14:30:13,小提琴
2022-10-14 14:31:11,钢琴
2022-10-14 14:32:09,竖琴
2022-10-14 14:33:07,贝斯
2022-10-14 14:34:05,钢琴
2022-10-14 14:35:03,架子鼓
2022-10-14 14:36:01,贝斯
2022-10-14 14:36:59,小提琴
2022-10-14 14:37:57,小提琴
2022-10-14 14:38:55,吉他
2022-10-14 14:39:53,小提琴
2022-10-14 14:40:51,架子鼓
2022-10-14 14:41:49,贝斯
2022-10-14 14:42:47,架子鼓
2022-10-14 14:43:45,钢琴
2022-10-14 14:44:43,贝斯
2022-10-14 14:45:41,钢琴
2022-10-14 14:46:39,吉他
2022-10-14 14:47:37,萨克斯风
2022-10-14 14:48:35,吉他
2022-10-14 14:49:33,小提琴
2022-10-14 14:50:31,小提琴
2022-10-14 14:51:29,小提琴
2022-10-14 14:52:27,小提琴
2022-10-14 14:53:25,架子鼓
2022-10-14 14:54:23,小提琴
2022-10-14 14:55:21,钢琴
2022-10-14 14:56:19,架子鼓
2022-10-14 14:57:17,小提琴
2022-10-14 14:58:15,钢琴
2022-10-14 14:59:13,钢琴
2022-10-14 15:00:11,钢琴
2022-10-14 15:01:09,钢琴
2022-10-14 15:02:07,萨克斯风
2022-10-14 15:03:05,小提琴
2022-10-14 15:04:03,吉他
2022-10-14 15:05:01,架子鼓
2022-10-14 15:05:59,小提琴
2022-10-14 15:06:57,贝斯
2022-10-14 15:07:55,吉他
2022-10-14 15:08:53,小提琴
2022-10-14 15:09:51,小提琴
2022-10-14 15:10:49,贝斯
2022-10-14 15:11:47,贝斯
2022-10-14 15:12:45,钢琴
2022-10-14 15:13:43,贝斯
2022-10-14 15:14:41,钢琴
2022-10-14 15:15:39,架子鼓
2022-10-14 15:16:37,小提琴
2022-10-14 15:17:35,钢琴
2022-10-14 15:18:33,吉他
2022-10-14 15:19:31,萨克斯风
2022-10-14 15:20:29,小提琴
2022-10-14 15:21:27,贝斯
2022-10-14 15:22:25,吉他
2022-10-14 15:23:23,钢琴
2022-10-14 15:24:21,贝斯
2022-10-14 15:25:19,钢琴
2022-10-14 15:26:17,贝斯
2022-10-14 15:27:15,圆号
2022-10-14 15:28:13,钢琴
2022-10-14 15:29:11,架子鼓
2022-10-14 15:30:09,贝斯
2022-10-14 15:31:07,吉他
2022-10-14 15:32:05,架子鼓
2022-10-14 15:33:03,钢琴
2022-10-14 15:34:01,吉他
2022-10-14 15:34:59,架子鼓
2022-10-14 15:35:57,吉他
2022-10-14 15:36:55,贝斯
2022-10-14 15:37:53,萨克斯风
2022-10-14 15:38:51,吉他
2022-10-14 15:39:49,吉他
2022-10-14 15:40:47,吉他
2022-10-14 15:41:45,钢琴
2022-10-14 15:42:43,吉他
2022-10-14 15:43:41,架子鼓
2022-10-14 15:44:39,钢琴
2022-10-14 15:45:37,架子鼓
2022-10-14 15:46:35,吉他
2022-10-14 15:47:33,架子鼓
2022-10-14 15:48:31,钢琴
2022-10-14 15:49:29,小提琴
2022-10-14 15:50:27,吉他
2022-10-14 15:51:25,竖琴
2022-10-14 15:52:23,架子鼓
2022-10-14 15:53:21,小提琴
2022-10-14 15:54:19,吉他
2022-10-14 15:55:17,贝斯
2022-10-14 15:56:15,贝斯
2022-10-14 15:57:13,吉他
2022-10-14 15:58:11,小提琴
2022-10-14 15:59:09,贝斯
2022-10-14 16:00:07,贝斯
2022-10-14 16:01:05,钢琴
2022-10-14 16:02:03,贝斯
2022-10-14 16:03:01,小提琴
2022-10-14 16:03:59,小提琴
2022-10-14 16:04:57,竖琴
2022-10-14 16:05:55,吉他
2022-10-14 16:06:53,吉他
2022-10-14 16:07:51,吉他
2022-10-14 16:08:49,吉他
2022-10-14 16:09:47,钢琴
2022-10-14 16:10:45,贝斯
2022-10-14 16:11:43,圆号
2022-10-14 16:12:41,钢琴
2022-10-14 16:13:39,贝斯
2022-10-14 16:14:37,吉他
2022-10-14 16:15:35,架子鼓
2022-10-14 16:16:33,钢琴
2022-10-14 16:17:31,吉他
2022-10-14 16:18:29,贝斯
2022-10-14 16:19:27,贝斯
2022-10-14 16:20:25,贝斯
2022-10-14 16:21:23,贝斯
2022-10-14 16:22:21,钢琴
2022-10-14 16:23:19,竖琴
2022-10-14 16:24:17,架子鼓
2022-10-14 16:25:15,架子鼓
2022-10-14 16:26:13,贝斯
2022-10-14 16:27:11,贝斯
2022-10-14 16:28:09,钢琴
2022-10-14 16:29:07,吉他
2022-10-14 16:30:05,贝斯
2022-10-14 16:31:03,吉他
2022-10-14 16:32:01,贝斯
2022-10-14 16:32:59,贝斯
2022-10-14 16:33:57,圆号
2022-10-14 16:34:55,小提琴
2022-10-14 16:35:53,吉他
2022-10-14 16:36:51,钢琴
2022-10-14 16:37:49,圆号
2022-10-14 16:38:47,贝斯
2022-10-14 16:39:45,吉他
2022-10-14 16:40:43,吉他
2022-10-14 16:41:41,贝斯
2022-10-14 16:42:39,小提琴
2022-10-14 16:43:37,小提琴
2022-10-14 16:44:35,贝斯
2022-10-14 16:45:33,贝斯
2022-10-14 16:46:31,吉他
2022-10-14 16:47:29,小提琴
2022-10-14 16:48:27,钢琴
2022-10-14 16:49:25,萨克斯风
2022-10-14 16:50:23,吉他
2022-10-14 16:51:21,贝斯
2022-10-14 16:52:19,圆号
2022-10-14 16:53:17,钢琴
2022-10-14 16:54:15,钢琴
2022-10-14 16:55:13,钢琴
2022-10-14 16:56:11,小提琴
2022-10-14 16:57:09,小提琴
2022-10-14 16:58:07,小提琴
2022-10-14 16:59:05,吉他
2022-10-14 17:00:03,钢琴
2022-10-14 17:01:01,小提琴
2022-10-14 17:01:59,钢琴
2022-10-14 17:02:57,吉他
2022-10-14 17:03:55,吉他
2022-10-14 17:04:53,吉他
2022-10-14 17:05:51,小提琴
2022-10-14 17:06:49,贝斯
2022-10-14 17:07:47,钢琴
2022-10-14 17:08:45,吉他
2022-10-14 17:09:43,贝斯
2022-10-14 17:10:41,小提琴
2022-10-14 17:11:39,钢琴
2022-10-14 17:12:37,贝斯
2022-10-14 17:13:35,架子鼓
2022-10-14 17:14:33,小提琴
2022-10-14 17:15:31,贝斯
2022-10-14 17:16:29,贝斯
2022-10-14 17:17:27,吉他
2022-10-14 17:18:25,吉他
2022-10-14 17:19:23,吉他
2022-10-14 17:20:21,架子鼓
2022-10-14 17:21:19,萨克斯风
2022-10-14 17:22:17,萨克斯风
2022-10-14 17:23:15,小提琴
2022-10-14 17:24:13,小提琴
2022-10-14 17:25:11,吉他
2022-10-14 17:26:09,小提琴
2022-10-14 17:27:07,小提琴
2022-10-14 17:28:05,钢琴
2022-10-14 17:29:03,小提琴
2022-10-14 17:30:01,吉他
2022-10-14 17:30:59,吉他
2022-10-14 17:31:57,竖琴
2022-10-14 17:32:55,竖琴
2022-10-14 17:33:53,架子鼓
2022-10-14 17:34:51,架子鼓
2022-10-14 17:35:49,钢琴
2022-10-14 17:36:47,小提琴
2022-10-14 17:37:45,萨克斯风
2022-10-14 17:38:43,钢琴
2022-10-14 17:39:41,钢琴
2022-10-14 17:40:39,贝斯
2022-10-14 17:41:37,钢琴
2022-10-14 17:42:35,贝斯
2022-10-14 17:43:33,钢琴
2022-10-14 17:44:31,钢琴
2022-10-14 17:45:29,吉他
2022-10-14 17:46:27,吉他
2022-10-14 17:47:25,钢琴
2022-10-14 17:48:23,吉他
2022-10-14 17:49:21,贝斯
2022-10-14 17:50:19,架子鼓
2022-10-14 17:51:17,竖琴
2022-10-14 17:52:15,小提琴
2022-10-14 17:53:13,竖琴
2022-10-14 17:54:11,贝斯
2022-10-14 17:55:09,架子鼓
2022-10-14 17:56:07,吉他
2022-10-14 17:57:05,贝斯
2022-10-14 17:58:03,竖琴
2022-10-14 17:59:01,贝斯
2022-10-14 17:59:59,竖琴
2022-10-14 18:00:57,架子鼓
2022-10-14 18:01:55,贝斯
2022-10-14 18:02:53,竖琴
2022-10-14 18:03:51,架子鼓
2022-10-14 18:04:49,贝斯
2022-10-14 18:05:47,架子鼓
2022-10-14 18:06:45,吉他
2022-10-14 18:07:43,钢琴
2022-10-14 18:08:41,吉他
2022-10-14 18:09:39,圆号
2022-10-14 18:10:37,架子鼓
2022-10-14 18:11:35,吉他
2022-10-14 18:12:33,贝斯
2022-10-14 18:13:31,架子鼓
2022-10-14 18:14:29,小提琴
2022-10-14 18:15:27,小提琴
2022-10-14 18:16:25,钢琴
2022-10-14 18:17:23,架子鼓
2022-10-14 18:18:21,钢琴
2022-10-14 18:19:19,吉他
2022-10-14 18:20:17,圆号
2022-10-14 18:21:15,吉他
2022-10-14 18:22:13,贝斯
2022-10-14 18:23:11,小提琴
2022-10-14 18:24:09,吉他
2022-10-14 18:25:07,钢琴
2022-10-14 18:26:05,吉他
2022-10-14 18:27:03,钢琴
2022-10-14 18:28:01,钢琴
2022-10-14 18:28:59,钢琴
2022-10-14 18:29:57,钢琴
2022-10-14 18:30:55,竖琴
2022-10-14 18:31:53,钢琴
2022-10-14 18:32:51,贝斯

2022-10-14 18:34:47,贝斯

2022-10-14 19:55:59,吉他
2022-10-14 19:56:57,小提琴
2022-10-14 19:57:55,吉他
2022-10-14 19:58:53,小提琴
2022-10-14 19:59:51,贝斯
2022-10-14 20:00:49,贝斯
2022-10-14 20:01:47,钢琴
2022-10-14 20:02:45,钢琴
2022-10-14 20:03:43,圆号
2022-10-14 20:04:41,小提琴
2022-10-14 20:05:39,小提琴
2022-10-14 20:06:37,钢琴
2022-10-14 20:07:35,贝斯
2022-10-14 20:08:33,吉他
2022-10-14 20:09:31,贝斯
2022-10-14 20:10:29,贝斯
2022-10-14 20:11:27,小提琴
2022-10-14 20:12:25,贝斯
2022-10-14 20:13:23,贝斯
2022-10-14 20:14:21,小提琴
2022-10-14 20:15:19,小提琴
2022-10-14 20:16:17,吉他
2022-10-14 20:17:15,架子鼓
2022-10-14 20:18:13,圆号
2022-10-14 20:19:11,钢琴
2022-10-14 20:20:09,贝斯
2022-10-14 20:21:07,小提琴
2022-10-14 20:22:05,吉他
2022-10-14 20:23:03,吉他
2022-10-14 20:24:01,贝斯
2022-10-14 20:24:59,吉他
2022-10-14 20:25:57,钢琴
2022-10-14 20:26:55,贝斯
2022-10-14 20:27:53,钢琴
2022-10-14 20:28:51,贝斯
2022-10-14 20:29:49,贝斯
2022-10-14 20:30:47,吉他
2022-10-14 20:31:45,钢琴
2022-10-14 20:32:43,钢琴
2022-10-14 20:33:41,钢琴
2022-10-14 20:34:39,钢琴
2022-10-14 20:35:37,圆号
2022-10-14 20:36:35,小提琴
2022-10-14 20:37:33,吉他
2022-10-14 20:38:31,钢琴
2022-10-14 20:39:29,吉他
2022-10-14 20:40:27,吉他
2022-10-14 20:41:25,小提琴
2022-10-14 20:42:23,钢琴
2022-10-14 20:43:21,贝斯
2022-10-14 20:44:19,架子鼓
2022-10-14 20:45:17,架子鼓
2022-10-14 20:46:15,贝斯
2022-10-14 20:47:13,吉他
2022-10-14 20:48:11,钢琴
2022-10-14 20:49:09,小提琴
2022-10-14 20:50:07,贝斯
2022-10-14 20:51:05,竖琴
2022-10-14 20:52:03,竖琴
2022-10-14 20:53:01,钢琴
2022-10-14 20:53:59,钢琴
2022-10-14 20:54:57,贝斯
2022-10-14 20:55:55,贝斯
2022-10-14 20:56:53,圆号
2022-10-14 20:57:51,钢琴
2022-10-14 20:58:49,萨克斯风
2022-10-14 20:59:47,贝斯
2022-10-14 21:00:45,圆号
2022-10-14 21:01:43,小提琴
2022-10-14 21:02:41,小提琴
2022-10-14 21:03:39,钢琴
2022-10-14 21:04:37,吉他
2022-10-14 21:05:35,小提琴
2022-10-14 21:06:33,小提琴
2022-10-14 21:07:31,架子鼓
2022-10-14 21:08:29,架子鼓
2022-10-14 21:09:27,小提琴
2022-10-14 21:10:25,吉他
2022-10-14 21:11:23,架子鼓
2022-10-14 21:12:21,钢琴
2022-10-14 21:13:19,架子鼓
2022-10-14 21:14:17,吉他
2022-10-14 21:15:15,架子鼓
2022-10-14 21:16:13,小提琴
2022-10-14 21:17:11,吉他
2022-10-14 21:18:09,圆号
2022-10-14 21:19:07,钢琴
2022-10-14 21:20:05,小提琴
2022-10-14 21:21:03,小提琴
2022-10-14 21:22:01,小提琴
2022-10-14 21:22:59,架子鼓
2022-10-14 21:23:57,钢琴
2022-10-14 21:24:55,贝斯
2022-10-14 21:25:53,架子鼓
2022-10-14 21:26:51,贝斯
2022-10-14 21:27:49,钢琴
2022-10-14 21:28:47,竖琴
2022-10-14 21:29:45,萨克斯风
2022-10-14 21:30:43,小提琴
2022-10-14 21:31:41,钢琴
2022-10-14 21:32:39,小提琴
2022-10-14 21:33:37,圆号
2022-10-14 21:34:35,架子鼓
2022-10-14 21:35:33,钢琴
2022-10-14 21:36:31,吉他
2022-10-14 21:37:29,吉他
2022-10-14 21:38:27,小提琴
2022-10-14 21:39:25,吉他
2022-10-14 21:40:23,贝斯
2022-10-14 21:41:21,贝斯
2022-10-14 21:42:19,贝斯
2022-10-14 21:43:17,架子鼓
2022-10-14 21:44:15,小提琴
2022-10-14 21:45:13,小提琴
2022-10-14 21:46:11,小提琴
2022-10-14 21:47:09,小提琴
2022-10-14 21:48:07,钢琴
2022-10-14 21:49:05,贝斯
2022-10-14 21:50:03,贝斯
2022-10-14 21:51:01,贝斯
2022-10-14 21:51:59,贝斯
2022-10-14 21:52:57,吉他
2022-10-14 21:53:55,吉他
2022-10-14 21:54:53,贝斯
2022-10-14 21:55:51,钢琴
2022-10-14 21:56:49,竖琴
2022-10-14 21:57:47,钢琴
2022-10-14 21:58:45,贝斯
2022-10-14 21:59:43,吉他
2022-10-14 22:00:41,贝斯
2022-10-14 22:01:39,竖琴
2022-10-14 22:02:37,贝斯
2022-10-14 22:03:35,钢琴
2022-10-14 22:04:33,吉他
2022-10-14 22:05:31,架子鼓
2022-10-14 22:06:29,吉他
2022-10-14 22:07:27,吉他
2022-10-14 22:08:25,钢琴
2022-10-14 22:09:23,钢琴
2022-10-14 22:10:21,钢琴
2022-10-14 22:11:19,贝斯
2022-10-14 22:12:17,萨克斯风
2022-10-14 22:13:15,圆号
2022-10-14 22:14:13,竖琴
2022-10-14 22:15:11,吉他
2022-10-14 22:16:09,小提琴
2022-10-14 22:17:07,贝斯
2022-10-14 22:18:05,萨克斯风
2022-10-14 22:19:03,钢琴
2022-10-14 22:20:01,小提琴
2022-10-14 22:20:59,吉他
2022-10-14 22:21:57,架子鼓
2022-10-14 22:22:55,贝斯
2022-10-14 22:23:53,贝斯
2022-10-14 22:24:51,吉他
2022-10-14 22:25:49,架子鼓
2022-10-14 22:26:47,贝斯
2022-10-14 22:27:45,吉他
2022-10-14 22:28:43,吉他
2022-10-14 22:29:41,贝斯
2022-10-14 22:30:39,贝斯
2022-10-14 22:31:37,吉他
2022-10-14 22:32:35,贝斯
2022-10-14 22:33:33,贝斯
2022-10-14 22:34:31,小提琴
2022-10-14 22:35:29,吉他
2022-10-14 22:36:27,吉他
2022-10-14 22:37:25,钢琴
2022-10-14 22:38:23,小提琴
2022-10-14 22:39:21,钢琴
2022-10-14 22:40:19,竖琴
2022-10-14 22:41:17,贝斯
2022-10-14 22:42:15,钢琴
2022-10-14 22:43:13,小提琴
2022-10-14 22:44:11,架子鼓
2022-10-14 22:45:09,贝斯
2022-10-14 22:46:07,贝斯
2022-10-14 22:47:05,小提琴
2022-10-14 22:48:03,钢琴
2022-10-14 22:49:01,贝斯
2022-10-14 22:49:59,竖琴
2022-10-14 22:50:57,贝斯
2022-10-14 22:51:55,钢琴
2022-10-14 22:52:53,吉他
2022-10-14 22:53:51,贝斯
2022-10-14 22:54:49,贝斯
2022-10-14 22:55:47,架子鼓
2022-10-14 22:56:45,吉他
2022-10-14 22:57:43,钢琴
2022-10-14 22:58:41,圆号
2022-10-14 22:59:39,钢琴
2022-10-14 23:00:37,小提琴
2022-10-14 23:01:35,吉他
2022-10-14 23:02:33,竖琴
2022-10-14 23:03:31,小提琴
2022-10-14 23:04:29,钢琴
2022-10-14 23:05:27,竖琴
2022-10-14 23:06:25,小提琴
2022-10-14 23:07:23,吉他
2022-10-14 23:08:21,钢琴
2022-10-14 23:09:19,小提琴
2022-10-14 23:10:17,小提琴
2022-10-14 23:11:15,小提琴
2022-10-14 23:12:13,萨克斯风
